# Blender v2.92.0 OBJ File: 'VDB Render set 1.blend'
# www.blender.org
mtllib Render set .mtl
o Plane_Plane.001
v -134.627670 0.000000 134.627670
v 134.627670 0.000000 134.627670
v -134.627670 0.000000 -134.627670
v 134.627670 0.000000 -134.627670
vt 0.000000 0.000000
vt 1.000000 0.000000
vt 1.000000 1.000000
vt 0.000000 1.000000
vn 0.0000 1.0000 0.0000
usemtl Material.001
s off
f 1/1/1 2/2/1 4/3/1 3/4/1
o SurfPatch
v -198.560638 122.612038 164.989655
v -196.068604 99.651245 164.989639
v -191.932602 79.720161 164.989624
v -186.301880 62.603596 164.989639
v -179.325653 48.086464 164.989624
v -171.153152 35.953590 164.989639
v -161.933578 25.989864 164.989655
v -151.816177 17.980137 164.989624
v -140.950180 11.709273 164.989655
v -129.484802 6.962147 164.989655
v -117.569260 3.523617 164.989639
v -105.352798 1.178550 164.989639
v -92.984634 -0.288191 164.989655
v -80.613998 -1.091740 164.989655
v -68.390114 -1.447232 164.989639
v -56.462204 -1.569803 164.989655
v -198.560623 122.636322 157.968781
v -196.068604 99.676453 157.968750
v -191.932617 79.746147 157.968765
v -186.301880 62.630238 157.968750
v -179.325653 48.113628 157.968781
v -171.153152 35.981144 157.968750
v -161.933578 26.017668 157.968750
v -151.816177 18.008074 157.968750
v -140.950180 11.737211 157.968765
v -129.484787 6.989955 157.968750
v -117.569260 3.551167 157.968781
v -105.352798 1.205710 157.968750
v -92.984634 -0.261549 157.968750
v -80.614006 -1.065746 157.968750
v -68.390121 -1.422016 157.968765
v -56.462219 -1.545494 157.968765
v -198.560623 122.659569 150.947876
v -196.068604 99.700584 150.947891
v -191.932617 79.771004 150.947906
v -186.301880 62.655712 150.947861
v -179.325653 48.139603 150.947876
v -171.153137 36.007496 150.947876
v -161.933578 26.044268 150.947906
v -151.816177 18.034794 150.947891
v -140.950180 11.763937 150.947876
v -129.484802 7.016554 150.947906
v -117.569260 3.577518 150.947876
v -105.352798 1.231689 150.947876
v -92.984650 -0.236066 150.947876
v -80.614014 -1.040883 150.947891
v -68.390137 -1.397897 150.947876
v -56.462219 -1.522243 150.947876
v -198.560638 122.681763 143.927017
v -196.068604 99.723610 143.927017
v -191.932617 79.794746 143.927002
v -186.301880 62.680050 143.927002
v -179.325653 48.164398 143.927002
v -171.153152 36.032646 143.927032
v -161.933578 26.069662 143.927002
v -151.816177 18.060303 143.927017
v -140.950165 11.789446 143.927002
v -129.484802 7.041946 143.927032
v -117.569260 3.602672 143.927032
v -105.352798 1.256488 143.927002
v -92.984634 -0.211740 143.927017
v -80.614014 -1.017149 143.927002
v -68.390121 -1.374874 143.927032
v -56.462204 -1.500048 143.927017
v -198.560638 122.702927 136.906158
v -196.068604 99.745529 136.906158
v -191.932617 79.817329 136.906143
v -186.301880 62.703213 136.906143
v -179.325668 48.188019 136.906158
v -171.153152 36.056610 136.906143
v -161.933578 26.093845 136.906158
v -151.816177 18.084602 136.906128
v -140.950180 11.813743 136.906143
v -129.484787 7.066127 136.906143
v -117.569260 3.626629 136.906158
v -105.352798 1.280106 136.906128
v -92.984634 -0.188574 136.906143
v -80.613998 -0.994546 136.906143
v -68.390121 -1.352947 136.906143
v -56.462204 -1.478911 136.906158
v -198.560623 122.723000 129.885269
v -196.068604 99.766357 129.885269
v -191.932617 79.838821 129.885269
v -186.301880 62.725216 129.885254
v -179.325653 48.210453 129.885254
v -171.153152 36.079361 129.885269
v -161.933578 26.116817 129.885254
v -151.816177 18.107677 129.885269
v -140.950180 11.836818 129.885269
v -129.484802 7.089099 129.885269
v -117.569260 3.649385 129.885284
v -105.352798 1.302543 129.885254
v -92.984650 -0.166565 129.885269
v -80.614006 -0.973073 129.885254
v -68.390121 -1.332116 129.885254
v -56.462219 -1.458830 129.885254
v -198.560638 122.742012 122.864395
v -196.068588 99.786110 122.864395
v -191.932602 79.859154 122.864410
v -186.301880 62.746067 122.864395
v -179.325653 48.231716 122.864388
v -171.153152 36.100922 122.864395
v -161.933578 26.138577 122.864395
v -151.816177 18.129541 122.864372
v -140.950180 11.858685 122.864395
v -129.484802 7.110863 122.864395
v -117.569260 3.670946 122.864388
v -105.352798 1.323799 122.864388
v -92.984642 -0.145715 122.864395
v -80.614006 -0.952730 122.864395
v -68.390121 -1.312382 122.864395
v -56.462219 -1.439806 122.864388
v -198.560638 122.759987 115.843521
v -196.068604 99.804726 115.843521
v -191.932617 79.878395 115.843529
v -186.301880 62.765766 115.843521
v -179.325653 48.251789 115.843529
v -171.153152 36.121284 115.843536
v -161.933578 26.159134 115.843513
v -151.816177 18.150194 115.843529
v -140.950165 11.879335 115.843521
v -129.484802 7.131417 115.843521
v -117.569260 3.691309 115.843529
v -105.352798 1.343875 115.843498
v -92.984634 -0.126023 115.843521
v -80.613998 -0.933518 115.843536
v -68.390129 -1.293744 115.843521
v -56.462219 -1.421839 115.843529
v -198.560623 122.776901 108.822647
v -196.068588 99.822281 108.822639
v -191.932617 79.896454 108.822647
v -186.301880 62.784298 108.822624
v -179.325668 48.270683 108.822662
v -171.153152 36.140450 108.822662
v -161.933594 26.178478 108.822655
v -151.816177 18.169628 108.822624
v -140.950180 11.898770 108.822639
v -129.484802 7.150762 108.822639
v -117.569260 3.710473 108.822647
v -105.352798 1.362768 108.822639
v -92.984634 -0.107490 108.822647
v -80.614014 -0.915435 108.822647
v -68.390121 -1.276203 108.822639
v -56.462219 -1.404929 108.822639
v -198.560623 122.792763 101.801773
v -196.068604 99.838730 101.801758
v -191.932602 79.913406 101.801750
v -186.301895 62.801678 101.801750
v -179.325653 48.288395 101.801773
v -171.153152 36.158421 101.801773
v -161.933578 26.196613 101.801758
v -151.816177 18.187851 101.801743
v -140.950180 11.916990 101.801773
v -129.484802 7.168898 101.801773
v -117.569260 3.728441 101.801773
v -105.352806 1.380482 101.801758
v -92.984634 -0.090115 101.801773
v -80.614014 -0.898483 101.801773
v -68.390121 -1.259758 101.801773
v -56.462204 -1.389076 101.801758
v -198.560638 122.807541 94.780907
v -196.068604 99.854080 94.780914
v -191.932602 79.929245 94.780930
v -186.301880 62.817898 94.780899
v -179.325653 48.304932 94.780930
v -171.153152 36.175190 94.780914
v -161.933578 26.213541 94.780907
v -151.816177 18.204857 94.780907
v -140.950165 11.933998 94.780907
v -129.484802 7.185827 94.780907
v -117.569260 3.745209 94.780914
v -105.352798 1.397014 94.780899
v -92.984634 -0.073898 94.780914
v -80.613998 -0.882661 94.780907
v -68.390121 -1.244409 94.780907
v -56.462204 -1.374279 94.780907
v -198.560623 122.821281 87.760025
v -196.068604 99.868317 87.760033
v -191.932617 79.943916 87.760033
v -186.301895 62.832951 87.760010
v -179.325653 48.320278 87.760025
v -171.153137 36.190762 87.760033
v -161.933578 26.229258 87.760033
v -151.816177 18.220650 87.760002
v -140.950165 11.949786 87.760025
v -129.484787 7.201543 87.760025
v -117.569260 3.760781 87.760025
v -105.352798 1.412365 87.760025
v -92.984634 -0.058840 87.760025
v -80.614006 -0.867968 87.760025
v -68.390129 -1.230157 87.760025
v -56.462204 -1.360540 87.760025
v -198.560623 122.833961 80.739151
v -196.068588 99.881462 80.739143
v -191.932617 79.957497 80.739143
v -186.301895 62.846844 80.739143
v -179.325653 48.334446 80.739151
v -171.153137 36.205135 80.739143
v -161.933578 26.243767 80.739151
v -151.816177 18.235222 80.739151
v -140.950165 11.964364 80.739143
v -129.484802 7.216052 80.739143
v -117.569260 3.775155 80.739136
v -105.352798 1.426536 80.739151
v -92.984642 -0.044940 80.739136
v -80.614014 -0.854407 80.739143
v -68.390137 -1.217001 80.739136
v -56.462227 -1.347857 80.739143
v -198.560623 122.845596 73.718277
v -196.068604 99.893539 73.718269
v -191.932617 79.969910 73.718277
v -186.301880 62.859585 73.718269
v -179.325653 48.347443 73.718262
v -171.153152 36.218311 73.718262
v -161.933578 26.257067 73.718277
v -151.816193 18.248590 73.718262
v -140.950180 11.977726 73.718269
v -129.484787 7.229352 73.718269
v -117.569260 3.788332 73.718277
v -105.352798 1.439526 73.718292
v -92.984634 -0.032197 73.718277
v -80.614006 -0.841975 73.718277
v -68.390121 -1.204941 73.718277
v -56.462204 -1.336232 73.718277
v -198.560623 122.856163 66.697388
v -196.068604 99.904503 66.697403
v -191.932617 79.981209 66.697395
v -186.301895 62.871174 66.697411
v -179.325653 48.359245 66.697403
v -171.153152 36.230289 66.697403
v -161.933578 26.269156 66.697403
v -151.816177 18.260731 66.697395
v -140.950180 11.989873 66.697395
v -129.484802 7.241443 66.697395
v -117.569260 3.800310 66.697403
v -105.352798 1.451334 66.697388
v -92.984634 -0.020614 66.697388
v -80.614006 -0.830673 66.697403
v -68.390114 -1.193978 66.697388
v -56.462204 -1.325663 66.697403
v -198.560623 122.865662 59.676533
v -196.068588 99.914368 59.676525
v -191.932602 79.991386 59.676537
v -186.301880 62.881603 59.676517
v -179.325653 48.369881 59.676521
v -171.153137 36.241062 59.676533
v -161.933578 26.280039 59.676533
v -151.816177 18.271666 59.676521
v -140.950180 12.000805 59.676533
v -129.484802 7.252323 59.676537
v -117.569267 3.811089 59.676533
v -105.352806 1.461963 59.676525
v -92.984634 -0.010189 59.676525
v -80.614014 -0.820502 59.676525
v -68.390129 -1.184111 59.676537
v -56.462219 -1.316151 59.676533
v -198.560638 122.874138 52.655636
v -196.068588 99.923157 52.655647
v -191.932617 80.000427 52.655651
v -186.301895 62.890865 52.655647
v -179.325653 48.379318 52.655651
v -171.153152 36.250652 52.655651
v -161.933578 26.289711 52.655651
v -151.816177 18.281382 52.655647
v -140.950165 12.010524 52.655647
v -129.484802 7.261997 52.655643
v -117.569267 3.820671 52.655647
v -105.352798 1.471409 52.655636
v -92.984634 -0.000923 52.655643
v -80.614014 -0.811461 52.655647
v -68.390121 -1.175340 52.655651
v -56.462219 -1.307696 52.655643
v -198.560638 122.881538 45.634773
v -196.068588 99.930817 45.634777
v -191.932617 80.008347 45.634781
v -186.301880 62.898968 45.634769
v -179.325653 48.387585 45.634773
v -171.153152 36.259029 45.634773
v -161.933578 26.298172 45.634769
v -151.816177 18.289885 45.634781
v -140.950165 12.019027 45.634769
v -129.484787 7.270460 45.634777
v -117.569260 3.829055 45.634781
v -105.352798 1.479676 45.634773
v -92.984634 0.007186 45.634789
v -80.614014 -0.803550 45.634773
v -68.390121 -1.167666 45.634789
v -56.462204 -1.300298 45.634773
v -198.560638 122.887886 38.613899
v -196.068604 99.937401 38.613907
v -191.932617 80.015114 38.613903
v -186.301880 62.905933 38.613907
v -179.325653 48.394676 38.613903
v -171.153152 36.266216 38.613895
v -161.933578 26.305428 38.613899
v -151.816177 18.297174 38.613899
v -140.950165 12.026314 38.613899
v -129.484802 7.277714 38.613907
v -117.569260 3.836242 38.613903
v -105.352806 1.486761 38.613899
v -92.984634 0.014136 38.613903
v -80.614006 -0.796769 38.613899
v -68.390121 -1.161088 38.613899
v -56.462204 -1.293957 38.613903
v -198.560638 122.893166 31.593029
v -196.068604 99.942871 31.593039
v -191.932617 80.020767 31.593037
v -186.301895 62.911724 31.593025
v -179.325653 48.400578 31.593029
v -171.153152 36.272217 31.593031
v -161.933578 26.311480 31.593039
v -151.816177 18.303247 31.593037
v -140.950165 12.032388 31.593035
v -129.484787 7.283761 31.593044
v -117.569260 3.842232 31.593035
v -105.352798 1.492665 31.593031
v -92.984634 0.019928 31.593037
v -80.613998 -0.791118 31.593031
v -68.390121 -1.155607 31.593027
v -56.462204 -1.288673 31.593035
v -198.560638 122.897392 24.572145
v -196.068588 99.947258 24.572136
v -191.932617 80.025299 24.572144
v -186.301880 62.916348 24.572145
v -179.325653 48.405308 24.572145
v -171.153152 36.276997 24.572136
v -161.933578 26.316309 24.572140
v -151.816177 18.308105 24.572138
v -140.950180 12.037245 24.572140
v -129.484802 7.288596 24.572138
v -117.569267 3.847023 24.572145
v -105.352798 1.497388 24.572145
v -92.984634 0.024560 24.572145
v -80.614006 -0.786598 24.572140
v -68.390137 -1.151221 24.572144
v -56.462204 -1.284445 24.572145
v -198.560623 122.900551 17.551289
v -196.068604 99.950546 17.551283
v -191.932617 80.028671 17.551283
v -186.301880 62.919819 17.551277
v -179.325653 48.408848 17.551285
v -171.153152 36.280594 17.551283
v -161.933578 26.319935 17.551283
v -151.816193 18.311747 17.551275
v -140.950180 12.040890 17.551279
v -129.484802 7.292223 17.551285
v -117.569260 3.850616 17.551285
v -105.352798 1.500931 17.551283
v -92.984634 0.028036 17.551285
v -80.614006 -0.783208 17.551283
v -68.390121 -1.147932 17.551285
v -56.462204 -1.281275 17.551287
v -198.560623 122.902664 10.530416
v -196.068604 99.952744 10.530417
v -191.932602 80.030945 10.530413
v -186.301895 62.922131 10.530413
v -179.325653 48.411201 10.530412
v -171.153152 36.282986 10.530413
v -161.933578 26.322353 10.530413
v -151.816177 18.314178 10.530416
v -140.950165 12.043321 10.530416
v -129.484787 7.294640 10.530412
v -117.569260 3.853011 10.530407
v -105.352798 1.503293 10.530410
v -92.984634 0.030352 10.530416
v -80.613998 -0.780947 10.530413
v -68.390121 -1.145740 10.530421
v -56.462219 -1.279161 10.530420
v -198.560623 122.903725 3.509536
v -196.068604 99.953842 3.509540
v -191.932617 80.032066 3.509541
v -186.301880 62.923298 3.509539
v -179.325653 48.412392 3.509536
v -171.153152 36.284184 3.509538
v -161.933578 26.323563 3.509541
v -151.816177 18.315393 3.509543
v -140.950180 12.044533 3.509538
v -129.484802 7.295850 3.509538
v -117.569260 3.854208 3.509541
v -105.352798 1.504474 3.509538
v -92.984634 0.031510 3.509545
v -80.614014 -0.779817 3.509537
v -68.390121 -1.144644 3.509539
v -56.462204 -1.278104 3.509534
v -198.560638 122.903732 -3.511343
v -196.068588 99.953827 -3.511341
v -191.932617 80.032074 -3.511344
v -186.301880 62.923298 -3.511344
v -179.325653 48.412392 -3.511343
v -171.153152 36.284187 -3.511340
v -161.933563 26.323565 -3.511348
v -151.816193 18.315390 -3.511339
v -140.950165 12.044532 -3.511342
v -129.484802 7.295848 -3.511344
v -117.569260 3.854208 -3.511343
v -105.352798 1.504473 -3.511344
v -92.984634 0.031510 -3.511344
v -80.614006 -0.779817 -3.511347
v -68.390129 -1.144644 -3.511337
v -56.462204 -1.278104 -3.511347
v -198.560623 122.902657 -10.532224
v -196.068604 99.952728 -10.532221
v -191.932602 80.030937 -10.532222
v -186.301880 62.922131 -10.532217
v -179.325653 48.411201 -10.532213
v -171.153152 36.282982 -10.532224
v -161.933578 26.322355 -10.532224
v -151.816177 18.314177 -10.532222
v -140.950180 12.043320 -10.532221
v -129.484802 7.294640 -10.532221
v -117.569260 3.853010 -10.532220
v -105.352798 1.503292 -10.532220
v -92.984634 0.030351 -10.532224
v -80.614006 -0.780948 -10.532224
v -68.390121 -1.145740 -10.532225
v -56.462204 -1.279161 -10.532219
v -198.560638 122.900566 -17.553104
v -196.068604 99.950554 -17.553095
v -191.932617 80.028671 -17.553101
v -186.301880 62.919819 -17.553104
v -179.325653 48.408840 -17.553102
v -171.153152 36.280598 -17.553101
v -161.933578 26.319939 -17.553101
v -151.816177 18.311749 -17.553101
v -140.950165 12.040891 -17.553097
v -129.484787 7.292222 -17.553101
v -117.569260 3.850615 -17.553104
v -105.352798 1.500930 -17.553097
v -92.984634 0.028035 -17.553101
v -80.614006 -0.783208 -17.553102
v -68.390121 -1.147933 -17.553101
v -56.462219 -1.281275 -17.553101
v -198.560638 122.897392 -24.573969
v -196.068604 99.947258 -24.573961
v -191.932617 80.025291 -24.573967
v -186.301880 62.916348 -24.573961
v -179.325653 48.405304 -24.573965
v -171.153152 36.276997 -24.573965
v -161.933578 26.316313 -24.573965
v -151.816177 18.308105 -24.573965
v -140.950165 12.037244 -24.573965
v -129.484787 7.288595 -24.573967
v -117.569260 3.847020 -24.573967
v -105.352798 1.497387 -24.573959
v -92.984634 0.024559 -24.573959
v -80.614006 -0.786599 -24.573965
v -68.390114 -1.151222 -24.573959
v -56.462219 -1.284446 -24.573965
v -198.560638 122.893158 -31.594849
v -196.068588 99.942871 -31.594854
v -191.932617 80.020767 -31.594854
v -186.301895 62.911716 -31.594854
v -179.325653 48.400578 -31.594854
v -171.153152 36.272213 -31.594858
v -161.933578 26.311474 -31.594851
v -151.816177 18.303244 -31.594851
v -140.950165 12.032386 -31.594849
v -129.484787 7.283759 -31.594856
v -117.569260 3.842230 -31.594851
v -105.352798 1.492664 -31.594847
v -92.984634 0.019926 -31.594849
v -80.613998 -0.791120 -31.594851
v -68.390121 -1.155608 -31.594856
v -56.462219 -1.288674 -31.594849
v -198.560638 122.887856 -38.615707
v -196.068604 99.937386 -38.615707
v -191.932617 80.015114 -38.615704
v -186.301880 62.905926 -38.615707
v -179.325653 48.394676 -38.615707
v -171.153152 36.266212 -38.615711
v -161.933578 26.305426 -38.615711
v -151.816177 18.297171 -38.615711
v -140.950180 12.026311 -38.615707
v -129.484802 7.277712 -38.615715
v -117.569267 3.836240 -38.615707
v -105.352798 1.486759 -38.615711
v -92.984634 0.014134 -38.615707
v -80.614014 -0.796771 -38.615707
v -68.390121 -1.161090 -38.615707
v -56.462219 -1.293958 -38.615707
v -198.560638 122.881531 -45.636593
v -196.068588 99.930817 -45.636597
v -191.932617 80.008339 -45.636600
v -186.301895 62.898975 -45.636585
v -179.325668 48.387585 -45.636597
v -171.153137 36.259029 -45.636597
v -161.933594 26.298174 -45.636600
v -151.816177 18.289885 -45.636585
v -140.950180 12.019024 -45.636593
v -129.484802 7.270459 -45.636597
v -117.569260 3.829054 -45.636597
v -105.352798 1.479674 -45.636597
v -92.984634 0.007184 -45.636597
v -80.614006 -0.803552 -45.636597
v -68.390121 -1.167668 -45.636597
v -56.462204 -1.300300 -45.636593
v -198.560638 122.874115 -52.657463
v -196.068604 99.923141 -52.657463
v -191.932617 80.000435 -52.657471
v -186.301895 62.890865 -52.657471
v -179.325668 48.379318 -52.657467
v -171.153152 36.250652 -52.657455
v -161.933578 26.289709 -52.657467
v -151.816177 18.281380 -52.657463
v -140.950180 12.010519 -52.657455
v -129.484787 7.261994 -52.657467
v -117.569260 3.820668 -52.657463
v -105.352798 1.471408 -52.657463
v -92.984634 -0.000925 -52.657467
v -80.614006 -0.811463 -52.657455
v -68.390121 -1.175342 -52.657463
v -56.462204 -1.307698 -52.657463
v -198.560623 122.865669 -59.678337
v -196.068604 99.914368 -59.678341
v -191.932617 79.991402 -59.678345
v -186.301880 62.881596 -59.678337
v -179.325653 48.369873 -59.678337
v -171.153152 36.241058 -59.678341
v -161.933578 26.280035 -59.678345
v -151.816177 18.271664 -59.678337
v -140.950180 12.000804 -59.678341
v -129.484802 7.252322 -59.678337
v -117.569267 3.811086 -59.678345
v -105.352798 1.461960 -59.678337
v -92.984642 -0.010192 -59.678341
v -80.614006 -0.820505 -59.678341
v -68.390114 -1.184113 -59.678337
v -56.462219 -1.316154 -59.678345
v -198.560638 122.856155 -66.699203
v -196.068604 99.904488 -66.699203
v -191.932602 79.981201 -66.699203
v -186.301880 62.871166 -66.699211
v -179.325653 48.359241 -66.699203
v -171.153137 36.230278 -66.699203
v -161.933578 26.269150 -66.699203
v -151.816177 18.260729 -66.699203
v -140.950180 11.989870 -66.699203
v -129.484802 7.241439 -66.699203
v -117.569267 3.800306 -66.699211
v -105.352806 1.451331 -66.699196
v -92.984634 -0.020617 -66.699203
v -80.614014 -0.830676 -66.699203
v -68.390129 -1.193981 -66.699203
v -56.462219 -1.325666 -66.699211
v -198.560638 122.845589 -73.720085
v -196.068604 99.893524 -73.720093
v -191.932617 79.969910 -73.720085
v -186.301880 62.859577 -73.720093
v -179.325653 48.347431 -73.720085
v -171.153152 36.218307 -73.720093
v -161.933578 26.257067 -73.720093
v -151.816193 18.248579 -73.720085
v -140.950180 11.977721 -73.720085
v -129.484802 7.229349 -73.720100
v -117.569260 3.788328 -73.720093
v -105.352798 1.439523 -73.720085
v -92.984634 -0.032201 -73.720085
v -80.614014 -0.841978 -73.720085
v -68.390129 -1.204944 -73.720085
v -56.462219 -1.336235 -73.720093
v -198.560623 122.833961 -80.740967
v -196.068588 99.881462 -80.740967
v -191.932617 79.957489 -80.740967
v -186.301880 62.846844 -80.740959
v -179.325653 48.334442 -80.740959
v -171.153137 36.205124 -80.740967
v -161.933578 26.243761 -80.740967
v -151.816177 18.235222 -80.740959
v -140.950180 11.964358 -80.740967
v -129.484802 7.216049 -80.740959
v -117.569267 3.775151 -80.740967
v -105.352806 1.426532 -80.740959
v -92.984634 -0.044943 -80.740967
v -80.614006 -0.854410 -80.740967
v -68.390121 -1.217004 -80.740967
v -56.462204 -1.347861 -80.740959
v -198.560638 122.821274 -87.761841
v -196.068588 99.868317 -87.761841
v -191.932617 79.943916 -87.761841
v -186.301880 62.832943 -87.761833
v -179.325653 48.320278 -87.761833
v -171.153152 36.190754 -87.761841
v -161.933578 26.229254 -87.761841
v -151.816177 18.220644 -87.761841
v -140.950180 11.949783 -87.761841
v -129.484802 7.201540 -87.761841
v -117.569260 3.760778 -87.761841
v -105.352798 1.412362 -87.761833
v -92.984634 -0.058843 -87.761833
v -80.614006 -0.867972 -87.761833
v -68.390121 -1.230160 -87.761841
v -56.462204 -1.360543 -87.761841
v -198.560638 122.807541 -94.782707
v -196.068604 99.854073 -94.782707
v -191.932602 79.929214 -94.782715
v -186.301880 62.817883 -94.782700
v -179.325653 48.304920 -94.782715
v -171.153152 36.175182 -94.782707
v -161.933578 26.213537 -94.782707
v -151.816177 18.204853 -94.782707
v -140.950165 11.933990 -94.782715
v -129.484802 7.185820 -94.782715
v -117.569260 3.745206 -94.782700
v -105.352798 1.397010 -94.782715
v -92.984634 -0.073902 -94.782715
v -80.614014 -0.882665 -94.782707
v -68.390129 -1.244413 -94.782715
v -56.462227 -1.374283 -94.782715
v -198.560638 122.792747 -101.803581
v -196.068604 99.838715 -101.803574
v -191.932617 79.913399 -101.803589
v -186.301880 62.801670 -101.803558
v -179.325653 48.288395 -101.803574
v -171.153152 36.158417 -101.803581
v -161.933578 26.196609 -101.803581
v -151.816177 18.187847 -101.803558
v -140.950180 11.916984 -101.803581
v -129.484802 7.168894 -101.803581
v -117.569267 3.728436 -101.803581
v -105.352798 1.380477 -101.803574
v -92.984634 -0.090119 -101.803581
v -80.614014 -0.898487 -101.803558
v -68.390121 -1.259762 -101.803581
v -56.462204 -1.389080 -101.803574
v -198.560623 122.776894 -108.824463
v -196.068604 99.822273 -108.824455
v -191.932617 79.896454 -108.824463
v -186.301880 62.784290 -108.824448
v -179.325668 48.270679 -108.824478
v -171.153152 36.140450 -108.824478
v -161.933578 26.178474 -108.824463
v -151.816177 18.169628 -108.824455
v -140.950165 11.898765 -108.824463
v -129.484787 7.150757 -108.824455
v -117.569260 3.710469 -108.824455
v -105.352806 1.362764 -108.824448
v -92.984634 -0.107494 -108.824463
v -80.614014 -0.915440 -108.824455
v -68.390121 -1.276207 -108.824463
v -56.462219 -1.404933 -108.824455
v -198.560623 122.759987 -115.845337
v -196.068604 99.804718 -115.845322
v -191.932617 79.878380 -115.845337
v -186.301880 62.765759 -115.845329
v -179.325653 48.251781 -115.845337
v -171.153152 36.121284 -115.845329
v -161.933594 26.159126 -115.845329
v -151.816177 18.150187 -115.845329
v -140.950180 11.879329 -115.845322
v -129.484802 7.131413 -115.845329
v -117.569267 3.691305 -115.845329
v -105.352798 1.343869 -115.845337
v -92.984642 -0.126028 -115.845329
v -80.614014 -0.933522 -115.845329
v -68.390121 -1.293749 -115.845337
v -56.462219 -1.421844 -115.845352
v -198.560623 122.742012 -122.866203
v -196.068588 99.786095 -122.866211
v -191.932617 79.859161 -122.866203
v -186.301895 62.746067 -122.866211
v -179.325653 48.231709 -122.866211
v -171.153152 36.100922 -122.866203
v -161.933594 26.138575 -122.866203
v -151.816193 18.129538 -122.866196
v -140.950165 11.858680 -122.866203
v -129.484802 7.110857 -122.866211
v -117.569260 3.670941 -122.866203
v -105.352814 1.323794 -122.866203
v -92.984634 -0.145720 -122.866211
v -80.614014 -0.952735 -122.866203
v -68.390121 -1.312387 -122.866203
v -56.462219 -1.439811 -122.866211
v -198.560623 122.722992 -129.887085
v -196.068604 99.766365 -129.887085
v -191.932617 79.838814 -129.887085
v -186.301880 62.725224 -129.887085
v -179.325653 48.210449 -129.887070
v -171.153152 36.079369 -129.887085
v -161.933578 26.116806 -129.887100
v -151.816177 18.107672 -129.887085
v -140.950180 11.836813 -129.887085
v -129.484802 7.089093 -129.887100
v -117.569260 3.649380 -129.887085
v -105.352798 1.302537 -129.887054
v -92.984634 -0.166571 -129.887070
v -80.614014 -0.973079 -129.887085
v -68.390121 -1.332121 -129.887085
v -56.462219 -1.458835 -129.887070
v -198.560623 122.702904 -136.907959
v -196.068588 99.745522 -136.907959
v -191.932617 79.817345 -136.907959
v -186.301880 62.703205 -136.907959
v -179.325653 48.188011 -136.907959
v -171.153152 36.056599 -136.907959
v -161.933578 26.093834 -136.907959
v -151.816177 18.084595 -136.907928
v -140.950180 11.813732 -136.907944
v -129.484787 7.066121 -136.907959
v -117.569260 3.626622 -136.907959
v -105.352806 1.280100 -136.907959
v -92.984634 -0.188579 -136.907959
v -80.613998 -0.994552 -136.907959
v -68.390121 -1.352952 -136.907959
v -56.462219 -1.478916 -136.907959
v -198.560623 122.681763 -143.928833
v -196.068604 99.723602 -143.928818
v -191.932602 79.794731 -143.928818
v -186.301895 62.680042 -143.928833
v -179.325653 48.164394 -143.928818
v -171.153137 36.032642 -143.928818
v -161.933578 26.069656 -143.928833
v -151.816177 18.060297 -143.928818
v -140.950180 11.789439 -143.928818
v -129.484802 7.041940 -143.928833
v -117.569267 3.602665 -143.928833
v -105.352798 1.256482 -143.928818
v -92.984634 -0.211747 -143.928833
v -80.614006 -1.017155 -143.928818
v -68.390121 -1.374879 -143.928833
v -56.462227 -1.500054 -143.928833
v -198.560623 122.659576 -150.949692
v -196.068588 99.700577 -150.949707
v -191.932617 79.770988 -150.949707
v -186.301880 62.655704 -150.949677
v -179.325668 48.139595 -150.949692
v -171.153137 36.007492 -150.949677
v -161.933578 26.044260 -150.949707
v -151.816193 18.034792 -150.949692
v -140.950180 11.763929 -150.949692
v -129.484802 7.016548 -150.949707
v -117.569267 3.577512 -150.949707
v -105.352798 1.231683 -150.949677
v -92.984642 -0.236072 -150.949707
v -80.614006 -1.040889 -150.949692
v -68.390121 -1.397903 -150.949677
v -56.462219 -1.522249 -150.949692
v -198.560638 122.636322 -157.970581
v -196.068604 99.676453 -157.970581
v -191.932617 79.746140 -157.970581
v -186.301895 62.630230 -157.970581
v -179.325653 48.113613 -157.970596
v -171.153152 35.981140 -157.970566
v -161.933563 26.017664 -157.970581
v -151.816177 18.008066 -157.970566
v -140.950180 11.737206 -157.970581
v -129.484802 6.989948 -157.970581
v -117.569260 3.551160 -157.970566
v -105.352798 1.205703 -157.970566
v -92.984634 -0.261556 -157.970566
v -80.614006 -1.065753 -157.970566
v -68.390129 -1.422022 -157.970581
v -56.462204 -1.545500 -157.970581
v -198.560638 122.612015 -164.991364
v -196.068604 99.651230 -164.991364
v -191.932602 79.720154 -164.991364
v -186.301880 62.603596 -164.991364
v -179.325653 48.086464 -164.991364
v -171.153152 35.953590 -164.991394
v -161.933578 25.989857 -164.991364
v -151.816177 17.980129 -164.991394
v -140.950165 11.709268 -164.991364
v -129.484802 6.962141 -164.991394
v -117.569260 3.523610 -164.991364
v -105.352798 1.178543 -164.991364
v -92.984634 -0.288198 -164.991394
v -80.614014 -1.091747 -164.991364
v -68.390121 -1.447238 -164.991364
v -56.462204 -1.569809 -164.991364
vt 0.000000 0.066667
vt 0.021277 0.066667
vt 0.021277 0.000000
vt 0.000000 0.000000
vt 0.000000 0.133333
vt 0.021277 0.133333
vt 0.000000 0.200000
vt 0.021277 0.200000
vt 0.000000 0.266667
vt 0.021277 0.266667
vt 0.000000 0.333333
vt 0.021277 0.333333
vt 0.000000 0.400000
vt 0.021277 0.400000
vt 0.000000 0.466667
vt 0.021277 0.466667
vt 0.000000 0.533333
vt 0.021277 0.533333
vt 0.000000 0.600000
vt 0.021277 0.600000
vt 0.000000 0.666667
vt 0.021277 0.666667
vt 0.000000 0.733333
vt 0.021277 0.733333
vt 0.000000 0.800000
vt 0.021277 0.800000
vt 0.000000 0.866667
vt 0.021277 0.866667
vt 0.000000 0.933333
vt 0.021277 0.933333
vt 0.000000 1.000000
vt 0.021277 1.000000
vt 0.042553 0.066667
vt 0.042553 0.000000
vt 0.042553 0.133333
vt 0.042553 0.200000
vt 0.042553 0.266667
vt 0.042553 0.333333
vt 0.042553 0.400000
vt 0.042553 0.466667
vt 0.042553 0.533333
vt 0.042553 0.600000
vt 0.042553 0.666667
vt 0.042553 0.733333
vt 0.042553 0.800000
vt 0.042553 0.866667
vt 0.042553 0.933333
vt 0.042553 1.000000
vt 0.063830 0.066667
vt 0.063830 0.000000
vt 0.063830 0.133333
vt 0.063830 0.200000
vt 0.063830 0.266667
vt 0.063830 0.333333
vt 0.063830 0.400000
vt 0.063830 0.466667
vt 0.063830 0.533333
vt 0.063830 0.600000
vt 0.063830 0.666667
vt 0.063830 0.733333
vt 0.063830 0.800000
vt 0.063830 0.866667
vt 0.063830 0.933333
vt 0.063830 1.000000
vt 0.085106 0.066667
vt 0.085106 0.000000
vt 0.085106 0.133333
vt 0.085106 0.200000
vt 0.085106 0.266667
vt 0.085106 0.333333
vt 0.085106 0.400000
vt 0.085106 0.466667
vt 0.085106 0.533333
vt 0.085106 0.600000
vt 0.085106 0.666667
vt 0.085106 0.733333
vt 0.085106 0.800000
vt 0.085106 0.866667
vt 0.085106 0.933333
vt 0.085106 1.000000
vt 0.106383 0.066667
vt 0.106383 0.000000
vt 0.106383 0.133333
vt 0.106383 0.200000
vt 0.106383 0.266667
vt 0.106383 0.333333
vt 0.106383 0.400000
vt 0.106383 0.466667
vt 0.106383 0.533333
vt 0.106383 0.600000
vt 0.106383 0.666667
vt 0.106383 0.733333
vt 0.106383 0.800000
vt 0.106383 0.866667
vt 0.106383 0.933333
vt 0.106383 1.000000
vt 0.127660 0.066667
vt 0.127660 0.000000
vt 0.127660 0.133333
vt 0.127660 0.200000
vt 0.127660 0.266667
vt 0.127660 0.333333
vt 0.127660 0.400000
vt 0.127660 0.466667
vt 0.127660 0.533333
vt 0.127660 0.600000
vt 0.127660 0.666667
vt 0.127660 0.733333
vt 0.127660 0.800000
vt 0.127660 0.866667
vt 0.127660 0.933333
vt 0.127660 1.000000
vt 0.148936 0.066667
vt 0.148936 0.000000
vt 0.148936 0.133333
vt 0.148936 0.200000
vt 0.148936 0.266667
vt 0.148936 0.333333
vt 0.148936 0.400000
vt 0.148936 0.466667
vt 0.148936 0.533333
vt 0.148936 0.600000
vt 0.148936 0.666667
vt 0.148936 0.733333
vt 0.148936 0.800000
vt 0.148936 0.866667
vt 0.148936 0.933333
vt 0.148936 1.000000
vt 0.170213 0.066667
vt 0.170213 0.000000
vt 0.170213 0.133333
vt 0.170213 0.200000
vt 0.170213 0.266667
vt 0.170213 0.333333
vt 0.170213 0.400000
vt 0.170213 0.466667
vt 0.170213 0.533333
vt 0.170213 0.600000
vt 0.170213 0.666667
vt 0.170213 0.733333
vt 0.170213 0.800000
vt 0.170213 0.866667
vt 0.170213 0.933333
vt 0.170213 1.000000
vt 0.191489 0.066667
vt 0.191489 0.000000
vt 0.191489 0.133333
vt 0.191489 0.200000
vt 0.191489 0.266667
vt 0.191489 0.333333
vt 0.191489 0.400000
vt 0.191489 0.466667
vt 0.191489 0.533333
vt 0.191489 0.600000
vt 0.191489 0.666667
vt 0.191489 0.733333
vt 0.191489 0.800000
vt 0.191489 0.866667
vt 0.191489 0.933333
vt 0.191489 1.000000
vt 0.212766 0.066667
vt 0.212766 0.000000
vt 0.212766 0.133333
vt 0.212766 0.200000
vt 0.212766 0.266667
vt 0.212766 0.333333
vt 0.212766 0.400000
vt 0.212766 0.466667
vt 0.212766 0.533333
vt 0.212766 0.600000
vt 0.212766 0.666667
vt 0.212766 0.733333
vt 0.212766 0.800000
vt 0.212766 0.866667
vt 0.212766 0.933333
vt 0.212766 1.000000
vt 0.234043 0.066667
vt 0.234043 0.000000
vt 0.234043 0.133333
vt 0.234043 0.200000
vt 0.234043 0.266667
vt 0.234043 0.333333
vt 0.234043 0.400000
vt 0.234043 0.466667
vt 0.234043 0.533333
vt 0.234043 0.600000
vt 0.234043 0.666667
vt 0.234043 0.733333
vt 0.234043 0.800000
vt 0.234043 0.866667
vt 0.234043 0.933333
vt 0.234043 1.000000
vt 0.255319 0.066667
vt 0.255319 0.000000
vt 0.255319 0.133333
vt 0.255319 0.200000
vt 0.255319 0.266667
vt 0.255319 0.333333
vt 0.255319 0.400000
vt 0.255319 0.466667
vt 0.255319 0.533333
vt 0.255319 0.600000
vt 0.255319 0.666667
vt 0.255319 0.733333
vt 0.255319 0.800000
vt 0.255319 0.866667
vt 0.255319 0.933333
vt 0.255319 1.000000
vt 0.276596 0.066667
vt 0.276596 0.000000
vt 0.276596 0.133333
vt 0.276596 0.200000
vt 0.276596 0.266667
vt 0.276596 0.333333
vt 0.276596 0.400000
vt 0.276596 0.466667
vt 0.276596 0.533333
vt 0.276596 0.600000
vt 0.276596 0.666667
vt 0.276596 0.733333
vt 0.276596 0.800000
vt 0.276596 0.866667
vt 0.276596 0.933333
vt 0.276596 1.000000
vt 0.297872 0.066667
vt 0.297872 0.000000
vt 0.297872 0.133333
vt 0.297872 0.200000
vt 0.297872 0.266667
vt 0.297872 0.333333
vt 0.297872 0.400000
vt 0.297872 0.466667
vt 0.297872 0.533333
vt 0.297872 0.600000
vt 0.297872 0.666667
vt 0.297872 0.733333
vt 0.297872 0.800000
vt 0.297872 0.866667
vt 0.297872 0.933333
vt 0.297872 1.000000
vt 0.319149 0.066667
vt 0.319149 0.000000
vt 0.319149 0.133333
vt 0.319149 0.200000
vt 0.319149 0.266667
vt 0.319149 0.333333
vt 0.319149 0.400000
vt 0.319149 0.466667
vt 0.319149 0.533333
vt 0.319149 0.600000
vt 0.319149 0.666667
vt 0.319149 0.733333
vt 0.319149 0.800000
vt 0.319149 0.866667
vt 0.319149 0.933333
vt 0.319149 1.000000
vt 0.340426 0.066667
vt 0.340426 0.000000
vt 0.340426 0.133333
vt 0.340426 0.200000
vt 0.340426 0.266667
vt 0.340426 0.333333
vt 0.340426 0.400000
vt 0.340426 0.466667
vt 0.340426 0.533333
vt 0.340426 0.600000
vt 0.340426 0.666667
vt 0.340426 0.733333
vt 0.340426 0.800000
vt 0.340426 0.866667
vt 0.340426 0.933333
vt 0.340426 1.000000
vt 0.361702 0.066667
vt 0.361702 0.000000
vt 0.361702 0.133333
vt 0.361702 0.200000
vt 0.361702 0.266667
vt 0.361702 0.333333
vt 0.361702 0.400000
vt 0.361702 0.466667
vt 0.361702 0.533333
vt 0.361702 0.600000
vt 0.361702 0.666667
vt 0.361702 0.733333
vt 0.361702 0.800000
vt 0.361702 0.866667
vt 0.361702 0.933333
vt 0.361702 1.000000
vt 0.382979 0.066667
vt 0.382979 0.000000
vt 0.382979 0.133333
vt 0.382979 0.200000
vt 0.382979 0.266667
vt 0.382979 0.333333
vt 0.382979 0.400000
vt 0.382979 0.466667
vt 0.382979 0.533333
vt 0.382979 0.600000
vt 0.382979 0.666667
vt 0.382979 0.733333
vt 0.382979 0.800000
vt 0.382979 0.866667
vt 0.382979 0.933333
vt 0.382979 1.000000
vt 0.404255 0.066667
vt 0.404255 0.000000
vt 0.404255 0.133333
vt 0.404255 0.200000
vt 0.404255 0.266667
vt 0.404255 0.333333
vt 0.404255 0.400000
vt 0.404255 0.466667
vt 0.404255 0.533333
vt 0.404255 0.600000
vt 0.404255 0.666667
vt 0.404255 0.733333
vt 0.404255 0.800000
vt 0.404255 0.866667
vt 0.404255 0.933333
vt 0.404255 1.000000
vt 0.425532 0.066667
vt 0.425532 0.000000
vt 0.425532 0.133333
vt 0.425532 0.200000
vt 0.425532 0.266667
vt 0.425532 0.333333
vt 0.425532 0.400000
vt 0.425532 0.466667
vt 0.425532 0.533333
vt 0.425532 0.600000
vt 0.425532 0.666667
vt 0.425532 0.733333
vt 0.425532 0.800000
vt 0.425532 0.866667
vt 0.425532 0.933333
vt 0.425532 1.000000
vt 0.446809 0.066667
vt 0.446809 0.000000
vt 0.446809 0.133333
vt 0.446809 0.200000
vt 0.446809 0.266667
vt 0.446809 0.333333
vt 0.446809 0.400000
vt 0.446809 0.466667
vt 0.446809 0.533333
vt 0.446809 0.600000
vt 0.446809 0.666667
vt 0.446809 0.733333
vt 0.446809 0.800000
vt 0.446809 0.866667
vt 0.446809 0.933333
vt 0.446809 1.000000
vt 0.468085 0.066667
vt 0.468085 0.000000
vt 0.468085 0.133333
vt 0.468085 0.200000
vt 0.468085 0.266667
vt 0.468085 0.333333
vt 0.468085 0.400000
vt 0.468085 0.466667
vt 0.468085 0.533333
vt 0.468085 0.600000
vt 0.468085 0.666667
vt 0.468085 0.733333
vt 0.468085 0.800000
vt 0.468085 0.866667
vt 0.468085 0.933333
vt 0.468085 1.000000
vt 0.489362 0.066667
vt 0.489362 0.000000
vt 0.489362 0.133333
vt 0.489362 0.200000
vt 0.489362 0.266667
vt 0.489362 0.333333
vt 0.489362 0.400000
vt 0.489362 0.466667
vt 0.489362 0.533333
vt 0.489362 0.600000
vt 0.489362 0.666667
vt 0.489362 0.733333
vt 0.489362 0.800000
vt 0.489362 0.866667
vt 0.489362 0.933333
vt 0.489362 1.000000
vt 0.510638 0.066667
vt 0.510638 0.000000
vt 0.510638 0.133333
vt 0.510638 0.200000
vt 0.510638 0.266667
vt 0.510638 0.333333
vt 0.510638 0.400000
vt 0.510638 0.466667
vt 0.510638 0.533333
vt 0.510638 0.600000
vt 0.510638 0.666667
vt 0.510638 0.733333
vt 0.510638 0.800000
vt 0.510638 0.866667
vt 0.510638 0.933333
vt 0.510638 1.000000
vt 0.531915 0.066667
vt 0.531915 0.000000
vt 0.531915 0.133333
vt 0.531915 0.200000
vt 0.531915 0.266667
vt 0.531915 0.333333
vt 0.531915 0.400000
vt 0.531915 0.466667
vt 0.531915 0.533333
vt 0.531915 0.600000
vt 0.531915 0.666667
vt 0.531915 0.733333
vt 0.531915 0.800000
vt 0.531915 0.866667
vt 0.531915 0.933333
vt 0.531915 1.000000
vt 0.553191 0.066667
vt 0.553191 0.000000
vt 0.553191 0.133333
vt 0.553191 0.200000
vt 0.553191 0.266667
vt 0.553191 0.333333
vt 0.553191 0.400000
vt 0.553191 0.466667
vt 0.553191 0.533333
vt 0.553191 0.600000
vt 0.553191 0.666667
vt 0.553191 0.733333
vt 0.553191 0.800000
vt 0.553191 0.866667
vt 0.553191 0.933333
vt 0.553191 1.000000
vt 0.574468 0.066667
vt 0.574468 0.000000
vt 0.574468 0.133333
vt 0.574468 0.200000
vt 0.574468 0.266667
vt 0.574468 0.333333
vt 0.574468 0.400000
vt 0.574468 0.466667
vt 0.574468 0.533333
vt 0.574468 0.600000
vt 0.574468 0.666667
vt 0.574468 0.733333
vt 0.574468 0.800000
vt 0.574468 0.866667
vt 0.574468 0.933333
vt 0.574468 1.000000
vt 0.595745 0.066667
vt 0.595745 0.000000
vt 0.595745 0.133333
vt 0.595745 0.200000
vt 0.595745 0.266667
vt 0.595745 0.333333
vt 0.595745 0.400000
vt 0.595745 0.466667
vt 0.595745 0.533333
vt 0.595745 0.600000
vt 0.595745 0.666667
vt 0.595745 0.733333
vt 0.595745 0.800000
vt 0.595745 0.866667
vt 0.595745 0.933333
vt 0.595745 1.000000
vt 0.617021 0.066667
vt 0.617021 0.000000
vt 0.617021 0.133333
vt 0.617021 0.200000
vt 0.617021 0.266667
vt 0.617021 0.333333
vt 0.617021 0.400000
vt 0.617021 0.466667
vt 0.617021 0.533333
vt 0.617021 0.600000
vt 0.617021 0.666667
vt 0.617021 0.733333
vt 0.617021 0.800000
vt 0.617021 0.866667
vt 0.617021 0.933333
vt 0.617021 1.000000
vt 0.638298 0.066667
vt 0.638298 0.000000
vt 0.638298 0.133333
vt 0.638298 0.200000
vt 0.638298 0.266667
vt 0.638298 0.333333
vt 0.638298 0.400000
vt 0.638298 0.466667
vt 0.638298 0.533333
vt 0.638298 0.600000
vt 0.638298 0.666667
vt 0.638298 0.733333
vt 0.638298 0.800000
vt 0.638298 0.866667
vt 0.638298 0.933333
vt 0.638298 1.000000
vt 0.659574 0.066667
vt 0.659574 0.000000
vt 0.659574 0.133333
vt 0.659574 0.200000
vt 0.659574 0.266667
vt 0.659574 0.333333
vt 0.659574 0.400000
vt 0.659574 0.466667
vt 0.659574 0.533333
vt 0.659574 0.600000
vt 0.659574 0.666667
vt 0.659574 0.733333
vt 0.659574 0.800000
vt 0.659574 0.866667
vt 0.659574 0.933333
vt 0.659574 1.000000
vt 0.680851 0.066667
vt 0.680851 0.000000
vt 0.680851 0.133333
vt 0.680851 0.200000
vt 0.680851 0.266667
vt 0.680851 0.333333
vt 0.680851 0.400000
vt 0.680851 0.466667
vt 0.680851 0.533333
vt 0.680851 0.600000
vt 0.680851 0.666667
vt 0.680851 0.733333
vt 0.680851 0.800000
vt 0.680851 0.866667
vt 0.680851 0.933333
vt 0.680851 1.000000
vt 0.702128 0.066667
vt 0.702128 0.000000
vt 0.702128 0.133333
vt 0.702128 0.200000
vt 0.702128 0.266667
vt 0.702128 0.333333
vt 0.702128 0.400000
vt 0.702128 0.466667
vt 0.702128 0.533333
vt 0.702128 0.600000
vt 0.702128 0.666667
vt 0.702128 0.733333
vt 0.702128 0.800000
vt 0.702128 0.866667
vt 0.702128 0.933333
vt 0.702128 1.000000
vt 0.723404 0.066667
vt 0.723404 0.000000
vt 0.723404 0.133333
vt 0.723404 0.200000
vt 0.723404 0.266667
vt 0.723404 0.333333
vt 0.723404 0.400000
vt 0.723404 0.466667
vt 0.723404 0.533333
vt 0.723404 0.600000
vt 0.723404 0.666667
vt 0.723404 0.733333
vt 0.723404 0.800000
vt 0.723404 0.866667
vt 0.723404 0.933333
vt 0.723404 1.000000
vt 0.744681 0.066667
vt 0.744681 0.000000
vt 0.744681 0.133333
vt 0.744681 0.200000
vt 0.744681 0.266667
vt 0.744681 0.333333
vt 0.744681 0.400000
vt 0.744681 0.466667
vt 0.744681 0.533333
vt 0.744681 0.600000
vt 0.744681 0.666667
vt 0.744681 0.733333
vt 0.744681 0.800000
vt 0.744681 0.866667
vt 0.744681 0.933333
vt 0.744681 1.000000
vt 0.765957 0.066667
vt 0.765957 0.000000
vt 0.765957 0.133333
vt 0.765957 0.200000
vt 0.765957 0.266667
vt 0.765957 0.333333
vt 0.765957 0.400000
vt 0.765957 0.466667
vt 0.765957 0.533333
vt 0.765957 0.600000
vt 0.765957 0.666667
vt 0.765957 0.733333
vt 0.765957 0.800000
vt 0.765957 0.866667
vt 0.765957 0.933333
vt 0.765957 1.000000
vt 0.787234 0.066667
vt 0.787234 0.000000
vt 0.787234 0.133333
vt 0.787234 0.200000
vt 0.787234 0.266667
vt 0.787234 0.333333
vt 0.787234 0.400000
vt 0.787234 0.466667
vt 0.787234 0.533333
vt 0.787234 0.600000
vt 0.787234 0.666667
vt 0.787234 0.733333
vt 0.787234 0.800000
vt 0.787234 0.866667
vt 0.787234 0.933333
vt 0.787234 1.000000
vt 0.808511 0.066667
vt 0.808511 0.000000
vt 0.808511 0.133333
vt 0.808511 0.200000
vt 0.808511 0.266667
vt 0.808511 0.333333
vt 0.808511 0.400000
vt 0.808511 0.466667
vt 0.808511 0.533333
vt 0.808511 0.600000
vt 0.808511 0.666667
vt 0.808511 0.733333
vt 0.808511 0.800000
vt 0.808511 0.866667
vt 0.808511 0.933333
vt 0.808511 1.000000
vt 0.829787 0.066667
vt 0.829787 0.000000
vt 0.829787 0.133333
vt 0.829787 0.200000
vt 0.829787 0.266667
vt 0.829787 0.333333
vt 0.829787 0.400000
vt 0.829787 0.466667
vt 0.829787 0.533333
vt 0.829787 0.600000
vt 0.829787 0.666667
vt 0.829787 0.733333
vt 0.829787 0.800000
vt 0.829787 0.866667
vt 0.829787 0.933333
vt 0.829787 1.000000
vt 0.851064 0.066667
vt 0.851064 0.000000
vt 0.851064 0.133333
vt 0.851064 0.200000
vt 0.851064 0.266667
vt 0.851064 0.333333
vt 0.851064 0.400000
vt 0.851064 0.466667
vt 0.851064 0.533333
vt 0.851064 0.600000
vt 0.851064 0.666667
vt 0.851064 0.733333
vt 0.851064 0.800000
vt 0.851064 0.866667
vt 0.851064 0.933333
vt 0.851064 1.000000
vt 0.872340 0.066667
vt 0.872340 0.000000
vt 0.872340 0.133333
vt 0.872340 0.200000
vt 0.872340 0.266667
vt 0.872340 0.333333
vt 0.872340 0.400000
vt 0.872340 0.466667
vt 0.872340 0.533333
vt 0.872340 0.600000
vt 0.872340 0.666667
vt 0.872340 0.733333
vt 0.872340 0.800000
vt 0.872340 0.866667
vt 0.872340 0.933333
vt 0.872340 1.000000
vt 0.893617 0.066667
vt 0.893617 0.000000
vt 0.893617 0.133333
vt 0.893617 0.200000
vt 0.893617 0.266667
vt 0.893617 0.333333
vt 0.893617 0.400000
vt 0.893617 0.466667
vt 0.893617 0.533333
vt 0.893617 0.600000
vt 0.893617 0.666667
vt 0.893617 0.733333
vt 0.893617 0.800000
vt 0.893617 0.866667
vt 0.893617 0.933333
vt 0.893617 1.000000
vt 0.914894 0.066667
vt 0.914894 0.000000
vt 0.914894 0.133333
vt 0.914894 0.200000
vt 0.914894 0.266667
vt 0.914894 0.333333
vt 0.914894 0.400000
vt 0.914894 0.466667
vt 0.914894 0.533333
vt 0.914894 0.600000
vt 0.914894 0.666667
vt 0.914894 0.733333
vt 0.914894 0.800000
vt 0.914894 0.866667
vt 0.914894 0.933333
vt 0.914894 1.000000
vt 0.936170 0.066667
vt 0.936170 0.000000
vt 0.936170 0.133333
vt 0.936170 0.200000
vt 0.936170 0.266667
vt 0.936170 0.333333
vt 0.936170 0.400000
vt 0.936170 0.466667
vt 0.936170 0.533333
vt 0.936170 0.600000
vt 0.936170 0.666667
vt 0.936170 0.733333
vt 0.936170 0.800000
vt 0.936170 0.866667
vt 0.936170 0.933333
vt 0.936170 1.000000
vt 0.957447 0.066667
vt 0.957447 0.000000
vt 0.957447 0.133333
vt 0.957447 0.200000
vt 0.957447 0.266667
vt 0.957447 0.333333
vt 0.957447 0.400000
vt 0.957447 0.466667
vt 0.957447 0.533333
vt 0.957447 0.600000
vt 0.957447 0.666667
vt 0.957447 0.733333
vt 0.957447 0.800000
vt 0.957447 0.866667
vt 0.957447 0.933333
vt 0.957447 1.000000
vt 0.978723 0.066667
vt 0.978723 0.000000
vt 0.978723 0.133333
vt 0.978723 0.200000
vt 0.978723 0.266667
vt 0.978723 0.333333
vt 0.978723 0.400000
vt 0.978723 0.466667
vt 0.978723 0.533333
vt 0.978723 0.600000
vt 0.978723 0.666667
vt 0.978723 0.733333
vt 0.978723 0.800000
vt 0.978723 0.866667
vt 0.978723 0.933333
vt 0.978723 1.000000
vt 1.000000 0.066667
vt 1.000000 0.000000
vt 1.000000 0.133333
vt 1.000000 0.200000
vt 1.000000 0.266667
vt 1.000000 0.333333
vt 1.000000 0.400000
vt 1.000000 0.466667
vt 1.000000 0.533333
vt 1.000000 0.600000
vt 1.000000 0.666667
vt 1.000000 0.733333
vt 1.000000 0.800000
vt 1.000000 0.866667
vt 1.000000 0.933333
vt 1.000000 1.000000
vn 0.9878 0.1558 0.0005
vn 0.9878 0.1557 0.0005
vn 0.9941 0.1079 0.0004
vn 0.9660 0.2584 0.0009
vn 0.9661 0.2582 0.0009
vn 0.9275 0.3737 0.0014
vn 0.9276 0.3736 0.0014
vn 0.8675 0.4973 0.0019
vn 0.8676 0.4972 0.0019
vn 0.7839 0.6209 0.0024
vn 0.7840 0.6207 0.0024
vn 0.6793 0.7339 0.0029
vn 0.6793 0.7338 0.0028
vn 0.5617 0.8273 0.0033
vn 0.5618 0.8273 0.0032
vn 0.4421 0.8970 0.0035
vn 0.4421 0.8969 0.0035
vn 0.3304 0.9438 0.0037
vn 0.3304 0.9438 0.0036
vn 0.2331 0.9724 0.0038
vn 0.2331 0.9724 0.0037
vn 0.1532 0.9882 0.0038
vn 0.1533 0.9882 0.0037
vn 0.0913 0.9958 0.0038
vn 0.0913 0.9958 0.0037
vn 0.0470 0.9989 0.0037
vn 0.0470 0.9989 0.0036
vn 0.0197 0.9998 0.0036
vn 0.0197 0.9998 0.0035
vn 0.0103 0.9999 0.0035
vn 0.0103 0.9999 0.0034
vn 0.9941 0.1079 0.0003
vn 0.9276 0.3736 0.0013
vn 0.8676 0.4972 0.0018
vn 0.7840 0.6207 0.0023
vn 0.6793 0.7338 0.0027
vn 0.5618 0.8273 0.0031
vn 0.4421 0.8969 0.0033
vn 0.3304 0.9438 0.0035
vn 0.2332 0.9724 0.0035
vn 0.1533 0.9882 0.0035
vn 0.0914 0.9958 0.0035
vn 0.0471 0.9989 0.0034
vn 0.0198 0.9998 0.0033
vn 0.0104 0.9999 0.0033
vn 0.9661 0.2582 0.0008
vn 0.9275 0.3736 0.0013
vn 0.8676 0.4972 0.0017
vn 0.7840 0.6208 0.0022
vn 0.6793 0.7338 0.0026
vn 0.5618 0.8273 0.0029
vn 0.4422 0.8969 0.0032
vn 0.3305 0.9438 0.0033
vn 0.2332 0.9724 0.0034
vn 0.1533 0.9882 0.0034
vn 0.0914 0.9958 0.0034
vn 0.0471 0.9989 0.0033
vn 0.0199 0.9998 0.0032
vn 0.0105 0.9999 0.0031
vn 0.9661 0.2583 0.0008
vn 0.9275 0.3736 0.0012
vn 0.8676 0.4972 0.0016
vn 0.7840 0.6208 0.0020
vn 0.6793 0.7338 0.0024
vn 0.5618 0.8273 0.0028
vn 0.4422 0.8969 0.0030
vn 0.3305 0.9438 0.0031
vn 0.2332 0.9724 0.0032
vn 0.1534 0.9882 0.0032
vn 0.0915 0.9958 0.0032
vn 0.0472 0.9989 0.0031
vn 0.0199 0.9998 0.0030
vn 0.0105 0.9999 0.0030
vn 0.9878 0.1557 0.0004
vn 0.9275 0.3736 0.0011
vn 0.8676 0.4972 0.0015
vn 0.6793 0.7338 0.0023
vn 0.5618 0.8273 0.0026
vn 0.4422 0.8969 0.0028
vn 0.3305 0.9438 0.0030
vn 0.2332 0.9724 0.0031
vn 0.1534 0.9882 0.0031
vn 0.0915 0.9958 0.0030
vn 0.0472 0.9989 0.0030
vn 0.0200 0.9998 0.0029
vn 0.0106 0.9999 0.0028
vn 0.9661 0.2583 0.0007
vn 0.8676 0.4972 0.0014
vn 0.7840 0.6208 0.0018
vn 0.6793 0.7338 0.0022
vn 0.5618 0.8273 0.0025
vn 0.4422 0.8969 0.0027
vn 0.3305 0.9438 0.0028
vn 0.2333 0.9724 0.0029
vn 0.1534 0.9881 0.0029
vn 0.0916 0.9958 0.0029
vn 0.0472 0.9989 0.0028
vn 0.0200 0.9998 0.0027
vn 0.0107 0.9999 0.0027
vn 0.9941 0.1079 0.0002
vn 0.9660 0.2583 0.0007
vn 0.9275 0.3737 0.0010
vn 0.8676 0.4973 0.0014
vn 0.7839 0.6208 0.0017
vn 0.6793 0.7338 0.0021
vn 0.5618 0.8273 0.0023
vn 0.4422 0.8969 0.0025
vn 0.3305 0.9438 0.0027
vn 0.2333 0.9724 0.0027
vn 0.1534 0.9881 0.0027
vn 0.0916 0.9958 0.0027
vn 0.0473 0.9989 0.0026
vn 0.0201 0.9998 0.0026
vn 0.0107 0.9999 0.0025
vn 0.9660 0.2583 0.0006
vn 0.9275 0.3737 0.0009
vn 0.8676 0.4973 0.0013
vn 0.7839 0.6208 0.0016
vn 0.6793 0.7338 0.0020
vn 0.5618 0.8273 0.0022
vn 0.4422 0.8969 0.0024
vn 0.3305 0.9438 0.0025
vn 0.2333 0.9724 0.0026
vn 0.1535 0.9881 0.0026
vn 0.0916 0.9958 0.0025
vn 0.0473 0.9989 0.0025
vn 0.0201 0.9998 0.0024
vn 0.0108 0.9999 0.0023
vn 0.9878 0.1557 0.0003
vn 0.8676 0.4973 0.0012
vn 0.7839 0.6208 0.0015
vn 0.6793 0.7338 0.0018
vn 0.5617 0.8273 0.0020
vn 0.4422 0.8969 0.0022
vn 0.3305 0.9438 0.0023
vn 0.2333 0.9724 0.0024
vn 0.1535 0.9881 0.0024
vn 0.0916 0.9958 0.0023
vn 0.0474 0.9989 0.0023
vn 0.0202 0.9998 0.0023
vn 0.0108 0.9999 0.0022
vn 0.9878 0.1558 0.0003
vn 0.9660 0.2583 0.0005
vn 0.9275 0.3737 0.0008
vn 0.8675 0.4973 0.0011
vn 0.7839 0.6208 0.0014
vn 0.6793 0.7338 0.0017
vn 0.5617 0.8273 0.0019
vn 0.4422 0.8969 0.0021
vn 0.3305 0.9438 0.0022
vn 0.2333 0.9724 0.0022
vn 0.1535 0.9881 0.0022
vn 0.0917 0.9958 0.0022
vn 0.0474 0.9989 0.0022
vn 0.0202 0.9998 0.0021
vn 0.0109 0.9999 0.0020
vn 0.8675 0.4973 0.0010
vn 0.7839 0.6208 0.0013
vn 0.6793 0.7338 0.0016
vn 0.5617 0.8273 0.0018
vn 0.4422 0.8969 0.0019
vn 0.3305 0.9438 0.0020
vn 0.2333 0.9724 0.0020
vn 0.1535 0.9881 0.0020
vn 0.0917 0.9958 0.0020
vn 0.0474 0.9989 0.0020
vn 0.0203 0.9998 0.0019
vn 0.0109 0.9999 0.0019
vn 0.9275 0.3737 0.0007
vn 0.8675 0.4973 0.0009
vn 0.7839 0.6208 0.0012
vn 0.6793 0.7338 0.0014
vn 0.5617 0.8273 0.0016
vn 0.4422 0.8969 0.0018
vn 0.3305 0.9438 0.0019
vn 0.2333 0.9724 0.0019
vn 0.1535 0.9881 0.0019
vn 0.0917 0.9958 0.0019
vn 0.0475 0.9988 0.0018
vn 0.0203 0.9998 0.0018
vn 0.0110 0.9999 0.0017
vn 0.9878 0.1558 0.0002
vn 0.9660 0.2583 0.0004
vn 0.9275 0.3737 0.0006
vn 0.7839 0.6208 0.0011
vn 0.6793 0.7338 0.0013
vn 0.5617 0.8273 0.0015
vn 0.4422 0.8969 0.0016
vn 0.3305 0.9438 0.0017
vn 0.2333 0.9724 0.0017
vn 0.1536 0.9881 0.0017
vn 0.0918 0.9958 0.0017
vn 0.0475 0.9988 0.0017
vn 0.0203 0.9998 0.0016
vn 0.0110 0.9999 0.0016
vn 0.8675 0.4973 0.0008
vn 0.7839 0.6208 0.0010
vn 0.6793 0.7338 0.0012
vn 0.5617 0.8273 0.0013
vn 0.4422 0.8969 0.0015
vn 0.3305 0.9438 0.0015
vn 0.2334 0.9724 0.0016
vn 0.1536 0.9881 0.0016
vn 0.0918 0.9958 0.0016
vn 0.0475 0.9988 0.0015
vn 0.0204 0.9998 0.0015
vn 0.0110 0.9999 0.0014
vn 0.9941 0.1079 0.0001
vn 0.9660 0.2583 0.0003
vn 0.9275 0.3737 0.0005
vn 0.8675 0.4973 0.0007
vn 0.7839 0.6208 0.0009
vn 0.6793 0.7338 0.0011
vn 0.5617 0.8273 0.0012
vn 0.4422 0.8969 0.0013
vn 0.3305 0.9438 0.0014
vn 0.2334 0.9724 0.0014
vn 0.1536 0.9881 0.0014
vn 0.0918 0.9958 0.0014
vn 0.0475 0.9988 0.0013
vn 0.0204 0.9998 0.0013
vn 0.0110 0.9999 0.0013
vn 0.8675 0.4973 0.0006
vn 0.7839 0.6208 0.0008
vn 0.6793 0.7338 0.0009
vn 0.5617 0.8273 0.0011
vn 0.4422 0.8969 0.0012
vn 0.3305 0.9438 0.0012
vn 0.2334 0.9724 0.0012
vn 0.1536 0.9881 0.0012
vn 0.0918 0.9958 0.0012
vn 0.0475 0.9988 0.0012
vn 0.0204 0.9998 0.0012
vn 0.0111 0.9999 0.0011
vn 0.9660 0.2583 0.0002
vn 0.9275 0.3737 0.0004
vn 0.8675 0.4973 0.0005
vn 0.7839 0.6209 0.0007
vn 0.6793 0.7338 0.0008
vn 0.5617 0.8273 0.0009
vn 0.4422 0.8969 0.0010
vn 0.3305 0.9438 0.0010
vn 0.2334 0.9724 0.0011
vn 0.1536 0.9881 0.0011
vn 0.0918 0.9958 0.0010
vn 0.0476 0.9988 0.0010
vn 0.0204 0.9998 0.0010
vn 0.0111 0.9999 0.0010
vn 0.9878 0.1558 0.0001
vn 0.9275 0.3737 0.0003
vn 0.7839 0.6209 0.0006
vn 0.6793 0.7338 0.0007
vn 0.5617 0.8273 0.0008
vn 0.4422 0.8969 0.0008
vn 0.3306 0.9438 0.0009
vn 0.2334 0.9724 0.0009
vn 0.1536 0.9881 0.0009
vn 0.0918 0.9958 0.0009
vn 0.0476 0.9988 0.0009
vn 0.0204 0.9998 0.0009
vn 0.0111 0.9999 0.0008
vn 0.8675 0.4973 0.0004
vn 0.7839 0.6209 0.0005
vn 0.6793 0.7338 0.0005
vn 0.5617 0.8273 0.0006
vn 0.4422 0.8969 0.0007
vn 0.3306 0.9438 0.0007
vn 0.2334 0.9724 0.0007
vn 0.1536 0.9881 0.0007
vn 0.0919 0.9958 0.0007
vn 0.0476 0.9988 0.0007
vn 0.0205 0.9998 0.0007
vn 0.0111 0.9999 0.0007
vn 0.9941 0.1079 0.0000
vn 0.9660 0.2583 0.0001
vn 0.9275 0.3737 0.0002
vn 0.8675 0.4973 0.0003
vn 0.7839 0.6209 0.0004
vn 0.6793 0.7338 0.0004
vn 0.5617 0.8273 0.0005
vn 0.4422 0.8969 0.0005
vn 0.3306 0.9438 0.0005
vn 0.2334 0.9724 0.0005
vn 0.1536 0.9881 0.0006
vn 0.0919 0.9958 0.0005
vn 0.0476 0.9988 0.0005
vn 0.0205 0.9998 0.0005
vn 0.0111 0.9999 0.0005
vn 0.9878 0.1558 0.0000
vn 0.8675 0.4973 0.0002
vn 0.7839 0.6209 0.0002
vn 0.6793 0.7338 0.0003
vn 0.5617 0.8273 0.0003
vn 0.4422 0.8969 0.0004
vn 0.3306 0.9438 0.0004
vn 0.2334 0.9724 0.0004
vn 0.1537 0.9881 0.0004
vn 0.0919 0.9958 0.0004
vn 0.0476 0.9988 0.0004
vn 0.0205 0.9998 0.0004
vn 0.0112 0.9999 0.0004
vn 0.9275 0.3737 0.0001
vn 0.8675 0.4973 0.0001
vn 0.6793 0.7338 0.0002
vn 0.5617 0.8273 0.0002
vn 0.4422 0.8969 0.0002
vn 0.3306 0.9438 0.0002
vn 0.2334 0.9724 0.0002
vn 0.1537 0.9881 0.0002
vn 0.0919 0.9958 0.0002
vn 0.0476 0.9988 0.0002
vn 0.0205 0.9998 0.0002
vn 0.0112 0.9999 0.0002
vn 0.9660 0.2583 0.0000
vn 0.9275 0.3737 0.0000
vn 0.8675 0.4973 0.0000
vn 0.7839 0.6209 0.0000
vn 0.6793 0.7338 0.0001
vn 0.5617 0.8273 0.0001
vn 0.4422 0.8969 0.0001
vn 0.3306 0.9438 0.0001
vn 0.2334 0.9724 0.0001
vn 0.1537 0.9881 0.0001
vn 0.0919 0.9958 0.0001
vn 0.0476 0.9988 0.0001
vn 0.0205 0.9998 0.0001
vn 0.0112 0.9999 0.0001
vn 0.6793 0.7338 -0.0001
vn 0.5617 0.8273 -0.0001
vn 0.4422 0.8969 -0.0001
vn 0.3306 0.9438 -0.0001
vn 0.2334 0.9724 -0.0001
vn 0.1537 0.9881 -0.0001
vn 0.0919 0.9958 -0.0001
vn 0.0476 0.9988 -0.0001
vn 0.0205 0.9998 -0.0001
vn 0.0112 0.9999 -0.0001
vn 0.9660 0.2583 -0.0001
vn 0.9275 0.3737 -0.0001
vn 0.8675 0.4973 -0.0001
vn 0.7839 0.6209 -0.0002
vn 0.6793 0.7338 -0.0002
vn 0.5617 0.8273 -0.0002
vn 0.4422 0.8969 -0.0002
vn 0.3306 0.9438 -0.0002
vn 0.2334 0.9724 -0.0002
vn 0.1537 0.9881 -0.0002
vn 0.0919 0.9958 -0.0002
vn 0.0476 0.9988 -0.0002
vn 0.0205 0.9998 -0.0002
vn 0.0112 0.9999 -0.0002
vn 0.9878 0.1558 -0.0001
vn 0.9275 0.3737 -0.0002
vn 0.8675 0.4973 -0.0002
vn 0.6793 0.7338 -0.0003
vn 0.5617 0.8273 -0.0003
vn 0.4422 0.8969 -0.0004
vn 0.3306 0.9438 -0.0004
vn 0.2334 0.9724 -0.0004
vn 0.1537 0.9881 -0.0004
vn 0.0919 0.9958 -0.0004
vn 0.0476 0.9988 -0.0004
vn 0.0205 0.9998 -0.0004
vn 0.0112 0.9999 -0.0004
vn 0.8675 0.4973 -0.0003
vn 0.7839 0.6209 -0.0004
vn 0.6793 0.7338 -0.0004
vn 0.5617 0.8273 -0.0005
vn 0.4422 0.8969 -0.0005
vn 0.3306 0.9438 -0.0005
vn 0.2334 0.9724 -0.0006
vn 0.1536 0.9881 -0.0006
vn 0.0919 0.9958 -0.0005
vn 0.0476 0.9988 -0.0005
vn 0.0205 0.9998 -0.0005
vn 0.0111 0.9999 -0.0005
vn 0.9941 0.1079 -0.0001
vn 0.9660 0.2583 -0.0002
vn 0.9275 0.3737 -0.0003
vn 0.8675 0.4973 -0.0004
vn 0.7839 0.6209 -0.0005
vn 0.6793 0.7338 -0.0005
vn 0.5617 0.8273 -0.0006
vn 0.4422 0.8969 -0.0007
vn 0.3306 0.9438 -0.0007
vn 0.2334 0.9724 -0.0007
vn 0.1536 0.9881 -0.0007
vn 0.0919 0.9958 -0.0007
vn 0.0476 0.9988 -0.0007
vn 0.0205 0.9998 -0.0007
vn 0.0111 0.9999 -0.0007
vn 0.8675 0.4973 -0.0005
vn 0.7839 0.6209 -0.0006
vn 0.6793 0.7338 -0.0007
vn 0.5617 0.8273 -0.0008
vn 0.4422 0.8969 -0.0008
vn 0.3306 0.9438 -0.0009
vn 0.2334 0.9724 -0.0009
vn 0.1536 0.9881 -0.0009
vn 0.0918 0.9958 -0.0009
vn 0.0476 0.9988 -0.0009
vn 0.0204 0.9998 -0.0009
vn 0.0111 0.9999 -0.0008
vn 0.9878 0.1558 -0.0002
vn 0.9275 0.3737 -0.0004
vn 0.7839 0.6209 -0.0007
vn 0.6793 0.7338 -0.0008
vn 0.5617 0.8273 -0.0009
vn 0.4422 0.8969 -0.0010
vn 0.3305 0.9438 -0.0010
vn 0.2334 0.9724 -0.0011
vn 0.1536 0.9881 -0.0011
vn 0.0918 0.9958 -0.0010
vn 0.0476 0.9988 -0.0010
vn 0.0204 0.9998 -0.0010
vn 0.0111 0.9999 -0.0010
vn 0.9660 0.2583 -0.0003
vn 0.9275 0.3737 -0.0005
vn 0.8675 0.4973 -0.0006
vn 0.7839 0.6208 -0.0008
vn 0.6793 0.7338 -0.0009
vn 0.5617 0.8273 -0.0011
vn 0.4422 0.8969 -0.0012
vn 0.3305 0.9438 -0.0012
vn 0.2334 0.9724 -0.0012
vn 0.1536 0.9881 -0.0012
vn 0.0918 0.9958 -0.0012
vn 0.0475 0.9988 -0.0012
vn 0.0204 0.9998 -0.0012
vn 0.0111 0.9999 -0.0011
vn 0.8675 0.4973 -0.0007
vn 0.7839 0.6208 -0.0009
vn 0.6793 0.7338 -0.0011
vn 0.5617 0.8273 -0.0012
vn 0.4422 0.8969 -0.0013
vn 0.3305 0.9438 -0.0014
vn 0.2334 0.9724 -0.0014
vn 0.1536 0.9881 -0.0014
vn 0.0918 0.9958 -0.0014
vn 0.0475 0.9988 -0.0013
vn 0.0204 0.9998 -0.0013
vn 0.0110 0.9999 -0.0013
vn 0.9941 0.1079 -0.0002
vn 0.9660 0.2583 -0.0004
vn 0.9275 0.3737 -0.0006
vn 0.8675 0.4973 -0.0008
vn 0.7839 0.6208 -0.0010
vn 0.6793 0.7338 -0.0012
vn 0.5617 0.8273 -0.0013
vn 0.4422 0.8969 -0.0015
vn 0.3305 0.9438 -0.0015
vn 0.2334 0.9724 -0.0016
vn 0.1536 0.9881 -0.0016
vn 0.0918 0.9958 -0.0016
vn 0.0475 0.9988 -0.0015
vn 0.0204 0.9998 -0.0015
vn 0.0110 0.9999 -0.0014
vn 0.8675 0.4973 -0.0009
vn 0.7839 0.6208 -0.0011
vn 0.6793 0.7338 -0.0013
vn 0.5617 0.8273 -0.0015
vn 0.4422 0.8969 -0.0016
vn 0.3305 0.9438 -0.0017
vn 0.2333 0.9724 -0.0017
vn 0.1536 0.9881 -0.0017
vn 0.0918 0.9958 -0.0017
vn 0.0475 0.9988 -0.0017
vn 0.0203 0.9998 -0.0016
vn 0.0110 0.9999 -0.0016
vn 0.9878 0.1558 -0.0003
vn 0.9660 0.2583 -0.0005
vn 0.9275 0.3737 -0.0007
vn 0.7839 0.6208 -0.0012
vn 0.6793 0.7338 -0.0014
vn 0.5617 0.8273 -0.0016
vn 0.4422 0.8969 -0.0018
vn 0.3305 0.9438 -0.0019
vn 0.2333 0.9724 -0.0019
vn 0.1535 0.9881 -0.0019
vn 0.0917 0.9958 -0.0019
vn 0.0475 0.9988 -0.0018
vn 0.0203 0.9998 -0.0018
vn 0.0110 0.9999 -0.0017
vn 0.9275 0.3737 -0.0008
vn 0.8675 0.4973 -0.0010
vn 0.7839 0.6208 -0.0013
vn 0.6793 0.7338 -0.0016
vn 0.5617 0.8273 -0.0018
vn 0.4422 0.8969 -0.0019
vn 0.3305 0.9438 -0.0020
vn 0.2333 0.9724 -0.0020
vn 0.1535 0.9881 -0.0020
vn 0.0917 0.9958 -0.0020
vn 0.0474 0.9989 -0.0020
vn 0.0203 0.9998 -0.0019
vn 0.0109 0.9999 -0.0019
vn 0.8675 0.4973 -0.0011
vn 0.7839 0.6208 -0.0014
vn 0.6793 0.7338 -0.0017
vn 0.5617 0.8273 -0.0019
vn 0.4422 0.8969 -0.0021
vn 0.3305 0.9438 -0.0022
vn 0.2333 0.9724 -0.0022
vn 0.1535 0.9881 -0.0022
vn 0.0917 0.9958 -0.0022
vn 0.0474 0.9989 -0.0022
vn 0.0202 0.9998 -0.0021
vn 0.0109 0.9999 -0.0020
vn 0.9878 0.1557 -0.0003
vn 0.9660 0.2583 -0.0006
vn 0.9275 0.3737 -0.0009
vn 0.8676 0.4973 -0.0012
vn 0.7839 0.6208 -0.0015
vn 0.6793 0.7338 -0.0018
vn 0.5617 0.8273 -0.0020
vn 0.4422 0.8969 -0.0022
vn 0.3305 0.9438 -0.0023
vn 0.2333 0.9724 -0.0024
vn 0.1535 0.9881 -0.0024
vn 0.0916 0.9958 -0.0023
vn 0.0474 0.9989 -0.0023
vn 0.0202 0.9998 -0.0023
vn 0.0108 0.9999 -0.0022
vn 0.9878 0.1557 -0.0004
vn 0.8676 0.4973 -0.0013
vn 0.7839 0.6208 -0.0016
vn 0.6793 0.7338 -0.0020
vn 0.5618 0.8273 -0.0022
vn 0.4422 0.8969 -0.0024
vn 0.3305 0.9438 -0.0025
vn 0.2333 0.9724 -0.0026
vn 0.1535 0.9881 -0.0026
vn 0.0916 0.9958 -0.0025
vn 0.0473 0.9989 -0.0025
vn 0.0201 0.9998 -0.0024
vn 0.0108 0.9999 -0.0023
vn 0.9660 0.2583 -0.0007
vn 0.9275 0.3737 -0.0010
vn 0.8676 0.4973 -0.0014
vn 0.7839 0.6208 -0.0017
vn 0.6793 0.7338 -0.0021
vn 0.5618 0.8273 -0.0023
vn 0.4422 0.8969 -0.0025
vn 0.3305 0.9438 -0.0027
vn 0.2333 0.9724 -0.0027
vn 0.1534 0.9881 -0.0027
vn 0.0916 0.9958 -0.0027
vn 0.0473 0.9989 -0.0026
vn 0.0201 0.9998 -0.0026
vn 0.0107 0.9999 -0.0025
vn 0.9941 0.1079 -0.0003
vn 0.9661 0.2583 -0.0007
vn 0.9275 0.3736 -0.0011
vn 0.8676 0.4972 -0.0014
vn 0.7840 0.6208 -0.0018
vn 0.6793 0.7338 -0.0022
vn 0.5618 0.8273 -0.0025
vn 0.4422 0.8969 -0.0027
vn 0.3305 0.9438 -0.0028
vn 0.2333 0.9724 -0.0029
vn 0.1534 0.9881 -0.0029
vn 0.0916 0.9958 -0.0029
vn 0.0472 0.9989 -0.0028
vn 0.0200 0.9998 -0.0027
vn 0.0107 0.9999 -0.0027
vn 0.9661 0.2583 -0.0008
vn 0.8676 0.4972 -0.0015
vn 0.7840 0.6208 -0.0020
vn 0.6793 0.7338 -0.0023
vn 0.5618 0.8273 -0.0026
vn 0.4422 0.8969 -0.0028
vn 0.3305 0.9438 -0.0030
vn 0.2332 0.9724 -0.0031
vn 0.1534 0.9882 -0.0031
vn 0.0915 0.9958 -0.0030
vn 0.0472 0.9989 -0.0030
vn 0.0200 0.9998 -0.0029
vn 0.0106 0.9999 -0.0028
vn 0.9878 0.1557 -0.0005
vn 0.9275 0.3736 -0.0012
vn 0.8676 0.4972 -0.0016
vn 0.6793 0.7338 -0.0024
vn 0.5618 0.8273 -0.0028
vn 0.4422 0.8969 -0.0030
vn 0.3305 0.9438 -0.0031
vn 0.2332 0.9724 -0.0032
vn 0.1534 0.9882 -0.0032
vn 0.0915 0.9958 -0.0032
vn 0.0472 0.9989 -0.0031
vn 0.0199 0.9998 -0.0030
vn 0.0105 0.9999 -0.0030
vn 0.9661 0.2582 -0.0008
vn 0.9275 0.3736 -0.0013
vn 0.8676 0.4972 -0.0017
vn 0.7840 0.6208 -0.0022
vn 0.6793 0.7338 -0.0026
vn 0.5618 0.8273 -0.0029
vn 0.4422 0.8969 -0.0032
vn 0.3305 0.9438 -0.0033
vn 0.2332 0.9724 -0.0034
vn 0.1533 0.9882 -0.0034
vn 0.0914 0.9958 -0.0034
vn 0.0471 0.9989 -0.0033
vn 0.0199 0.9998 -0.0032
vn 0.0105 0.9999 -0.0031
vn 0.9661 0.2582 -0.0009
vn 0.9276 0.3736 -0.0013
vn 0.8676 0.4972 -0.0018
vn 0.7840 0.6207 -0.0023
vn 0.6793 0.7338 -0.0027
vn 0.5618 0.8273 -0.0031
vn 0.4421 0.8969 -0.0033
vn 0.3304 0.9438 -0.0035
vn 0.2332 0.9724 -0.0035
vn 0.1533 0.9882 -0.0035
vn 0.0914 0.9958 -0.0035
vn 0.0471 0.9989 -0.0034
vn 0.0198 0.9998 -0.0033
vn 0.0104 0.9999 -0.0033
vn 0.9941 0.1079 -0.0004
vn 0.9276 0.3736 -0.0014
vn 0.8676 0.4972 -0.0019
vn 0.7840 0.6207 -0.0024
vn 0.6793 0.7338 -0.0028
vn 0.5618 0.8273 -0.0032
vn 0.4421 0.8969 -0.0035
vn 0.3304 0.9438 -0.0036
vn 0.2331 0.9724 -0.0037
vn 0.1533 0.9882 -0.0037
vn 0.0913 0.9958 -0.0037
vn 0.0470 0.9989 -0.0036
vn 0.0197 0.9998 -0.0035
vn 0.0103 0.9999 -0.0034
vn 0.9878 0.1558 -0.0005
vn 0.9660 0.2584 -0.0009
vn 0.9275 0.3737 -0.0014
vn 0.8675 0.4973 -0.0019
vn 0.7839 0.6209 -0.0024
vn 0.6793 0.7339 -0.0029
vn 0.5617 0.8273 -0.0033
vn 0.4421 0.8970 -0.0035
vn 0.3304 0.9438 -0.0037
vn 0.2331 0.9724 -0.0038
vn 0.1532 0.9882 -0.0038
vn 0.0913 0.9958 -0.0038
vn 0.0470 0.9989 -0.0037
vn 0.0197 0.9998 -0.0036
vn 0.0103 0.9999 -0.0035
usemtl Material.001
s 1
f 6/5/2 22/6/3 21/7/4 5/8/4
f 7/9/5 23/10/6 22/6/3 6/5/2
f 8/11/7 24/12/8 23/10/6 7/9/5
f 9/13/9 25/14/10 24/12/8 8/11/7
f 10/15/11 26/16/12 25/14/10 9/13/9
f 11/17/13 27/18/14 26/16/12 10/15/11
f 12/19/15 28/20/16 27/18/14 11/17/13
f 13/21/17 29/22/18 28/20/16 12/19/15
f 14/23/19 30/24/20 29/22/18 13/21/17
f 15/25/21 31/26/22 30/24/20 14/23/19
f 16/27/23 32/28/24 31/26/22 15/25/21
f 17/29/25 33/30/26 32/28/24 16/27/23
f 18/31/27 34/32/28 33/30/26 17/29/25
f 19/33/29 35/34/30 34/32/28 18/31/27
f 20/35/31 36/36/32 35/34/30 19/33/29
f 22/6/3 38/37/3 37/38/33 21/7/4
f 23/10/6 39/39/6 38/37/3 22/6/3
f 24/12/8 40/40/34 39/39/6 23/10/6
f 25/14/10 41/41/35 40/40/34 24/12/8
f 26/16/12 42/42/36 41/41/35 25/14/10
f 27/18/14 43/43/37 42/42/36 26/16/12
f 28/20/16 44/44/38 43/43/37 27/18/14
f 29/22/18 45/45/39 44/44/38 28/20/16
f 30/24/20 46/46/40 45/45/39 29/22/18
f 31/26/22 47/47/41 46/46/40 30/24/20
f 32/28/24 48/48/42 47/47/41 31/26/22
f 33/30/26 49/49/43 48/48/42 32/28/24
f 34/32/28 50/50/44 49/49/43 33/30/26
f 35/34/30 51/51/45 50/50/44 34/32/28
f 36/36/32 52/52/46 51/51/45 35/34/30
f 38/37/3 54/53/3 53/54/33 37/38/33
f 39/39/6 55/55/47 54/53/3 38/37/3
f 40/40/34 56/56/48 55/55/47 39/39/6
f 41/41/35 57/57/49 56/56/48 40/40/34
f 42/42/36 58/58/50 57/57/49 41/41/35
f 43/43/37 59/59/51 58/58/50 42/42/36
f 44/44/38 60/60/52 59/59/51 43/43/37
f 45/45/39 61/61/53 60/60/52 44/44/38
f 46/46/40 62/62/54 61/61/53 45/45/39
f 47/47/41 63/63/55 62/62/54 46/46/40
f 48/48/42 64/64/56 63/63/55 47/47/41
f 49/49/43 65/65/57 64/64/56 48/48/42
f 50/50/44 66/66/58 65/65/57 49/49/43
f 51/51/45 67/67/59 66/66/58 50/50/44
f 52/52/46 68/68/60 67/67/59 51/51/45
f 54/53/3 70/69/3 69/70/33 53/54/33
f 55/55/47 71/71/61 70/69/3 54/53/3
f 56/56/48 72/72/62 71/71/61 55/55/47
f 57/57/49 73/73/63 72/72/62 56/56/48
f 58/58/50 74/74/64 73/73/63 57/57/49
f 59/59/51 75/75/65 74/74/64 58/58/50
f 60/60/52 76/76/66 75/75/65 59/59/51
f 61/61/53 77/77/67 76/76/66 60/60/52
f 62/62/54 78/78/68 77/77/67 61/61/53
f 63/63/55 79/79/69 78/78/68 62/62/54
f 64/64/56 80/80/70 79/79/69 63/63/55
f 65/65/57 81/81/71 80/80/70 64/64/56
f 66/66/58 82/82/72 81/81/71 65/65/57
f 67/67/59 83/83/73 82/82/72 66/66/58
f 68/68/60 84/84/74 83/83/73 67/67/59
f 70/69/3 86/85/75 85/86/33 69/70/33
f 71/71/61 87/87/61 86/85/75 70/69/3
f 72/72/62 88/88/76 87/87/61 71/71/61
f 73/73/63 89/89/77 88/88/76 72/72/62
f 74/74/64 90/90/64 89/89/77 73/73/63
f 75/75/65 91/91/78 90/90/64 74/74/64
f 76/76/66 92/92/79 91/91/78 75/75/65
f 77/77/67 93/93/80 92/92/79 76/76/66
f 78/78/68 94/94/81 93/93/80 77/77/67
f 79/79/69 95/95/82 94/94/81 78/78/68
f 80/80/70 96/96/83 95/95/82 79/79/69
f 81/81/71 97/97/84 96/96/83 80/80/70
f 82/82/72 98/98/85 97/97/84 81/81/71
f 83/83/73 99/99/86 98/98/85 82/82/72
f 84/84/74 100/100/87 99/99/86 83/83/73
f 86/85/75 102/101/75 101/102/33 85/86/33
f 87/87/61 103/103/88 102/101/75 86/85/75
f 88/88/76 104/104/76 103/103/88 87/87/61
f 89/89/77 105/105/89 104/104/76 88/88/76
f 90/90/64 106/106/90 105/105/89 89/89/77
f 91/91/78 107/107/91 106/106/90 90/90/64
f 92/92/79 108/108/92 107/107/91 91/91/78
f 93/93/80 109/109/93 108/108/92 92/92/79
f 94/94/81 110/110/94 109/109/93 93/93/80
f 95/95/82 111/111/95 110/110/94 94/94/81
f 96/96/83 112/112/96 111/111/95 95/95/82
f 97/97/84 113/113/97 112/112/96 96/96/83
f 98/98/85 114/114/98 113/113/97 97/97/84
f 99/99/86 115/115/99 114/114/98 98/98/85
f 100/100/87 116/116/100 115/115/99 99/99/86
f 102/101/75 118/117/75 117/118/101 101/102/33
f 103/103/88 119/119/102 118/117/75 102/101/75
f 104/104/76 120/120/103 119/119/102 103/103/88
f 105/105/89 121/121/104 120/120/103 104/104/76
f 106/106/90 122/122/105 121/121/104 105/105/89
f 107/107/91 123/123/106 122/122/105 106/106/90
f 108/108/92 124/124/107 123/123/106 107/107/91
f 109/109/93 125/125/108 124/124/107 108/108/92
f 110/110/94 126/126/109 125/125/108 109/109/93
f 111/111/95 127/127/110 126/126/109 110/110/94
f 112/112/96 128/128/111 127/127/110 111/111/95
f 113/113/97 129/129/112 128/128/111 112/112/96
f 114/114/98 130/130/113 129/129/112 113/113/97
f 115/115/99 131/131/114 130/130/113 114/114/98
f 116/116/100 132/132/115 131/131/114 115/115/99
f 118/117/75 134/133/75 133/134/101 117/118/101
f 119/119/102 135/135/116 134/133/75 118/117/75
f 120/120/103 136/136/117 135/135/116 119/119/102
f 121/121/104 137/137/118 136/136/117 120/120/103
f 122/122/105 138/138/119 137/137/118 121/121/104
f 123/123/106 139/139/120 138/138/119 122/122/105
f 124/124/107 140/140/121 139/139/120 123/123/106
f 125/125/108 141/141/122 140/140/121 124/124/107
f 126/126/109 142/142/123 141/141/122 125/125/108
f 127/127/110 143/143/124 142/142/123 126/126/109
f 128/128/111 144/144/125 143/143/124 127/127/110
f 129/129/112 145/145/126 144/144/125 128/128/111
f 130/130/113 146/146/127 145/145/126 129/129/112
f 131/131/114 147/147/128 146/146/127 130/130/113
f 132/132/115 148/148/129 147/147/128 131/131/114
f 134/133/75 150/149/130 149/150/101 133/134/101
f 135/135/116 151/151/116 150/149/130 134/133/75
f 136/136/117 152/152/117 151/151/116 135/135/116
f 137/137/118 153/153/131 152/152/117 136/136/117
f 138/138/119 154/154/132 153/153/131 137/137/118
f 139/139/120 155/155/133 154/154/132 138/138/119
f 140/140/121 156/156/134 155/155/133 139/139/120
f 141/141/122 157/157/135 156/156/134 140/140/121
f 142/142/123 158/158/136 157/157/135 141/141/122
f 143/143/124 159/159/137 158/158/136 142/142/123
f 144/144/125 160/160/138 159/159/137 143/143/124
f 145/145/126 161/161/139 160/160/138 144/144/125
f 146/146/127 162/162/140 161/161/139 145/145/126
f 147/147/128 163/163/141 162/162/140 146/146/127
f 148/148/129 164/164/142 163/163/141 147/147/128
f 150/149/130 166/165/143 165/166/101 149/150/101
f 151/151/116 167/167/144 166/165/143 150/149/130
f 152/152/117 168/168/145 167/167/144 151/151/116
f 153/153/131 169/169/146 168/168/145 152/152/117
f 154/154/132 170/170/147 169/169/146 153/153/131
f 155/155/133 171/171/148 170/170/147 154/154/132
f 156/156/134 172/172/149 171/171/148 155/155/133
f 157/157/135 173/173/150 172/172/149 156/156/134
f 158/158/136 174/174/151 173/173/150 157/157/135
f 159/159/137 175/175/152 174/174/151 158/158/136
f 160/160/138 176/176/153 175/175/152 159/159/137
f 161/161/139 177/177/154 176/176/153 160/160/138
f 162/162/140 178/178/155 177/177/154 161/161/139
f 163/163/141 179/179/156 178/178/155 162/162/140
f 164/164/142 180/180/157 179/179/156 163/163/141
f 166/165/143 182/181/143 181/182/101 165/166/101
f 167/167/144 183/183/144 182/181/143 166/165/143
f 168/168/145 184/184/145 183/183/144 167/167/144
f 169/169/146 185/185/158 184/184/145 168/168/145
f 170/170/147 186/186/159 185/185/158 169/169/146
f 171/171/148 187/187/160 186/186/159 170/170/147
f 172/172/149 188/188/161 187/187/160 171/171/148
f 173/173/150 189/189/162 188/188/161 172/172/149
f 174/174/151 190/190/163 189/189/162 173/173/150
f 175/175/152 191/191/164 190/190/163 174/174/151
f 176/176/153 192/192/165 191/191/164 175/175/152
f 177/177/154 193/193/166 192/192/165 176/176/153
f 178/178/155 194/194/167 193/193/166 177/177/154
f 179/179/156 195/195/168 194/194/167 178/178/155
f 180/180/157 196/196/169 195/195/168 179/179/156
f 182/181/143 198/197/143 197/198/101 181/182/101
f 183/183/144 199/199/144 198/197/143 182/181/143
f 184/184/145 200/200/170 199/199/144 183/183/144
f 185/185/158 201/201/171 200/200/170 184/184/145
f 186/186/159 202/202/172 201/201/171 185/185/158
f 187/187/160 203/203/173 202/202/172 186/186/159
f 188/188/161 204/204/174 203/203/173 187/187/160
f 189/189/162 205/205/175 204/204/174 188/188/161
f 190/190/163 206/206/176 205/205/175 189/189/162
f 191/191/164 207/207/177 206/206/176 190/190/163
f 192/192/165 208/208/178 207/207/177 191/191/164
f 193/193/166 209/209/179 208/208/178 192/192/165
f 194/194/167 210/210/180 209/209/179 193/193/166
f 195/195/168 211/211/181 210/210/180 194/194/167
f 196/196/169 212/212/182 211/211/181 195/195/168
f 198/197/143 214/213/183 213/214/101 197/198/101
f 199/199/144 215/215/184 214/213/183 198/197/143
f 200/200/170 216/216/185 215/215/184 199/199/144
f 201/201/171 217/217/171 216/216/185 200/200/170
f 202/202/172 218/218/186 217/217/171 201/201/171
f 203/203/173 219/219/187 218/218/186 202/202/172
f 204/204/174 220/220/188 219/219/187 203/203/173
f 205/205/175 221/221/189 220/220/188 204/204/174
f 206/206/176 222/222/190 221/221/189 205/205/175
f 207/207/177 223/223/191 222/222/190 206/206/176
f 208/208/178 224/224/192 223/223/191 207/207/177
f 209/209/179 225/225/193 224/224/192 208/208/178
f 210/210/180 226/226/194 225/225/193 209/209/179
f 211/211/181 227/227/195 226/226/194 210/210/180
f 212/212/182 228/228/196 227/227/195 211/211/181
f 214/213/183 230/229/183 229/230/101 213/214/101
f 215/215/184 231/231/184 230/229/183 214/213/183
f 216/216/185 232/232/185 231/231/184 215/215/184
f 217/217/171 233/233/197 232/232/185 216/216/185
f 218/218/186 234/234/198 233/233/197 217/217/171
f 219/219/187 235/235/199 234/234/198 218/218/186
f 220/220/188 236/236/200 235/235/199 219/219/187
f 221/221/189 237/237/201 236/236/200 220/220/188
f 222/222/190 238/238/202 237/237/201 221/221/189
f 223/223/191 239/239/203 238/238/202 222/222/190
f 224/224/192 240/240/204 239/239/203 223/223/191
f 225/225/193 241/241/205 240/240/204 224/224/192
f 226/226/194 242/242/206 241/241/205 225/225/193
f 227/227/195 243/243/207 242/242/206 226/226/194
f 228/228/196 244/244/208 243/243/207 227/227/195
f 230/229/183 246/245/183 245/246/209 229/230/101
f 231/231/184 247/247/210 246/245/183 230/229/183
f 232/232/185 248/248/211 247/247/210 231/231/184
f 233/233/197 249/249/212 248/248/211 232/232/185
f 234/234/198 250/250/213 249/249/212 233/233/197
f 235/235/199 251/251/214 250/250/213 234/234/198
f 236/236/200 252/252/215 251/251/214 235/235/199
f 237/237/201 253/253/216 252/252/215 236/236/200
f 238/238/202 254/254/217 253/253/216 237/237/201
f 239/239/203 255/255/218 254/254/217 238/238/202
f 240/240/204 256/256/219 255/255/218 239/239/203
f 241/241/205 257/257/220 256/256/219 240/240/204
f 242/242/206 258/258/221 257/257/220 241/241/205
f 243/243/207 259/259/222 258/258/221 242/242/206
f 244/244/208 260/260/223 259/259/222 243/243/207
f 246/245/183 262/261/183 261/262/209 245/246/209
f 247/247/210 263/263/210 262/261/183 246/245/183
f 248/248/211 264/264/211 263/263/210 247/247/210
f 249/249/212 265/265/224 264/264/211 248/248/211
f 250/250/213 266/266/225 265/265/224 249/249/212
f 251/251/214 267/267/226 266/266/225 250/250/213
f 252/252/215 268/268/227 267/267/226 251/251/214
f 253/253/216 269/269/228 268/268/227 252/252/215
f 254/254/217 270/270/229 269/269/228 253/253/216
f 255/255/218 271/271/230 270/270/229 254/254/217
f 256/256/219 272/272/231 271/271/230 255/255/218
f 257/257/220 273/273/232 272/272/231 256/256/219
f 258/258/221 274/274/233 273/273/232 257/257/220
f 259/259/222 275/275/234 274/274/233 258/258/221
f 260/260/223 276/276/235 275/275/234 259/259/222
f 262/261/183 278/277/183 277/278/209 261/262/209
f 263/263/210 279/279/236 278/277/183 262/261/183
f 264/264/211 280/280/237 279/279/236 263/263/210
f 265/265/224 281/281/238 280/280/237 264/264/211
f 266/266/225 282/282/239 281/281/238 265/265/224
f 267/267/226 283/283/240 282/282/239 266/266/225
f 268/268/227 284/284/241 283/283/240 267/267/226
f 269/269/228 285/285/242 284/284/241 268/268/227
f 270/270/229 286/286/243 285/285/242 269/269/228
f 271/271/230 287/287/244 286/286/243 270/270/229
f 272/272/231 288/288/245 287/287/244 271/271/230
f 273/273/232 289/289/246 288/288/245 272/272/231
f 274/274/233 290/290/247 289/289/246 273/273/232
f 275/275/234 291/291/248 290/290/247 274/274/233
f 276/276/235 292/292/249 291/291/248 275/275/234
f 278/277/183 294/293/250 293/294/209 277/278/209
f 279/279/236 295/295/236 294/293/250 278/277/183
f 280/280/237 296/296/251 295/295/236 279/279/236
f 281/281/238 297/297/238 296/296/251 280/280/237
f 282/282/239 298/298/252 297/297/238 281/281/238
f 283/283/240 299/299/253 298/298/252 282/282/239
f 284/284/241 300/300/254 299/299/253 283/283/240
f 285/285/242 301/301/255 300/300/254 284/284/241
f 286/286/243 302/302/256 301/301/255 285/285/242
f 287/287/244 303/303/257 302/302/256 286/286/243
f 288/288/245 304/304/258 303/303/257 287/287/244
f 289/289/246 305/305/259 304/304/258 288/288/245
f 290/290/247 306/306/260 305/305/259 289/289/246
f 291/291/248 307/307/261 306/306/260 290/290/247
f 292/292/249 308/308/262 307/307/261 291/291/248
f 294/293/250 310/309/250 309/310/209 293/294/209
f 295/295/236 311/311/236 310/309/250 294/293/250
f 296/296/251 312/312/251 311/311/236 295/295/236
f 297/297/238 313/313/263 312/312/251 296/296/251
f 298/298/252 314/314/264 313/313/263 297/297/238
f 299/299/253 315/315/265 314/314/264 298/298/252
f 300/300/254 316/316/266 315/315/265 299/299/253
f 301/301/255 317/317/267 316/316/266 300/300/254
f 302/302/256 318/318/268 317/317/267 301/301/255
f 303/303/257 319/319/269 318/318/268 302/302/256
f 304/304/258 320/320/270 319/319/269 303/303/257
f 305/305/259 321/321/271 320/320/270 304/304/258
f 306/306/260 322/322/272 321/321/271 305/305/259
f 307/307/261 323/323/273 322/322/272 306/306/260
f 308/308/262 324/324/274 323/323/273 307/307/261
f 310/309/250 326/325/250 325/326/275 309/310/209
f 311/311/236 327/327/276 326/325/250 310/309/250
f 312/312/251 328/328/277 327/327/276 311/311/236
f 313/313/263 329/329/278 328/328/277 312/312/251
f 314/314/264 330/330/279 329/329/278 313/313/263
f 315/315/265 331/331/280 330/330/279 314/314/264
f 316/316/266 332/332/281 331/331/280 315/315/265
f 317/317/267 333/333/282 332/332/281 316/316/266
f 318/318/268 334/334/283 333/333/282 317/317/267
f 319/319/269 335/335/284 334/334/283 318/318/268
f 320/320/270 336/336/285 335/335/284 319/319/269
f 321/321/271 337/337/286 336/336/285 320/320/270
f 322/322/272 338/338/287 337/337/286 321/321/271
f 323/323/273 339/339/288 338/338/287 322/322/272
f 324/324/274 340/340/289 339/339/288 323/323/273
f 326/325/250 342/341/290 341/342/275 325/326/275
f 327/327/276 343/343/276 342/341/290 326/325/250
f 328/328/277 344/344/277 343/343/276 327/327/276
f 329/329/278 345/345/291 344/344/277 328/328/277
f 330/330/279 346/346/292 345/345/291 329/329/278
f 331/331/280 347/347/293 346/346/292 330/330/279
f 332/332/281 348/348/294 347/347/293 331/331/280
f 333/333/282 349/349/295 348/348/294 332/332/281
f 334/334/283 350/350/296 349/349/295 333/333/282
f 335/335/284 351/351/297 350/350/296 334/334/283
f 336/336/285 352/352/298 351/351/297 335/335/284
f 337/337/286 353/353/299 352/352/298 336/336/285
f 338/338/287 354/354/300 353/353/299 337/337/286
f 339/339/288 355/355/301 354/354/300 338/338/287
f 340/340/289 356/356/302 355/355/301 339/339/288
f 342/341/290 358/357/290 357/358/275 341/342/275
f 343/343/276 359/359/276 358/357/290 342/341/290
f 344/344/277 360/360/303 359/359/276 343/343/276
f 345/345/291 361/361/304 360/360/303 344/344/277
f 346/346/292 362/362/292 361/361/304 345/345/291
f 347/347/293 363/363/305 362/362/292 346/346/292
f 348/348/294 364/364/306 363/363/305 347/347/293
f 349/349/295 365/365/307 364/364/306 348/348/294
f 350/350/296 366/366/308 365/365/307 349/349/295
f 351/351/297 367/367/309 366/366/308 350/350/296
f 352/352/298 368/368/310 367/367/309 351/351/297
f 353/353/299 369/369/311 368/368/310 352/352/298
f 354/354/300 370/370/312 369/369/311 353/353/299
f 355/355/301 371/371/313 370/370/312 354/354/300
f 356/356/302 372/372/314 371/371/313 355/355/301
f 358/357/290 374/373/290 373/374/275 357/358/275
f 359/359/276 375/375/315 374/373/290 358/357/290
f 360/360/303 376/376/316 375/375/315 359/359/276
f 361/361/304 377/377/317 376/376/316 360/360/303
f 362/362/292 378/378/318 377/377/317 361/361/304
f 363/363/305 379/379/319 378/378/318 362/362/292
f 364/364/306 380/380/320 379/379/319 363/363/305
f 365/365/307 381/381/321 380/380/320 364/364/306
f 366/366/308 382/382/322 381/381/321 365/365/307
f 367/367/309 383/383/323 382/382/322 366/366/308
f 368/368/310 384/384/324 383/383/323 367/367/309
f 369/369/311 385/385/325 384/384/324 368/368/310
f 370/370/312 386/386/326 385/385/325 369/369/311
f 371/371/313 387/387/327 386/386/326 370/370/312
f 372/372/314 388/388/328 387/387/327 371/371/313
f 374/373/290 390/389/290 389/390/275 373/374/275
f 375/375/315 391/391/315 390/389/290 374/373/290
f 376/376/316 392/392/316 391/391/315 375/375/315
f 377/377/317 393/393/317 392/392/316 376/376/316
f 378/378/318 394/394/318 393/393/317 377/377/317
f 379/379/319 395/395/329 394/394/318 378/378/318
f 380/380/320 396/396/330 395/395/329 379/379/319
f 381/381/321 397/397/331 396/396/330 380/380/320
f 382/382/322 398/398/332 397/397/331 381/381/321
f 383/383/323 399/399/333 398/398/332 382/382/322
f 384/384/324 400/400/334 399/399/333 383/383/323
f 385/385/325 401/401/335 400/400/334 384/384/324
f 386/386/326 402/402/336 401/401/335 385/385/325
f 387/387/327 403/403/337 402/402/336 386/386/326
f 388/388/328 404/404/338 403/403/337 387/387/327
f 390/389/290 406/405/290 405/406/275 389/390/275
f 391/391/315 407/407/339 406/405/290 390/389/290
f 392/392/316 408/408/340 407/407/339 391/391/315
f 393/393/317 409/409/341 408/408/340 392/392/316
f 394/394/318 410/410/342 409/409/341 393/393/317
f 395/395/329 411/411/343 410/410/342 394/394/318
f 396/396/330 412/412/344 411/411/343 395/395/329
f 397/397/331 413/413/345 412/412/344 396/396/330
f 398/398/332 414/414/346 413/413/345 397/397/331
f 399/399/333 415/415/347 414/414/346 398/398/332
f 400/400/334 416/416/348 415/415/347 399/399/333
f 401/401/335 417/417/349 416/416/348 400/400/334
f 402/402/336 418/418/350 417/417/349 401/401/335
f 403/403/337 419/419/351 418/418/350 402/402/336
f 404/404/338 420/420/352 419/419/351 403/403/337
f 406/405/290 422/421/353 421/422/275 405/406/275
f 407/407/339 423/423/339 422/421/353 406/405/290
f 408/408/340 424/424/354 423/423/339 407/407/339
f 409/409/341 425/425/355 424/424/354 408/408/340
f 410/410/342 426/426/342 425/425/355 409/409/341
f 411/411/343 427/427/356 426/426/342 410/410/342
f 412/412/344 428/428/357 427/427/356 411/411/343
f 413/413/345 429/429/358 428/428/357 412/412/344
f 414/414/346 430/430/359 429/429/358 413/413/345
f 415/415/347 431/431/360 430/430/359 414/414/346
f 416/416/348 432/432/361 431/431/360 415/415/347
f 417/417/349 433/433/362 432/432/361 416/416/348
f 418/418/350 434/434/363 433/433/362 417/417/349
f 419/419/351 435/435/364 434/434/363 418/418/350
f 420/420/352 436/436/365 435/435/364 419/419/351
f 422/421/353 438/437/353 437/438/275 421/422/275
f 423/423/339 439/439/339 438/437/353 422/421/353
f 424/424/354 440/440/354 439/439/339 423/423/339
f 425/425/355 441/441/366 440/440/354 424/424/354
f 426/426/342 442/442/367 441/441/366 425/425/355
f 427/427/356 443/443/368 442/442/367 426/426/342
f 428/428/357 444/444/369 443/443/368 427/427/356
f 429/429/358 445/445/370 444/444/369 428/428/357
f 430/430/359 446/446/371 445/445/370 429/429/358
f 431/431/360 447/447/372 446/446/371 430/430/359
f 432/432/361 448/448/373 447/447/372 431/431/360
f 433/433/362 449/449/374 448/448/373 432/432/361
f 434/434/363 450/450/375 449/449/374 433/433/362
f 435/435/364 451/451/376 450/450/375 434/434/363
f 436/436/365 452/452/377 451/451/376 435/435/364
f 438/437/353 454/453/353 453/454/378 437/438/275
f 439/439/339 455/455/379 454/453/353 438/437/353
f 440/440/354 456/456/380 455/455/379 439/439/339
f 441/441/366 457/457/381 456/456/380 440/440/354
f 442/442/367 458/458/382 457/457/381 441/441/366
f 443/443/368 459/459/383 458/458/382 442/442/367
f 444/444/369 460/460/384 459/459/383 443/443/368
f 445/445/370 461/461/385 460/460/384 444/444/369
f 446/446/371 462/462/386 461/461/385 445/445/370
f 447/447/372 463/463/387 462/462/386 446/446/371
f 448/448/373 464/464/388 463/463/387 447/447/372
f 449/449/374 465/465/389 464/464/388 448/448/373
f 450/450/375 466/466/390 465/465/389 449/449/374
f 451/451/376 467/467/391 466/466/390 450/450/375
f 452/452/377 468/468/392 467/467/391 451/451/376
f 454/453/353 470/469/353 469/470/378 453/454/378
f 455/455/379 471/471/379 470/469/353 454/453/353
f 456/456/380 472/472/380 471/471/379 455/455/379
f 457/457/381 473/473/393 472/472/380 456/456/380
f 458/458/382 474/474/394 473/473/393 457/457/381
f 459/459/383 475/475/395 474/474/394 458/458/382
f 460/460/384 476/476/396 475/475/395 459/459/383
f 461/461/385 477/477/397 476/476/396 460/460/384
f 462/462/386 478/478/398 477/477/397 461/461/385
f 463/463/387 479/479/399 478/478/398 462/462/386
f 464/464/388 480/480/400 479/479/399 463/463/387
f 465/465/389 481/481/401 480/480/400 464/464/388
f 466/466/390 482/482/402 481/481/401 465/465/389
f 467/467/391 483/483/403 482/482/402 466/466/390
f 468/468/392 484/484/404 483/483/403 467/467/391
f 470/469/353 486/485/405 485/486/378 469/470/378
f 471/471/379 487/487/379 486/485/405 470/469/353
f 472/472/380 488/488/406 487/487/379 471/471/379
f 473/473/393 489/489/393 488/488/406 472/472/380
f 474/474/394 490/490/407 489/489/393 473/473/393
f 475/475/395 491/491/408 490/490/407 474/474/394
f 476/476/396 492/492/409 491/491/408 475/475/395
f 477/477/397 493/493/410 492/492/409 476/476/396
f 478/478/398 494/494/411 493/493/410 477/477/397
f 479/479/399 495/495/412 494/494/411 478/478/398
f 480/480/400 496/496/413 495/495/412 479/479/399
f 481/481/401 497/497/414 496/496/413 480/480/400
f 482/482/402 498/498/415 497/497/414 481/481/401
f 483/483/403 499/499/416 498/498/415 482/482/402
f 484/484/404 500/500/417 499/499/416 483/483/403
f 486/485/405 502/501/405 501/502/378 485/486/378
f 487/487/379 503/503/418 502/501/405 486/485/405
f 488/488/406 504/504/419 503/503/418 487/487/379
f 489/489/393 505/505/420 504/504/419 488/488/406
f 490/490/407 506/506/421 505/505/420 489/489/393
f 491/491/408 507/507/422 506/506/421 490/490/407
f 492/492/409 508/508/423 507/507/422 491/491/408
f 493/493/410 509/509/424 508/508/423 492/492/409
f 494/494/411 510/510/425 509/509/424 493/493/410
f 495/495/412 511/511/426 510/510/425 494/494/411
f 496/496/413 512/512/427 511/511/426 495/495/412
f 497/497/414 513/513/428 512/512/427 496/496/413
f 498/498/415 514/514/429 513/513/428 497/497/414
f 499/499/416 515/515/430 514/514/429 498/498/415
f 500/500/417 516/516/431 515/515/430 499/499/416
f 502/501/405 518/517/405 517/518/378 501/502/378
f 503/503/418 519/519/418 518/517/405 502/501/405
f 504/504/419 520/520/419 519/519/418 503/503/418
f 505/505/420 521/521/432 520/520/419 504/504/419
f 506/506/421 522/522/433 521/521/432 505/505/420
f 507/507/422 523/523/434 522/522/433 506/506/421
f 508/508/423 524/524/435 523/523/434 507/507/422
f 509/509/424 525/525/436 524/524/435 508/508/423
f 510/510/425 526/526/437 525/525/436 509/509/424
f 511/511/426 527/527/438 526/526/437 510/510/425
f 512/512/427 528/528/439 527/527/438 511/511/426
f 513/513/428 529/529/440 528/528/439 512/512/427
f 514/514/429 530/530/441 529/529/440 513/513/428
f 515/515/430 531/531/442 530/530/441 514/514/429
f 516/516/431 532/532/443 531/531/442 515/515/430
f 518/517/405 534/533/405 533/534/444 517/518/378
f 519/519/418 535/535/445 534/533/405 518/517/405
f 520/520/419 536/536/446 535/535/445 519/519/418
f 521/521/432 537/537/447 536/536/446 520/520/419
f 522/522/433 538/538/448 537/537/447 521/521/432
f 523/523/434 539/539/449 538/538/448 522/522/433
f 524/524/435 540/540/450 539/539/449 523/523/434
f 525/525/436 541/541/451 540/540/450 524/524/435
f 526/526/437 542/542/452 541/541/451 525/525/436
f 527/527/438 543/543/453 542/542/452 526/526/437
f 528/528/439 544/544/454 543/543/453 527/527/438
f 529/529/440 545/545/455 544/544/454 528/528/439
f 530/530/441 546/546/456 545/545/455 529/529/440
f 531/531/442 547/547/457 546/546/456 530/530/441
f 532/532/443 548/548/458 547/547/457 531/531/442
f 534/533/405 550/549/405 549/550/444 533/534/444
f 535/535/445 551/551/445 550/549/405 534/533/405
f 536/536/446 552/552/446 551/551/445 535/535/445
f 537/537/447 553/553/459 552/552/446 536/536/446
f 538/538/448 554/554/460 553/553/459 537/537/447
f 539/539/449 555/555/461 554/554/460 538/538/448
f 540/540/450 556/556/462 555/555/461 539/539/449
f 541/541/451 557/557/463 556/556/462 540/540/450
f 542/542/452 558/558/464 557/557/463 541/541/451
f 543/543/453 559/559/465 558/558/464 542/542/452
f 544/544/454 560/560/466 559/559/465 543/543/453
f 545/545/455 561/561/467 560/560/466 544/544/454
f 546/546/456 562/562/468 561/561/467 545/545/455
f 547/547/457 563/563/469 562/562/468 546/546/456
f 548/548/458 564/564/470 563/563/469 547/547/457
f 550/549/405 566/565/471 565/566/444 549/550/444
f 551/551/445 567/567/472 566/565/471 550/549/405
f 552/552/446 568/568/473 567/567/472 551/551/445
f 553/553/459 569/569/459 568/568/473 552/552/446
f 554/554/460 570/570/474 569/569/459 553/553/459
f 555/555/461 571/571/475 570/570/474 554/554/460
f 556/556/462 572/572/476 571/571/475 555/555/461
f 557/557/463 573/573/477 572/572/476 556/556/462
f 558/558/464 574/574/478 573/573/477 557/557/463
f 559/559/465 575/575/479 574/574/478 558/558/464
f 560/560/466 576/576/480 575/575/479 559/559/465
f 561/561/467 577/577/481 576/576/480 560/560/466
f 562/562/468 578/578/482 577/577/481 561/561/467
f 563/563/469 579/579/483 578/578/482 562/562/468
f 564/564/470 580/580/484 579/579/483 563/563/469
f 566/565/471 582/581/471 581/582/444 565/566/444
f 567/567/472 583/583/472 582/581/471 566/565/471
f 568/568/473 584/584/485 583/583/472 567/567/472
f 569/569/459 585/585/486 584/584/485 568/568/473
f 570/570/474 586/586/487 585/585/486 569/569/459
f 571/571/475 587/587/488 586/586/487 570/570/474
f 572/572/476 588/588/489 587/587/488 571/571/475
f 573/573/477 589/589/490 588/588/489 572/572/476
f 574/574/478 590/590/491 589/589/490 573/573/477
f 575/575/479 591/591/492 590/590/491 574/574/478
f 576/576/480 592/592/493 591/591/492 575/575/479
f 577/577/481 593/593/494 592/592/493 576/576/480
f 578/578/482 594/594/495 593/593/494 577/577/481
f 579/579/483 595/595/496 594/594/495 578/578/482
f 580/580/484 596/596/497 595/595/496 579/579/483
f 582/581/471 598/597/471 597/598/444 581/582/444
f 583/583/472 599/599/472 598/597/471 582/581/471
f 584/584/485 600/600/485 599/599/472 583/583/472
f 585/585/486 601/601/498 600/600/485 584/584/485
f 586/586/487 602/602/499 601/601/498 585/585/486
f 587/587/488 603/603/500 602/602/499 586/586/487
f 588/588/489 604/604/501 603/603/500 587/587/488
f 589/589/490 605/605/502 604/604/501 588/588/489
f 590/590/491 606/606/503 605/605/502 589/589/490
f 591/591/492 607/607/504 606/606/503 590/590/491
f 592/592/493 608/608/505 607/607/504 591/591/492
f 593/593/494 609/609/506 608/608/505 592/592/493
f 594/594/495 610/610/507 609/609/506 593/593/494
f 595/595/496 611/611/508 610/610/507 594/594/495
f 596/596/497 612/612/509 611/611/508 595/595/496
f 598/597/471 614/613/510 613/614/444 597/598/444
f 599/599/472 615/615/511 614/613/510 598/597/471
f 600/600/485 616/616/512 615/615/511 599/599/472
f 601/601/498 617/617/513 616/616/512 600/600/485
f 602/602/499 618/618/514 617/617/513 601/601/498
f 603/603/500 619/619/515 618/618/514 602/602/499
f 604/604/501 620/620/516 619/619/515 603/603/500
f 605/605/502 621/621/517 620/620/516 604/604/501
f 606/606/503 622/622/518 621/621/517 605/605/502
f 607/607/504 623/623/519 622/622/518 606/606/503
f 608/608/505 624/624/520 623/623/519 607/607/504
f 609/609/506 625/625/521 624/624/520 608/608/505
f 610/610/507 626/626/522 625/625/521 609/609/506
f 611/611/508 627/627/523 626/626/522 610/610/507
f 612/612/509 628/628/524 627/627/523 611/611/508
f 614/613/510 630/629/525 629/630/444 613/614/444
f 615/615/511 631/631/511 630/629/525 614/613/510
f 616/616/512 632/632/512 631/631/511 615/615/511
f 617/617/513 633/633/526 632/632/512 616/616/512
f 618/618/514 634/634/527 633/633/526 617/617/513
f 619/619/515 635/635/528 634/634/527 618/618/514
f 620/620/516 636/636/529 635/635/528 619/619/515
f 621/621/517 637/637/530 636/636/529 620/620/516
f 622/622/518 638/638/531 637/637/530 621/621/517
f 623/623/519 639/639/532 638/638/531 622/622/518
f 624/624/520 640/640/533 639/639/532 623/623/519
f 625/625/521 641/641/534 640/640/533 624/624/520
f 626/626/522 642/642/535 641/641/534 625/625/521
f 627/627/523 643/643/536 642/642/535 626/626/522
f 628/628/524 644/644/537 643/643/536 627/627/523
f 630/629/525 646/645/525 645/646/444 629/630/444
f 631/631/511 647/647/538 646/645/525 630/629/525
f 632/632/512 648/648/539 647/647/538 631/631/511
f 633/633/526 649/649/540 648/648/539 632/632/512
f 634/634/527 650/650/541 649/649/540 633/633/526
f 635/635/528 651/651/542 650/650/541 634/634/527
f 636/636/529 652/652/543 651/651/542 635/635/528
f 637/637/530 653/653/544 652/652/543 636/636/529
f 638/638/531 654/654/545 653/653/544 637/637/530
f 639/639/532 655/655/546 654/654/545 638/638/531
f 640/640/533 656/656/547 655/655/546 639/639/532
f 641/641/534 657/657/548 656/656/547 640/640/533
f 642/642/535 658/658/549 657/657/548 641/641/534
f 643/643/536 659/659/550 658/658/549 642/642/535
f 644/644/537 660/660/551 659/659/550 643/643/536
f 646/645/525 662/661/525 661/662/552 645/646/444
f 647/647/538 663/663/553 662/661/525 646/645/525
f 648/648/539 664/664/554 663/663/553 647/647/538
f 649/649/540 665/665/555 664/664/554 648/648/539
f 650/650/541 666/666/556 665/665/555 649/649/540
f 651/651/542 667/667/557 666/666/556 650/650/541
f 652/652/543 668/668/558 667/667/557 651/651/542
f 653/653/544 669/669/559 668/668/558 652/652/543
f 654/654/545 670/670/560 669/669/559 653/653/544
f 655/655/546 671/671/561 670/670/560 654/654/545
f 656/656/547 672/672/562 671/671/561 655/655/546
f 657/657/548 673/673/563 672/672/562 656/656/547
f 658/658/549 674/674/564 673/673/563 657/657/548
f 659/659/550 675/675/565 674/674/564 658/658/549
f 660/660/551 676/676/566 675/675/565 659/659/550
f 662/661/525 678/677/525 677/678/552 661/662/552
f 663/663/553 679/679/567 678/677/525 662/661/525
f 664/664/554 680/680/554 679/679/567 663/663/553
f 665/665/555 681/681/568 680/680/554 664/664/554
f 666/666/556 682/682/569 681/681/568 665/665/555
f 667/667/557 683/683/570 682/682/569 666/666/556
f 668/668/558 684/684/571 683/683/570 667/667/557
f 669/669/559 685/685/572 684/684/571 668/668/558
f 670/670/560 686/686/573 685/685/572 669/669/559
f 671/671/561 687/687/574 686/686/573 670/670/560
f 672/672/562 688/688/575 687/687/574 671/671/561
f 673/673/563 689/689/576 688/688/575 672/672/562
f 674/674/564 690/690/577 689/689/576 673/673/563
f 675/675/565 691/691/578 690/690/577 674/674/564
f 676/676/566 692/692/579 691/691/578 675/675/565
f 678/677/525 694/693/580 693/694/552 677/678/552
f 679/679/567 695/695/567 694/693/580 678/677/525
f 680/680/554 696/696/581 695/695/567 679/679/567
f 681/681/568 697/697/582 696/696/581 680/680/554
f 682/682/569 698/698/569 697/697/582 681/681/568
f 683/683/570 699/699/583 698/698/569 682/682/569
f 684/684/571 700/700/584 699/699/583 683/683/570
f 685/685/572 701/701/585 700/700/584 684/684/571
f 686/686/573 702/702/586 701/701/585 685/685/572
f 687/687/574 703/703/587 702/702/586 686/686/573
f 688/688/575 704/704/588 703/703/587 687/687/574
f 689/689/576 705/705/589 704/704/588 688/688/575
f 690/690/577 706/706/590 705/705/589 689/689/576
f 691/691/578 707/707/591 706/706/590 690/690/577
f 692/692/579 708/708/592 707/707/591 691/691/578
f 694/693/580 710/709/580 709/710/552 693/694/552
f 695/695/567 711/711/593 710/709/580 694/693/580
f 696/696/581 712/712/594 711/711/593 695/695/567
f 697/697/582 713/713/595 712/712/594 696/696/581
f 698/698/569 714/714/596 713/713/595 697/697/582
f 699/699/583 715/715/597 714/714/596 698/698/569
f 700/700/584 716/716/598 715/715/597 699/699/583
f 701/701/585 717/717/599 716/716/598 700/700/584
f 702/702/586 718/718/600 717/717/599 701/701/585
f 703/703/587 719/719/601 718/718/600 702/702/586
f 704/704/588 720/720/602 719/719/601 703/703/587
f 705/705/589 721/721/603 720/720/602 704/704/588
f 706/706/590 722/722/604 721/721/603 705/705/589
f 707/707/591 723/723/605 722/722/604 706/706/590
f 708/708/592 724/724/606 723/723/605 707/707/591
f 710/709/580 726/725/580 725/726/552 709/710/552
f 711/711/593 727/727/607 726/725/580 710/709/580
f 712/712/594 728/728/608 727/727/607 711/711/593
f 713/713/595 729/729/609 728/728/608 712/712/594
f 714/714/596 730/730/610 729/729/609 713/713/595
f 715/715/597 731/731/611 730/730/610 714/714/596
f 716/716/598 732/732/612 731/731/611 715/715/597
f 717/717/599 733/733/613 732/732/612 716/716/598
f 718/718/600 734/734/614 733/733/613 717/717/599
f 719/719/601 735/735/615 734/734/614 718/718/600
f 720/720/602 736/736/616 735/735/615 719/719/601
f 721/721/603 737/737/617 736/736/616 720/720/602
f 722/722/604 738/738/618 737/737/617 721/721/603
f 723/723/605 739/739/619 738/738/618 722/722/604
f 724/724/606 740/740/620 739/739/619 723/723/605
f 726/725/580 742/741/580 741/742/621 725/726/552
f 727/727/607 743/743/607 742/741/580 726/725/580
f 728/728/608 744/744/622 743/743/607 727/727/607
f 729/729/609 745/745/623 744/744/622 728/728/608
f 730/730/610 746/746/624 745/745/623 729/729/609
f 731/731/611 747/747/625 746/746/624 730/730/610
f 732/732/612 748/748/626 747/747/625 731/731/611
f 733/733/613 749/749/627 748/748/626 732/732/612
f 734/734/614 750/750/628 749/749/627 733/733/613
f 735/735/615 751/751/629 750/750/628 734/734/614
f 736/736/616 752/752/630 751/751/629 735/735/615
f 737/737/617 753/753/631 752/752/630 736/736/616
f 738/738/618 754/754/632 753/753/631 737/737/617
f 739/739/619 755/755/633 754/754/632 738/738/618
f 740/740/620 756/756/634 755/755/633 739/739/619
f 742/741/580 758/757/635 757/758/621 741/742/621
f 743/743/607 759/759/636 758/757/635 742/741/580
f 744/744/622 760/760/637 759/759/636 743/743/607
f 745/745/623 761/761/638 760/760/637 744/744/622
f 746/746/624 762/762/639 761/761/638 745/745/623
f 747/747/625 763/763/640 762/762/639 746/746/624
f 748/748/626 764/764/641 763/763/640 747/747/625
f 749/749/627 765/765/642 764/764/641 748/748/626
f 750/750/628 766/766/643 765/765/642 749/749/627
f 751/751/629 767/767/644 766/766/643 750/750/628
f 752/752/630 768/768/645 767/767/644 751/751/629
f 753/753/631 769/769/646 768/768/645 752/752/630
f 754/754/632 770/770/647 769/769/646 753/753/631
f 755/755/633 771/771/648 770/770/647 754/754/632
f 756/756/634 772/772/649 771/771/648 755/755/633
o SurfPatch.001
v -80.861473 122.612038 -266.861786
v -80.861458 99.651245 -264.369751
v -80.861443 79.720161 -260.233765
v -80.861458 62.603596 -254.603043
v -80.861443 48.086464 -247.626801
v -80.861458 35.953590 -239.454300
v -80.861473 25.989864 -230.234726
v -80.861443 17.980137 -220.117340
v -80.861473 11.709273 -209.251328
v -80.861473 6.962147 -197.785950
v -80.861458 3.523617 -185.870422
v -80.861458 1.178550 -173.653961
v -80.861473 -0.288191 -161.285797
v -80.861473 -1.091740 -148.915161
v -80.861458 -1.447232 -136.691269
v -80.861473 -1.569803 -124.763359
v -73.840599 122.636322 -266.861786
v -73.840569 99.676453 -264.369751
v -73.840584 79.746147 -260.233765
v -73.840569 62.630238 -254.603027
v -73.840599 48.113628 -247.626816
v -73.840569 35.981144 -239.454300
v -73.840569 26.017668 -230.234726
v -73.840569 18.008074 -220.117340
v -73.840584 11.737211 -209.251328
v -73.840569 6.989955 -197.785950
v -73.840599 3.551167 -185.870422
v -73.840569 1.205710 -173.653961
v -73.840569 -0.261549 -161.285797
v -73.840569 -1.065746 -148.915161
v -73.840584 -1.422016 -136.691284
v -73.840584 -1.545494 -124.763374
v -66.819695 122.659569 -266.861786
v -66.819710 99.700584 -264.369751
v -66.819725 79.771004 -260.233765
v -66.819679 62.655712 -254.603043
v -66.819695 48.139603 -247.626801
v -66.819695 36.007496 -239.454300
v -66.819725 26.044268 -230.234741
v -66.819710 18.034794 -220.117340
v -66.819695 11.763937 -209.251328
v -66.819725 7.016554 -197.785950
v -66.819695 3.577518 -185.870422
v -66.819695 1.231689 -173.653961
v -66.819695 -0.236066 -161.285797
v -66.819710 -1.040883 -148.915161
v -66.819695 -1.397897 -136.691284
v -66.819695 -1.522243 -124.763374
v -59.798836 122.681763 -266.861786
v -59.798836 99.723610 -264.369751
v -59.798820 79.794746 -260.233765
v -59.798820 62.680050 -254.603043
v -59.798820 48.164398 -247.626801
v -59.798851 36.032646 -239.454300
v -59.798820 26.069662 -230.234726
v -59.798836 18.060303 -220.117340
v -59.798820 11.789446 -209.251328
v -59.798851 7.041946 -197.785950
v -59.798851 3.602672 -185.870422
v -59.798820 1.256488 -173.653961
v -59.798836 -0.211740 -161.285797
v -59.798820 -1.017149 -148.915161
v -59.798851 -1.374874 -136.691284
v -59.798836 -1.500048 -124.763359
v -52.777977 122.702927 -266.861786
v -52.777977 99.745529 -264.369751
v -52.777962 79.817329 -260.233765
v -52.777962 62.703213 -254.603043
v -52.777977 48.188019 -247.626816
v -52.777962 36.056610 -239.454300
v -52.777977 26.093845 -230.234726
v -52.777946 18.084602 -220.117340
v -52.777962 11.813743 -209.251328
v -52.777962 7.066127 -197.785950
v -52.777977 3.626629 -185.870422
v -52.777946 1.280106 -173.653946
v -52.777962 -0.188574 -161.285797
v -52.777962 -0.994546 -148.915161
v -52.777962 -1.352947 -136.691284
v -52.777977 -1.478911 -124.763359
v -45.757088 122.723000 -266.861786
v -45.757088 99.766357 -264.369751
v -45.757088 79.838821 -260.233765
v -45.757072 62.725216 -254.603043
v -45.757072 48.210453 -247.626801
v -45.757088 36.079361 -239.454315
v -45.757072 26.116817 -230.234726
v -45.757088 18.107677 -220.117325
v -45.757088 11.836818 -209.251328
v -45.757088 7.089099 -197.785950
v -45.757103 3.649385 -185.870422
v -45.757072 1.302543 -173.653946
v -45.757088 -0.166565 -161.285797
v -45.757072 -0.973073 -148.915161
v -45.757072 -1.332116 -136.691284
v -45.757072 -1.458830 -124.763374
v -38.736214 122.742012 -266.861786
v -38.736214 99.786110 -264.369751
v -38.736229 79.859154 -260.233765
v -38.736214 62.746067 -254.603043
v -38.736206 48.231716 -247.626801
v -38.736214 36.100922 -239.454300
v -38.736214 26.138577 -230.234726
v -38.736191 18.129541 -220.117340
v -38.736214 11.858685 -209.251328
v -38.736214 7.110863 -197.785965
v -38.736206 3.670946 -185.870407
v -38.736206 1.323799 -173.653946
v -38.736214 -0.145715 -161.285797
v -38.736214 -0.952730 -148.915161
v -38.736214 -1.312382 -136.691284
v -38.736206 -1.439806 -124.763374
v -31.715340 122.759987 -266.861786
v -31.715340 99.804726 -264.369751
v -31.715347 79.878395 -260.233765
v -31.715340 62.765766 -254.603027
v -31.715347 48.251789 -247.626801
v -31.715355 36.121284 -239.454300
v -31.715332 26.159134 -230.234741
v -31.715347 18.150194 -220.117340
v -31.715340 11.879335 -209.251328
v -31.715340 7.131417 -197.785950
v -31.715347 3.691309 -185.870422
v -31.715317 1.343875 -173.653946
v -31.715340 -0.126023 -161.285782
v -31.715355 -0.933518 -148.915146
v -31.715340 -1.293744 -136.691284
v -31.715347 -1.421839 -124.763374
v -24.694466 122.776901 -266.861786
v -24.694458 99.822281 -264.369751
v -24.694466 79.896454 -260.233765
v -24.694443 62.784298 -254.603043
v -24.694481 48.270683 -247.626816
v -24.694481 36.140450 -239.454300
v -24.694473 26.178478 -230.234741
v -24.694443 18.169628 -220.117325
v -24.694458 11.898770 -209.251328
v -24.694458 7.150762 -197.785950
v -24.694466 3.710473 -185.870407
v -24.694458 1.362768 -173.653961
v -24.694466 -0.107490 -161.285797
v -24.694466 -0.915435 -148.915161
v -24.694458 -1.276203 -136.691284
v -24.694458 -1.404929 -124.763374
v -17.673592 122.792763 -266.861786
v -17.673576 99.838730 -264.369751
v -17.673569 79.913406 -260.233765
v -17.673569 62.801678 -254.603043
v -17.673592 48.288395 -247.626801
v -17.673592 36.158421 -239.454300
v -17.673576 26.196613 -230.234726
v -17.673561 18.187851 -220.117325
v -17.673592 11.916990 -209.251328
v -17.673592 7.168898 -197.785950
v -17.673592 3.728441 -185.870407
v -17.673576 1.380482 -173.653961
v -17.673592 -0.090115 -161.285797
v -17.673592 -0.898483 -148.915161
v -17.673592 -1.259758 -136.691284
v -17.673576 -1.389076 -124.763359
v -10.652725 122.807541 -266.861786
v -10.652733 99.854080 -264.369751
v -10.652748 79.929245 -260.233765
v -10.652718 62.817898 -254.603027
v -10.652748 48.304932 -247.626801
v -10.652733 36.175190 -239.454300
v -10.652725 26.213541 -230.234726
v -10.652725 18.204857 -220.117325
v -10.652725 11.933998 -209.251328
v -10.652725 7.185827 -197.785950
v -10.652733 3.745209 -185.870407
v -10.652718 1.397014 -173.653946
v -10.652733 -0.073898 -161.285797
v -10.652725 -0.882661 -148.915146
v -10.652725 -1.244409 -136.691284
v -10.652725 -1.374279 -124.763359
v -3.631844 122.821281 -266.861786
v -3.631851 99.868317 -264.369751
v -3.631851 79.943916 -260.233765
v -3.631828 62.832951 -254.603043
v -3.631844 48.320278 -247.626801
v -3.631851 36.190762 -239.454300
v -3.631851 26.229258 -230.234726
v -3.631821 18.220650 -220.117325
v -3.631844 11.949786 -209.251328
v -3.631844 7.201543 -197.785950
v -3.631844 3.760781 -185.870407
v -3.631844 1.412365 -173.653946
v -3.631844 -0.058840 -161.285797
v -3.631844 -0.867968 -148.915161
v -3.631844 -1.230157 -136.691284
v -3.631844 -1.360540 -124.763359
v 3.389030 122.833961 -266.861786
v 3.389038 99.881462 -264.369751
v 3.389038 79.957497 -260.233765
v 3.389038 62.846844 -254.603043
v 3.389030 48.334446 -247.626801
v 3.389038 36.205135 -239.454300
v 3.389030 26.243767 -230.234726
v 3.389030 18.235222 -220.117340
v 3.389038 11.964364 -209.251328
v 3.389038 7.216052 -197.785950
v 3.389046 3.775155 -185.870422
v 3.389030 1.426536 -173.653946
v 3.389046 -0.044940 -161.285797
v 3.389038 -0.854407 -148.915161
v 3.389046 -1.217001 -136.691284
v 3.389038 -1.347857 -124.763374
v 10.409904 122.845596 -266.861786
v 10.409912 99.893539 -264.369751
v 10.409904 79.969910 -260.233765
v 10.409912 62.859585 -254.603027
v 10.409920 48.347443 -247.626801
v 10.409920 36.218311 -239.454300
v 10.409904 26.257067 -230.234741
v 10.409920 18.248590 -220.117340
v 10.409912 11.977726 -209.251328
v 10.409912 7.229352 -197.785950
v 10.409904 3.788332 -185.870407
v 10.409889 1.439526 -173.653946
v 10.409904 -0.032197 -161.285782
v 10.409904 -0.841975 -148.915161
v 10.409904 -1.204941 -136.691269
v 10.409904 -1.336232 -124.763351
v 17.430794 122.856163 -266.861786
v 17.430779 99.904503 -264.369751
v 17.430786 79.981209 -260.233765
v 17.430771 62.871174 -254.603043
v 17.430779 48.359245 -247.626801
v 17.430779 36.230289 -239.454300
v 17.430779 26.269156 -230.234726
v 17.430786 18.260731 -220.117340
v 17.430786 11.989873 -209.251328
v 17.430786 7.241443 -197.785950
v 17.430779 3.800310 -185.870407
v 17.430794 1.451334 -173.653961
v 17.430794 -0.020614 -161.285797
v 17.430779 -0.830673 -148.915161
v 17.430794 -1.193978 -136.691254
v 17.430779 -1.325663 -124.763351
v 24.451653 122.865662 -266.861786
v 24.451660 99.914368 -264.369751
v 24.451649 79.991386 -260.233765
v 24.451664 62.881603 -254.603027
v 24.451660 48.369881 -247.626816
v 24.451649 36.241062 -239.454285
v 24.451649 26.280039 -230.234726
v 24.451660 18.271666 -220.117340
v 24.451649 12.000805 -209.251328
v 24.451645 7.252323 -197.785950
v 24.451649 3.811089 -185.870422
v 24.451656 1.461963 -173.653961
v 24.451653 -0.010189 -161.285797
v 24.451653 -0.820502 -148.915161
v 24.451641 -1.184111 -136.691284
v 24.451645 -1.316151 -124.763367
v 31.472549 122.874138 -266.861786
v 31.472538 99.923157 -264.369751
v 31.472534 80.000427 -260.233765
v 31.472534 62.890865 -254.603043
v 31.472530 48.379318 -247.626801
v 31.472530 36.250652 -239.454300
v 31.472530 26.289711 -230.234726
v 31.472534 18.281382 -220.117340
v 31.472534 12.010524 -209.251328
v 31.472538 7.261997 -197.785950
v 31.472534 3.820671 -185.870422
v 31.472546 1.471409 -173.653961
v 31.472534 -0.000923 -161.285797
v 31.472530 -0.811461 -148.915161
v 31.472527 -1.175340 -136.691269
v 31.472534 -1.307696 -124.763367
v 38.493412 122.881538 -266.861786
v 38.493408 99.930817 -264.369751
v 38.493404 80.008347 -260.233765
v 38.493412 62.898968 -254.603043
v 38.493408 48.387585 -247.626801
v 38.493408 36.259029 -239.454300
v 38.493412 26.298172 -230.234726
v 38.493401 18.289885 -220.117325
v 38.493412 12.019027 -209.251312
v 38.493404 7.270460 -197.785950
v 38.493401 3.829055 -185.870407
v 38.493408 1.479676 -173.653946
v 38.493389 0.007186 -161.285797
v 38.493404 -0.803550 -148.915161
v 38.493389 -1.167666 -136.691269
v 38.493404 -1.300298 -124.763351
v 45.514286 122.887886 -266.861786
v 45.514278 99.937401 -264.369751
v 45.514282 80.015114 -260.233765
v 45.514275 62.905933 -254.603027
v 45.514278 48.394676 -247.626801
v 45.514286 36.266216 -239.454300
v 45.514282 26.305428 -230.234726
v 45.514282 18.297174 -220.117340
v 45.514282 12.026314 -209.251328
v 45.514275 7.277714 -197.785950
v 45.514278 3.836242 -185.870407
v 45.514282 1.486761 -173.653961
v 45.514275 0.014136 -161.285782
v 45.514278 -0.796769 -148.915161
v 45.514278 -1.161088 -136.691269
v 45.514275 -1.293957 -124.763351
v 52.535156 122.893166 -266.861786
v 52.535145 99.942871 -264.369751
v 52.535149 80.020767 -260.233765
v 52.535156 62.911724 -254.603043
v 52.535156 48.400578 -247.626801
v 52.535152 36.272217 -239.454300
v 52.535141 26.311480 -230.234726
v 52.535145 18.303247 -220.117325
v 52.535149 12.032388 -209.251328
v 52.535137 7.283761 -197.785934
v 52.535145 3.842232 -185.870407
v 52.535149 1.492665 -173.653946
v 52.535141 0.019928 -161.285782
v 52.535149 -0.791118 -148.915146
v 52.535149 -1.155607 -136.691269
v 52.535141 -1.288673 -124.763351
v 59.556038 122.897392 -266.861786
v 59.556046 99.947258 -264.369751
v 59.556038 80.025299 -260.233765
v 59.556038 62.916348 -254.603027
v 59.556038 48.405308 -247.626801
v 59.556046 36.276997 -239.454300
v 59.556042 26.316309 -230.234741
v 59.556046 18.308105 -220.117325
v 59.556042 12.037245 -209.251328
v 59.556046 7.288596 -197.785950
v 59.556034 3.847023 -185.870422
v 59.556034 1.497388 -173.653946
v 59.556034 0.024560 -161.285782
v 59.556038 -0.786598 -148.915161
v 59.556034 -1.151221 -136.691284
v 59.556030 -1.284445 -124.763351
v 66.576897 122.900551 -266.861786
v 66.576904 99.950546 -264.369751
v 66.576904 80.028671 -260.233765
v 66.576904 62.919819 -254.603027
v 66.576897 48.408848 -247.626801
v 66.576904 36.280594 -239.454300
v 66.576897 26.319935 -230.234726
v 66.576904 18.311747 -220.117340
v 66.576904 12.040890 -209.251328
v 66.576897 7.292223 -197.785950
v 66.576897 3.850616 -185.870407
v 66.576897 1.500931 -173.653946
v 66.576897 0.028036 -161.285782
v 66.576897 -0.783208 -148.915161
v 66.576889 -1.147932 -136.691269
v 66.576889 -1.281275 -124.763351
v 73.597771 122.902664 -266.861755
v 73.597763 99.952744 -264.369751
v 73.597771 80.030945 -260.233765
v 73.597771 62.922131 -254.603043
v 73.597771 48.411201 -247.626801
v 73.597771 36.282986 -239.454300
v 73.597771 26.322353 -230.234726
v 73.597763 18.314178 -220.117325
v 73.597763 12.043321 -209.251328
v 73.597771 7.294640 -197.785934
v 73.597771 3.853011 -185.870407
v 73.597771 1.503293 -173.653946
v 73.597763 0.030352 -161.285782
v 73.597763 -0.780947 -148.915146
v 73.597755 -1.145740 -136.691269
v 73.597755 -1.279161 -124.763367
v 80.618645 122.903725 -266.861786
v 80.618645 99.953842 -264.369751
v 80.618645 80.032066 -260.233765
v 80.618645 62.923298 -254.603027
v 80.618645 48.412392 -247.626801
v 80.618645 36.284184 -239.454300
v 80.618645 26.323563 -230.234726
v 80.618637 18.315393 -220.117325
v 80.618645 12.044533 -209.251328
v 80.618645 7.295850 -197.785950
v 80.618637 3.854208 -185.870407
v 80.618645 1.504474 -173.653946
v 80.618637 0.031510 -161.285782
v 80.618645 -0.779817 -148.915161
v 80.618637 -1.144644 -136.691269
v 80.618645 -1.278104 -124.763351
v 87.639526 122.903732 -266.861786
v 87.639526 99.953827 -264.369751
v 87.639526 80.032074 -260.233765
v 87.639526 62.923298 -254.603027
v 87.639526 48.412392 -247.626801
v 87.639519 36.284187 -239.454300
v 87.639534 26.323565 -230.234711
v 87.639519 18.315390 -220.117340
v 87.639526 12.044532 -209.251312
v 87.639526 7.295848 -197.785950
v 87.639526 3.854208 -185.870407
v 87.639526 1.504473 -173.653946
v 87.639526 0.031510 -161.285782
v 87.639526 -0.779817 -148.915161
v 87.639519 -1.144644 -136.691284
v 87.639526 -1.278104 -124.763351
v 94.660408 122.902657 -266.861786
v 94.660400 99.952728 -264.369751
v 94.660408 80.030937 -260.233765
v 94.660400 62.922131 -254.603027
v 94.660400 48.411201 -247.626801
v 94.660408 36.282982 -239.454300
v 94.660408 26.322355 -230.234726
v 94.660400 18.314177 -220.117325
v 94.660400 12.043320 -209.251328
v 94.660400 7.294640 -197.785950
v 94.660400 3.853010 -185.870407
v 94.660400 1.503292 -173.653946
v 94.660400 0.030351 -161.285782
v 94.660400 -0.780948 -148.915161
v 94.660400 -1.145740 -136.691269
v 94.660400 -1.279161 -124.763351
v 101.681290 122.900566 -266.861786
v 101.681274 99.950554 -264.369751
v 101.681282 80.028671 -260.233765
v 101.681290 62.919819 -254.603027
v 101.681290 48.408840 -247.626801
v 101.681282 36.280598 -239.454300
v 101.681282 26.319939 -230.234726
v 101.681282 18.311749 -220.117325
v 101.681274 12.040891 -209.251312
v 101.681282 7.292222 -197.785934
v 101.681282 3.850615 -185.870407
v 101.681274 1.500930 -173.653946
v 101.681282 0.028035 -161.285782
v 101.681282 -0.783208 -148.915161
v 101.681274 -1.147933 -136.691269
v 101.681274 -1.281275 -124.763367
v 108.702148 122.897392 -266.861786
v 108.702148 99.947258 -264.369751
v 108.702148 80.025291 -260.233765
v 108.702148 62.916348 -254.603027
v 108.702148 48.405304 -247.626801
v 108.702148 36.276997 -239.454300
v 108.702148 26.316313 -230.234726
v 108.702148 18.308105 -220.117325
v 108.702148 12.037244 -209.251312
v 108.702148 7.288595 -197.785934
v 108.702148 3.847020 -185.870407
v 108.702141 1.497387 -173.653946
v 108.702141 0.024559 -161.285782
v 108.702148 -0.786599 -148.915161
v 108.702133 -1.151222 -136.691254
v 108.702141 -1.284446 -124.763367
v 115.723030 122.893158 -266.861786
v 115.723038 99.942871 -264.369751
v 115.723038 80.020767 -260.233765
v 115.723038 62.911716 -254.603043
v 115.723038 48.400578 -247.626801
v 115.723038 36.272213 -239.454285
v 115.723030 26.311474 -230.234726
v 115.723030 18.303244 -220.117325
v 115.723030 12.032386 -209.251312
v 115.723038 7.283759 -197.785934
v 115.723030 3.842230 -185.870407
v 115.723022 1.492664 -173.653946
v 115.723030 0.019926 -161.285782
v 115.723030 -0.791120 -148.915146
v 115.723038 -1.155608 -136.691269
v 115.723022 -1.288674 -124.763367
v 122.743896 122.887856 -266.861786
v 122.743896 99.937386 -264.369751
v 122.743889 80.015114 -260.233765
v 122.743889 62.905926 -254.603027
v 122.743889 48.394676 -247.626801
v 122.743896 36.266212 -239.454300
v 122.743896 26.305426 -230.234726
v 122.743896 18.297171 -220.117325
v 122.743889 12.026311 -209.251312
v 122.743896 7.277712 -197.785950
v 122.743889 3.836240 -185.870407
v 122.743896 1.486759 -173.653946
v 122.743881 0.014134 -161.285782
v 122.743881 -0.796771 -148.915161
v 122.743881 -1.161090 -136.691269
v 122.743881 -1.293958 -124.763367
v 129.764771 122.881531 -266.861786
v 129.764786 99.930817 -264.369751
v 129.764786 80.008339 -260.233765
v 129.764771 62.898975 -254.603043
v 129.764771 48.387585 -247.626816
v 129.764771 36.259029 -239.454285
v 129.764786 26.298174 -230.234726
v 129.764771 18.289885 -220.117325
v 129.764771 12.019024 -209.251312
v 129.764771 7.270459 -197.785950
v 129.764771 3.829054 -185.870407
v 129.764771 1.479674 -173.653946
v 129.764771 0.007184 -161.285782
v 129.764771 -0.803552 -148.915146
v 129.764771 -1.167668 -136.691269
v 129.764771 -1.300300 -124.763351
v 136.785645 122.874115 -266.861786
v 136.785645 99.923141 -264.369751
v 136.785660 80.000435 -260.233765
v 136.785645 62.890865 -254.603043
v 136.785645 48.379318 -247.626801
v 136.785645 36.250652 -239.454300
v 136.785645 26.289709 -230.234726
v 136.785645 18.281380 -220.117325
v 136.785645 12.010519 -209.251312
v 136.785645 7.261994 -197.785934
v 136.785645 3.820668 -185.870407
v 136.785645 1.471408 -173.653946
v 136.785645 -0.000925 -161.285782
v 136.785629 -0.811463 -148.915146
v 136.785645 -1.175342 -136.691269
v 136.785645 -1.307698 -124.763351
v 143.806519 122.865669 -266.861755
v 143.806519 99.914368 -264.369751
v 143.806534 79.991402 -260.233765
v 143.806519 62.881596 -254.603027
v 143.806519 48.369873 -247.626801
v 143.806519 36.241058 -239.454300
v 143.806519 26.280035 -230.234726
v 143.806519 18.271664 -220.117325
v 143.806519 12.000804 -209.251328
v 143.806519 7.252322 -197.785950
v 143.806519 3.811086 -185.870407
v 143.806519 1.461960 -173.653946
v 143.806519 -0.010192 -161.285782
v 143.806519 -0.820505 -148.915146
v 143.806519 -1.184113 -136.691254
v 143.806519 -1.316154 -124.763367
v 150.827393 122.856155 -266.861786
v 150.827393 99.904488 -264.369751
v 150.827393 79.981201 -260.233734
v 150.827393 62.871166 -254.603027
v 150.827393 48.359241 -247.626801
v 150.827393 36.230278 -239.454285
v 150.827393 26.269150 -230.234726
v 150.827393 18.260729 -220.117325
v 150.827393 11.989870 -209.251312
v 150.827393 7.241439 -197.785950
v 150.827393 3.800306 -185.870407
v 150.827377 1.451331 -173.653946
v 150.827393 -0.020617 -161.285782
v 150.827393 -0.830676 -148.915161
v 150.827393 -1.193981 -136.691284
v 150.827393 -1.325666 -124.763367
v 157.848267 122.845589 -266.861786
v 157.848267 99.893524 -264.369751
v 157.848267 79.969910 -260.233765
v 157.848267 62.859577 -254.603027
v 157.848267 48.347431 -247.626785
v 157.848267 36.218307 -239.454300
v 157.848267 26.257067 -230.234726
v 157.848267 18.248579 -220.117325
v 157.848267 11.977721 -209.251328
v 157.848282 7.229349 -197.785934
v 157.848267 3.788328 -185.870407
v 157.848267 1.439523 -173.653946
v 157.848267 -0.032201 -161.285782
v 157.848267 -0.841978 -148.915161
v 157.848267 -1.204944 -136.691284
v 157.848267 -1.336235 -124.763367
v 164.869141 122.833961 -266.861755
v 164.869141 99.881462 -264.369751
v 164.869141 79.957489 -260.233765
v 164.869141 62.846844 -254.603027
v 164.869141 48.334442 -247.626801
v 164.869141 36.205124 -239.454285
v 164.869141 26.243761 -230.234726
v 164.869141 18.235222 -220.117325
v 164.869141 11.964358 -209.251312
v 164.869141 7.216049 -197.785934
v 164.869141 3.775151 -185.870407
v 164.869141 1.426532 -173.653946
v 164.869141 -0.044943 -161.285782
v 164.869141 -0.854410 -148.915146
v 164.869141 -1.217004 -136.691269
v 164.869141 -1.347861 -124.763351
v 171.890015 122.821274 -266.861786
v 171.890015 99.868317 -264.369751
v 171.890015 79.943916 -260.233765
v 171.890015 62.832943 -254.603027
v 171.890015 48.320278 -247.626801
v 171.890015 36.190754 -239.454285
v 171.890015 26.229254 -230.234726
v 171.890015 18.220644 -220.117325
v 171.890015 11.949783 -209.251312
v 171.890015 7.201540 -197.785934
v 171.890015 3.760778 -185.870392
v 171.890015 1.412362 -173.653946
v 171.890015 -0.058843 -161.285782
v 171.890015 -0.867972 -148.915146
v 171.890015 -1.230160 -136.691254
v 171.890015 -1.360543 -124.763344
v 178.910889 122.807541 -266.861786
v 178.910889 99.854073 -264.369751
v 178.910889 79.929214 -260.233765
v 178.910889 62.817883 -254.603027
v 178.910889 48.304920 -247.626801
v 178.910889 36.175182 -239.454300
v 178.910889 26.213537 -230.234726
v 178.910889 18.204853 -220.117325
v 178.910889 11.933990 -209.251312
v 178.910889 7.185820 -197.785950
v 178.910889 3.745206 -185.870407
v 178.910889 1.397010 -173.653946
v 178.910889 -0.073902 -161.285782
v 178.910889 -0.882665 -148.915161
v 178.910889 -1.244413 -136.691269
v 178.910889 -1.374283 -124.763367
v 185.931763 122.792747 -266.861786
v 185.931763 99.838715 -264.369751
v 185.931763 79.913399 -260.233765
v 185.931732 62.801670 -254.603027
v 185.931763 48.288395 -247.626801
v 185.931763 36.158417 -239.454285
v 185.931763 26.196609 -230.234726
v 185.931732 18.187847 -220.117325
v 185.931763 11.916984 -209.251312
v 185.931763 7.168894 -197.785934
v 185.931763 3.728436 -185.870407
v 185.931763 1.380477 -173.653946
v 185.931763 -0.090119 -161.285782
v 185.931732 -0.898487 -148.915161
v 185.931763 -1.259762 -136.691254
v 185.931763 -1.389080 -124.763344
v 192.952637 122.776894 -266.861755
v 192.952637 99.822273 -264.369751
v 192.952637 79.896454 -260.233765
v 192.952637 62.784290 -254.603027
v 192.952667 48.270679 -247.626801
v 192.952667 36.140450 -239.454300
v 192.952637 26.178474 -230.234726
v 192.952637 18.169628 -220.117325
v 192.952637 11.898765 -209.251312
v 192.952637 7.150757 -197.785934
v 192.952637 3.710469 -185.870407
v 192.952637 1.362764 -173.653946
v 192.952637 -0.107494 -161.285782
v 192.952637 -0.915440 -148.915161
v 192.952637 -1.276207 -136.691254
v 192.952637 -1.404933 -124.763359
v 199.973511 122.759987 -266.861755
v 199.973511 99.804718 -264.369751
v 199.973511 79.878380 -260.233765
v 199.973511 62.765759 -254.603027
v 199.973511 48.251781 -247.626801
v 199.973511 36.121284 -239.454285
v 199.973511 26.159126 -230.234726
v 199.973511 18.150187 -220.117325
v 199.973511 11.879329 -209.251312
v 199.973511 7.131413 -197.785934
v 199.973511 3.691305 -185.870407
v 199.973511 1.343869 -173.653946
v 199.973511 -0.126028 -161.285782
v 199.973511 -0.933522 -148.915161
v 199.973511 -1.293749 -136.691254
v 199.973541 -1.421844 -124.763359
v 206.994385 122.742012 -266.861755
v 206.994385 99.786095 -264.369751
v 206.994385 79.859161 -260.233765
v 206.994385 62.746067 -254.603043
v 206.994385 48.231709 -247.626801
v 206.994385 36.100922 -239.454300
v 206.994385 26.138575 -230.234726
v 206.994385 18.129538 -220.117325
v 206.994385 11.858680 -209.251312
v 206.994385 7.110857 -197.785934
v 206.994385 3.670941 -185.870407
v 206.994385 1.323794 -173.653961
v 206.994385 -0.145720 -161.285782
v 206.994385 -0.952735 -148.915161
v 206.994385 -1.312387 -136.691254
v 206.994385 -1.439811 -124.763359
v 214.015259 122.722992 -266.861755
v 214.015259 99.766365 -264.369751
v 214.015259 79.838814 -260.233765
v 214.015259 62.725224 -254.603027
v 214.015259 48.210449 -247.626801
v 214.015259 36.079369 -239.454285
v 214.015289 26.116806 -230.234726
v 214.015259 18.107672 -220.117325
v 214.015259 11.836813 -209.251312
v 214.015289 7.089093 -197.785934
v 214.015259 3.649380 -185.870407
v 214.015228 1.302537 -173.653946
v 214.015259 -0.166571 -161.285782
v 214.015259 -0.973079 -148.915161
v 214.015259 -1.332121 -136.691254
v 214.015259 -1.458835 -124.763359
v 221.036133 122.702904 -266.861755
v 221.036133 99.745522 -264.369720
v 221.036133 79.817345 -260.233765
v 221.036133 62.703205 -254.603027
v 221.036133 48.188011 -247.626785
v 221.036133 36.056599 -239.454285
v 221.036133 26.093834 -230.234726
v 221.036102 18.084595 -220.117325
v 221.036133 11.813732 -209.251312
v 221.036133 7.066121 -197.785934
v 221.036133 3.626622 -185.870407
v 221.036133 1.280100 -173.653946
v 221.036133 -0.188579 -161.285767
v 221.036133 -0.994552 -148.915131
v 221.036133 -1.352952 -136.691254
v 221.036133 -1.478916 -124.763359
v 228.057007 122.681763 -266.861755
v 228.057007 99.723602 -264.369751
v 228.057007 79.794731 -260.233734
v 228.057007 62.680042 -254.603027
v 228.057007 48.164394 -247.626801
v 228.057007 36.032642 -239.454285
v 228.057007 26.069656 -230.234726
v 228.057007 18.060297 -220.117310
v 228.057007 11.789439 -209.251312
v 228.057007 7.041940 -197.785934
v 228.057007 3.602665 -185.870407
v 228.057007 1.256482 -173.653931
v 228.057007 -0.211747 -161.285782
v 228.057007 -1.017155 -148.915146
v 228.057007 -1.374879 -136.691254
v 228.057007 -1.500054 -124.763367
v 235.077881 122.659576 -266.861755
v 235.077881 99.700577 -264.369720
v 235.077881 79.770988 -260.233765
v 235.077850 62.655704 -254.603027
v 235.077881 48.139595 -247.626801
v 235.077850 36.007492 -239.454285
v 235.077881 26.044260 -230.234726
v 235.077881 18.034792 -220.117325
v 235.077881 11.763929 -209.251312
v 235.077881 7.016548 -197.785934
v 235.077881 3.577512 -185.870407
v 235.077850 1.231683 -173.653946
v 235.077881 -0.236072 -161.285782
v 235.077881 -1.040889 -148.915146
v 235.077850 -1.397903 -136.691254
v 235.077881 -1.522249 -124.763359
v 242.098755 122.636322 -266.861755
v 242.098755 99.676453 -264.369751
v 242.098755 79.746140 -260.233765
v 242.098755 62.630230 -254.603027
v 242.098785 48.113613 -247.626801
v 242.098755 35.981140 -239.454285
v 242.098755 26.017664 -230.234711
v 242.098755 18.008066 -220.117325
v 242.098755 11.737206 -209.251312
v 242.098755 6.989948 -197.785934
v 242.098755 3.551160 -185.870407
v 242.098755 1.205703 -173.653931
v 242.098755 -0.261556 -161.285782
v 242.098755 -1.065753 -148.915146
v 242.098755 -1.422022 -136.691269
v 242.098755 -1.545500 -124.763344
v 249.119537 122.612015 -266.861786
v 249.119537 99.651230 -264.369751
v 249.119537 79.720154 -260.233734
v 249.119537 62.603596 -254.603027
v 249.119537 48.086464 -247.626801
v 249.119568 35.953590 -239.454285
v 249.119537 25.989857 -230.234711
v 249.119568 17.980129 -220.117310
v 249.119537 11.709268 -209.251312
v 249.119568 6.962141 -197.785950
v 249.119537 3.523610 -185.870407
v 249.119537 1.178543 -173.653931
v 249.119568 -0.288198 -161.285782
v 249.119537 -1.091747 -148.915146
v 249.119537 -1.447238 -136.691254
v 249.119537 -1.569809 -124.763344
vt 0.000000 0.066667
vt 0.021277 0.066667
vt 0.021277 0.000000
vt 0.000000 0.000000
vt 0.000000 0.133333
vt 0.021277 0.133333
vt 0.000000 0.200000
vt 0.021277 0.200000
vt 0.000000 0.266667
vt 0.021277 0.266667
vt 0.000000 0.333333
vt 0.021277 0.333333
vt 0.000000 0.400000
vt 0.021277 0.400000
vt 0.000000 0.466667
vt 0.021277 0.466667
vt 0.000000 0.533333
vt 0.021277 0.533333
vt 0.000000 0.600000
vt 0.021277 0.600000
vt 0.000000 0.666667
vt 0.021277 0.666667
vt 0.000000 0.733333
vt 0.021277 0.733333
vt 0.000000 0.800000
vt 0.021277 0.800000
vt 0.000000 0.866667
vt 0.021277 0.866667
vt 0.000000 0.933333
vt 0.021277 0.933333
vt 0.000000 1.000000
vt 0.021277 1.000000
vt 0.042553 0.066667
vt 0.042553 0.000000
vt 0.042553 0.133333
vt 0.042553 0.200000
vt 0.042553 0.266667
vt 0.042553 0.333333
vt 0.042553 0.400000
vt 0.042553 0.466667
vt 0.042553 0.533333
vt 0.042553 0.600000
vt 0.042553 0.666667
vt 0.042553 0.733333
vt 0.042553 0.800000
vt 0.042553 0.866667
vt 0.042553 0.933333
vt 0.042553 1.000000
vt 0.063830 0.066667
vt 0.063830 0.000000
vt 0.063830 0.133333
vt 0.063830 0.200000
vt 0.063830 0.266667
vt 0.063830 0.333333
vt 0.063830 0.400000
vt 0.063830 0.466667
vt 0.063830 0.533333
vt 0.063830 0.600000
vt 0.063830 0.666667
vt 0.063830 0.733333
vt 0.063830 0.800000
vt 0.063830 0.866667
vt 0.063830 0.933333
vt 0.063830 1.000000
vt 0.085106 0.066667
vt 0.085106 0.000000
vt 0.085106 0.133333
vt 0.085106 0.200000
vt 0.085106 0.266667
vt 0.085106 0.333333
vt 0.085106 0.400000
vt 0.085106 0.466667
vt 0.085106 0.533333
vt 0.085106 0.600000
vt 0.085106 0.666667
vt 0.085106 0.733333
vt 0.085106 0.800000
vt 0.085106 0.866667
vt 0.085106 0.933333
vt 0.085106 1.000000
vt 0.106383 0.066667
vt 0.106383 0.000000
vt 0.106383 0.133333
vt 0.106383 0.200000
vt 0.106383 0.266667
vt 0.106383 0.333333
vt 0.106383 0.400000
vt 0.106383 0.466667
vt 0.106383 0.533333
vt 0.106383 0.600000
vt 0.106383 0.666667
vt 0.106383 0.733333
vt 0.106383 0.800000
vt 0.106383 0.866667
vt 0.106383 0.933333
vt 0.106383 1.000000
vt 0.127660 0.066667
vt 0.127660 0.000000
vt 0.127660 0.133333
vt 0.127660 0.200000
vt 0.127660 0.266667
vt 0.127660 0.333333
vt 0.127660 0.400000
vt 0.127660 0.466667
vt 0.127660 0.533333
vt 0.127660 0.600000
vt 0.127660 0.666667
vt 0.127660 0.733333
vt 0.127660 0.800000
vt 0.127660 0.866667
vt 0.127660 0.933333
vt 0.127660 1.000000
vt 0.148936 0.066667
vt 0.148936 0.000000
vt 0.148936 0.133333
vt 0.148936 0.200000
vt 0.148936 0.266667
vt 0.148936 0.333333
vt 0.148936 0.400000
vt 0.148936 0.466667
vt 0.148936 0.533333
vt 0.148936 0.600000
vt 0.148936 0.666667
vt 0.148936 0.733333
vt 0.148936 0.800000
vt 0.148936 0.866667
vt 0.148936 0.933333
vt 0.148936 1.000000
vt 0.170213 0.066667
vt 0.170213 0.000000
vt 0.170213 0.133333
vt 0.170213 0.200000
vt 0.170213 0.266667
vt 0.170213 0.333333
vt 0.170213 0.400000
vt 0.170213 0.466667
vt 0.170213 0.533333
vt 0.170213 0.600000
vt 0.170213 0.666667
vt 0.170213 0.733333
vt 0.170213 0.800000
vt 0.170213 0.866667
vt 0.170213 0.933333
vt 0.170213 1.000000
vt 0.191489 0.066667
vt 0.191489 0.000000
vt 0.191489 0.133333
vt 0.191489 0.200000
vt 0.191489 0.266667
vt 0.191489 0.333333
vt 0.191489 0.400000
vt 0.191489 0.466667
vt 0.191489 0.533333
vt 0.191489 0.600000
vt 0.191489 0.666667
vt 0.191489 0.733333
vt 0.191489 0.800000
vt 0.191489 0.866667
vt 0.191489 0.933333
vt 0.191489 1.000000
vt 0.212766 0.066667
vt 0.212766 0.000000
vt 0.212766 0.133333
vt 0.212766 0.200000
vt 0.212766 0.266667
vt 0.212766 0.333333
vt 0.212766 0.400000
vt 0.212766 0.466667
vt 0.212766 0.533333
vt 0.212766 0.600000
vt 0.212766 0.666667
vt 0.212766 0.733333
vt 0.212766 0.800000
vt 0.212766 0.866667
vt 0.212766 0.933333
vt 0.212766 1.000000
vt 0.234043 0.066667
vt 0.234043 0.000000
vt 0.234043 0.133333
vt 0.234043 0.200000
vt 0.234043 0.266667
vt 0.234043 0.333333
vt 0.234043 0.400000
vt 0.234043 0.466667
vt 0.234043 0.533333
vt 0.234043 0.600000
vt 0.234043 0.666667
vt 0.234043 0.733333
vt 0.234043 0.800000
vt 0.234043 0.866667
vt 0.234043 0.933333
vt 0.234043 1.000000
vt 0.255319 0.066667
vt 0.255319 0.000000
vt 0.255319 0.133333
vt 0.255319 0.200000
vt 0.255319 0.266667
vt 0.255319 0.333333
vt 0.255319 0.400000
vt 0.255319 0.466667
vt 0.255319 0.533333
vt 0.255319 0.600000
vt 0.255319 0.666667
vt 0.255319 0.733333
vt 0.255319 0.800000
vt 0.255319 0.866667
vt 0.255319 0.933333
vt 0.255319 1.000000
vt 0.276596 0.066667
vt 0.276596 0.000000
vt 0.276596 0.133333
vt 0.276596 0.200000
vt 0.276596 0.266667
vt 0.276596 0.333333
vt 0.276596 0.400000
vt 0.276596 0.466667
vt 0.276596 0.533333
vt 0.276596 0.600000
vt 0.276596 0.666667
vt 0.276596 0.733333
vt 0.276596 0.800000
vt 0.276596 0.866667
vt 0.276596 0.933333
vt 0.276596 1.000000
vt 0.297872 0.066667
vt 0.297872 0.000000
vt 0.297872 0.133333
vt 0.297872 0.200000
vt 0.297872 0.266667
vt 0.297872 0.333333
vt 0.297872 0.400000
vt 0.297872 0.466667
vt 0.297872 0.533333
vt 0.297872 0.600000
vt 0.297872 0.666667
vt 0.297872 0.733333
vt 0.297872 0.800000
vt 0.297872 0.866667
vt 0.297872 0.933333
vt 0.297872 1.000000
vt 0.319149 0.066667
vt 0.319149 0.000000
vt 0.319149 0.133333
vt 0.319149 0.200000
vt 0.319149 0.266667
vt 0.319149 0.333333
vt 0.319149 0.400000
vt 0.319149 0.466667
vt 0.319149 0.533333
vt 0.319149 0.600000
vt 0.319149 0.666667
vt 0.319149 0.733333
vt 0.319149 0.800000
vt 0.319149 0.866667
vt 0.319149 0.933333
vt 0.319149 1.000000
vt 0.340426 0.066667
vt 0.340426 0.000000
vt 0.340426 0.133333
vt 0.340426 0.200000
vt 0.340426 0.266667
vt 0.340426 0.333333
vt 0.340426 0.400000
vt 0.340426 0.466667
vt 0.340426 0.533333
vt 0.340426 0.600000
vt 0.340426 0.666667
vt 0.340426 0.733333
vt 0.340426 0.800000
vt 0.340426 0.866667
vt 0.340426 0.933333
vt 0.340426 1.000000
vt 0.361702 0.066667
vt 0.361702 0.000000
vt 0.361702 0.133333
vt 0.361702 0.200000
vt 0.361702 0.266667
vt 0.361702 0.333333
vt 0.361702 0.400000
vt 0.361702 0.466667
vt 0.361702 0.533333
vt 0.361702 0.600000
vt 0.361702 0.666667
vt 0.361702 0.733333
vt 0.361702 0.800000
vt 0.361702 0.866667
vt 0.361702 0.933333
vt 0.361702 1.000000
vt 0.382979 0.066667
vt 0.382979 0.000000
vt 0.382979 0.133333
vt 0.382979 0.200000
vt 0.382979 0.266667
vt 0.382979 0.333333
vt 0.382979 0.400000
vt 0.382979 0.466667
vt 0.382979 0.533333
vt 0.382979 0.600000
vt 0.382979 0.666667
vt 0.382979 0.733333
vt 0.382979 0.800000
vt 0.382979 0.866667
vt 0.382979 0.933333
vt 0.382979 1.000000
vt 0.404255 0.066667
vt 0.404255 0.000000
vt 0.404255 0.133333
vt 0.404255 0.200000
vt 0.404255 0.266667
vt 0.404255 0.333333
vt 0.404255 0.400000
vt 0.404255 0.466667
vt 0.404255 0.533333
vt 0.404255 0.600000
vt 0.404255 0.666667
vt 0.404255 0.733333
vt 0.404255 0.800000
vt 0.404255 0.866667
vt 0.404255 0.933333
vt 0.404255 1.000000
vt 0.425532 0.066667
vt 0.425532 0.000000
vt 0.425532 0.133333
vt 0.425532 0.200000
vt 0.425532 0.266667
vt 0.425532 0.333333
vt 0.425532 0.400000
vt 0.425532 0.466667
vt 0.425532 0.533333
vt 0.425532 0.600000
vt 0.425532 0.666667
vt 0.425532 0.733333
vt 0.425532 0.800000
vt 0.425532 0.866667
vt 0.425532 0.933333
vt 0.425532 1.000000
vt 0.446809 0.066667
vt 0.446809 0.000000
vt 0.446809 0.133333
vt 0.446809 0.200000
vt 0.446809 0.266667
vt 0.446809 0.333333
vt 0.446809 0.400000
vt 0.446809 0.466667
vt 0.446809 0.533333
vt 0.446809 0.600000
vt 0.446809 0.666667
vt 0.446809 0.733333
vt 0.446809 0.800000
vt 0.446809 0.866667
vt 0.446809 0.933333
vt 0.446809 1.000000
vt 0.468085 0.066667
vt 0.468085 0.000000
vt 0.468085 0.133333
vt 0.468085 0.200000
vt 0.468085 0.266667
vt 0.468085 0.333333
vt 0.468085 0.400000
vt 0.468085 0.466667
vt 0.468085 0.533333
vt 0.468085 0.600000
vt 0.468085 0.666667
vt 0.468085 0.733333
vt 0.468085 0.800000
vt 0.468085 0.866667
vt 0.468085 0.933333
vt 0.468085 1.000000
vt 0.489362 0.066667
vt 0.489362 0.000000
vt 0.489362 0.133333
vt 0.489362 0.200000
vt 0.489362 0.266667
vt 0.489362 0.333333
vt 0.489362 0.400000
vt 0.489362 0.466667
vt 0.489362 0.533333
vt 0.489362 0.600000
vt 0.489362 0.666667
vt 0.489362 0.733333
vt 0.489362 0.800000
vt 0.489362 0.866667
vt 0.489362 0.933333
vt 0.489362 1.000000
vt 0.510638 0.066667
vt 0.510638 0.000000
vt 0.510638 0.133333
vt 0.510638 0.200000
vt 0.510638 0.266667
vt 0.510638 0.333333
vt 0.510638 0.400000
vt 0.510638 0.466667
vt 0.510638 0.533333
vt 0.510638 0.600000
vt 0.510638 0.666667
vt 0.510638 0.733333
vt 0.510638 0.800000
vt 0.510638 0.866667
vt 0.510638 0.933333
vt 0.510638 1.000000
vt 0.531915 0.066667
vt 0.531915 0.000000
vt 0.531915 0.133333
vt 0.531915 0.200000
vt 0.531915 0.266667
vt 0.531915 0.333333
vt 0.531915 0.400000
vt 0.531915 0.466667
vt 0.531915 0.533333
vt 0.531915 0.600000
vt 0.531915 0.666667
vt 0.531915 0.733333
vt 0.531915 0.800000
vt 0.531915 0.866667
vt 0.531915 0.933333
vt 0.531915 1.000000
vt 0.553191 0.066667
vt 0.553191 0.000000
vt 0.553191 0.133333
vt 0.553191 0.200000
vt 0.553191 0.266667
vt 0.553191 0.333333
vt 0.553191 0.400000
vt 0.553191 0.466667
vt 0.553191 0.533333
vt 0.553191 0.600000
vt 0.553191 0.666667
vt 0.553191 0.733333
vt 0.553191 0.800000
vt 0.553191 0.866667
vt 0.553191 0.933333
vt 0.553191 1.000000
vt 0.574468 0.066667
vt 0.574468 0.000000
vt 0.574468 0.133333
vt 0.574468 0.200000
vt 0.574468 0.266667
vt 0.574468 0.333333
vt 0.574468 0.400000
vt 0.574468 0.466667
vt 0.574468 0.533333
vt 0.574468 0.600000
vt 0.574468 0.666667
vt 0.574468 0.733333
vt 0.574468 0.800000
vt 0.574468 0.866667
vt 0.574468 0.933333
vt 0.574468 1.000000
vt 0.595745 0.066667
vt 0.595745 0.000000
vt 0.595745 0.133333
vt 0.595745 0.200000
vt 0.595745 0.266667
vt 0.595745 0.333333
vt 0.595745 0.400000
vt 0.595745 0.466667
vt 0.595745 0.533333
vt 0.595745 0.600000
vt 0.595745 0.666667
vt 0.595745 0.733333
vt 0.595745 0.800000
vt 0.595745 0.866667
vt 0.595745 0.933333
vt 0.595745 1.000000
vt 0.617021 0.066667
vt 0.617021 0.000000
vt 0.617021 0.133333
vt 0.617021 0.200000
vt 0.617021 0.266667
vt 0.617021 0.333333
vt 0.617021 0.400000
vt 0.617021 0.466667
vt 0.617021 0.533333
vt 0.617021 0.600000
vt 0.617021 0.666667
vt 0.617021 0.733333
vt 0.617021 0.800000
vt 0.617021 0.866667
vt 0.617021 0.933333
vt 0.617021 1.000000
vt 0.638298 0.066667
vt 0.638298 0.000000
vt 0.638298 0.133333
vt 0.638298 0.200000
vt 0.638298 0.266667
vt 0.638298 0.333333
vt 0.638298 0.400000
vt 0.638298 0.466667
vt 0.638298 0.533333
vt 0.638298 0.600000
vt 0.638298 0.666667
vt 0.638298 0.733333
vt 0.638298 0.800000
vt 0.638298 0.866667
vt 0.638298 0.933333
vt 0.638298 1.000000
vt 0.659574 0.066667
vt 0.659574 0.000000
vt 0.659574 0.133333
vt 0.659574 0.200000
vt 0.659574 0.266667
vt 0.659574 0.333333
vt 0.659574 0.400000
vt 0.659574 0.466667
vt 0.659574 0.533333
vt 0.659574 0.600000
vt 0.659574 0.666667
vt 0.659574 0.733333
vt 0.659574 0.800000
vt 0.659574 0.866667
vt 0.659574 0.933333
vt 0.659574 1.000000
vt 0.680851 0.066667
vt 0.680851 0.000000
vt 0.680851 0.133333
vt 0.680851 0.200000
vt 0.680851 0.266667
vt 0.680851 0.333333
vt 0.680851 0.400000
vt 0.680851 0.466667
vt 0.680851 0.533333
vt 0.680851 0.600000
vt 0.680851 0.666667
vt 0.680851 0.733333
vt 0.680851 0.800000
vt 0.680851 0.866667
vt 0.680851 0.933333
vt 0.680851 1.000000
vt 0.702128 0.066667
vt 0.702128 0.000000
vt 0.702128 0.133333
vt 0.702128 0.200000
vt 0.702128 0.266667
vt 0.702128 0.333333
vt 0.702128 0.400000
vt 0.702128 0.466667
vt 0.702128 0.533333
vt 0.702128 0.600000
vt 0.702128 0.666667
vt 0.702128 0.733333
vt 0.702128 0.800000
vt 0.702128 0.866667
vt 0.702128 0.933333
vt 0.702128 1.000000
vt 0.723404 0.066667
vt 0.723404 0.000000
vt 0.723404 0.133333
vt 0.723404 0.200000
vt 0.723404 0.266667
vt 0.723404 0.333333
vt 0.723404 0.400000
vt 0.723404 0.466667
vt 0.723404 0.533333
vt 0.723404 0.600000
vt 0.723404 0.666667
vt 0.723404 0.733333
vt 0.723404 0.800000
vt 0.723404 0.866667
vt 0.723404 0.933333
vt 0.723404 1.000000
vt 0.744681 0.066667
vt 0.744681 0.000000
vt 0.744681 0.133333
vt 0.744681 0.200000
vt 0.744681 0.266667
vt 0.744681 0.333333
vt 0.744681 0.400000
vt 0.744681 0.466667
vt 0.744681 0.533333
vt 0.744681 0.600000
vt 0.744681 0.666667
vt 0.744681 0.733333
vt 0.744681 0.800000
vt 0.744681 0.866667
vt 0.744681 0.933333
vt 0.744681 1.000000
vt 0.765957 0.066667
vt 0.765957 0.000000
vt 0.765957 0.133333
vt 0.765957 0.200000
vt 0.765957 0.266667
vt 0.765957 0.333333
vt 0.765957 0.400000
vt 0.765957 0.466667
vt 0.765957 0.533333
vt 0.765957 0.600000
vt 0.765957 0.666667
vt 0.765957 0.733333
vt 0.765957 0.800000
vt 0.765957 0.866667
vt 0.765957 0.933333
vt 0.765957 1.000000
vt 0.787234 0.066667
vt 0.787234 0.000000
vt 0.787234 0.133333
vt 0.787234 0.200000
vt 0.787234 0.266667
vt 0.787234 0.333333
vt 0.787234 0.400000
vt 0.787234 0.466667
vt 0.787234 0.533333
vt 0.787234 0.600000
vt 0.787234 0.666667
vt 0.787234 0.733333
vt 0.787234 0.800000
vt 0.787234 0.866667
vt 0.787234 0.933333
vt 0.787234 1.000000
vt 0.808511 0.066667
vt 0.808511 0.000000
vt 0.808511 0.133333
vt 0.808511 0.200000
vt 0.808511 0.266667
vt 0.808511 0.333333
vt 0.808511 0.400000
vt 0.808511 0.466667
vt 0.808511 0.533333
vt 0.808511 0.600000
vt 0.808511 0.666667
vt 0.808511 0.733333
vt 0.808511 0.800000
vt 0.808511 0.866667
vt 0.808511 0.933333
vt 0.808511 1.000000
vt 0.829787 0.066667
vt 0.829787 0.000000
vt 0.829787 0.133333
vt 0.829787 0.200000
vt 0.829787 0.266667
vt 0.829787 0.333333
vt 0.829787 0.400000
vt 0.829787 0.466667
vt 0.829787 0.533333
vt 0.829787 0.600000
vt 0.829787 0.666667
vt 0.829787 0.733333
vt 0.829787 0.800000
vt 0.829787 0.866667
vt 0.829787 0.933333
vt 0.829787 1.000000
vt 0.851064 0.066667
vt 0.851064 0.000000
vt 0.851064 0.133333
vt 0.851064 0.200000
vt 0.851064 0.266667
vt 0.851064 0.333333
vt 0.851064 0.400000
vt 0.851064 0.466667
vt 0.851064 0.533333
vt 0.851064 0.600000
vt 0.851064 0.666667
vt 0.851064 0.733333
vt 0.851064 0.800000
vt 0.851064 0.866667
vt 0.851064 0.933333
vt 0.851064 1.000000
vt 0.872340 0.066667
vt 0.872340 0.000000
vt 0.872340 0.133333
vt 0.872340 0.200000
vt 0.872340 0.266667
vt 0.872340 0.333333
vt 0.872340 0.400000
vt 0.872340 0.466667
vt 0.872340 0.533333
vt 0.872340 0.600000
vt 0.872340 0.666667
vt 0.872340 0.733333
vt 0.872340 0.800000
vt 0.872340 0.866667
vt 0.872340 0.933333
vt 0.872340 1.000000
vt 0.893617 0.066667
vt 0.893617 0.000000
vt 0.893617 0.133333
vt 0.893617 0.200000
vt 0.893617 0.266667
vt 0.893617 0.333333
vt 0.893617 0.400000
vt 0.893617 0.466667
vt 0.893617 0.533333
vt 0.893617 0.600000
vt 0.893617 0.666667
vt 0.893617 0.733333
vt 0.893617 0.800000
vt 0.893617 0.866667
vt 0.893617 0.933333
vt 0.893617 1.000000
vt 0.914894 0.066667
vt 0.914894 0.000000
vt 0.914894 0.133333
vt 0.914894 0.200000
vt 0.914894 0.266667
vt 0.914894 0.333333
vt 0.914894 0.400000
vt 0.914894 0.466667
vt 0.914894 0.533333
vt 0.914894 0.600000
vt 0.914894 0.666667
vt 0.914894 0.733333
vt 0.914894 0.800000
vt 0.914894 0.866667
vt 0.914894 0.933333
vt 0.914894 1.000000
vt 0.936170 0.066667
vt 0.936170 0.000000
vt 0.936170 0.133333
vt 0.936170 0.200000
vt 0.936170 0.266667
vt 0.936170 0.333333
vt 0.936170 0.400000
vt 0.936170 0.466667
vt 0.936170 0.533333
vt 0.936170 0.600000
vt 0.936170 0.666667
vt 0.936170 0.733333
vt 0.936170 0.800000
vt 0.936170 0.866667
vt 0.936170 0.933333
vt 0.936170 1.000000
vt 0.957447 0.066667
vt 0.957447 0.000000
vt 0.957447 0.133333
vt 0.957447 0.200000
vt 0.957447 0.266667
vt 0.957447 0.333333
vt 0.957447 0.400000
vt 0.957447 0.466667
vt 0.957447 0.533333
vt 0.957447 0.600000
vt 0.957447 0.666667
vt 0.957447 0.733333
vt 0.957447 0.800000
vt 0.957447 0.866667
vt 0.957447 0.933333
vt 0.957447 1.000000
vt 0.978723 0.066667
vt 0.978723 0.000000
vt 0.978723 0.133333
vt 0.978723 0.200000
vt 0.978723 0.266667
vt 0.978723 0.333333
vt 0.978723 0.400000
vt 0.978723 0.466667
vt 0.978723 0.533333
vt 0.978723 0.600000
vt 0.978723 0.666667
vt 0.978723 0.733333
vt 0.978723 0.800000
vt 0.978723 0.866667
vt 0.978723 0.933333
vt 0.978723 1.000000
vt 1.000000 0.066667
vt 1.000000 0.000000
vt 1.000000 0.133333
vt 1.000000 0.200000
vt 1.000000 0.266667
vt 1.000000 0.333333
vt 1.000000 0.400000
vt 1.000000 0.466667
vt 1.000000 0.533333
vt 1.000000 0.600000
vt 1.000000 0.666667
vt 1.000000 0.733333
vt 1.000000 0.800000
vt 1.000000 0.866667
vt 1.000000 0.933333
vt 1.000000 1.000000
vn -0.0005 0.1558 0.9878
vn -0.0005 0.1557 0.9878
vn -0.0004 0.1079 0.9941
vn -0.0009 0.2584 0.9660
vn -0.0009 0.2582 0.9661
vn -0.0014 0.3737 0.9275
vn -0.0014 0.3736 0.9276
vn -0.0019 0.4973 0.8675
vn -0.0019 0.4972 0.8676
vn -0.0024 0.6209 0.7839
vn -0.0023 0.6207 0.7840
vn -0.0029 0.7339 0.6793
vn -0.0028 0.7338 0.6793
vn -0.0033 0.8273 0.5617
vn -0.0032 0.8273 0.5618
vn -0.0035 0.8970 0.4421
vn -0.0035 0.8969 0.4421
vn -0.0037 0.9438 0.3304
vn -0.0036 0.9438 0.3304
vn -0.0038 0.9724 0.2331
vn -0.0037 0.9724 0.2331
vn -0.0038 0.9882 0.1532
vn -0.0037 0.9882 0.1533
vn -0.0038 0.9958 0.0913
vn -0.0037 0.9958 0.0913
vn -0.0037 0.9989 0.0470
vn -0.0036 0.9989 0.0470
vn -0.0036 0.9998 0.0197
vn -0.0035 0.9998 0.0197
vn -0.0035 0.9999 0.0103
vn -0.0034 0.9999 0.0103
vn -0.0003 0.1079 0.9941
vn -0.0013 0.3736 0.9276
vn -0.0018 0.4972 0.8676
vn -0.0027 0.7338 0.6793
vn -0.0031 0.8273 0.5618
vn -0.0033 0.8969 0.4421
vn -0.0035 0.9438 0.3304
vn -0.0035 0.9724 0.2332
vn -0.0035 0.9882 0.1533
vn -0.0035 0.9958 0.0914
vn -0.0034 0.9989 0.0471
vn -0.0033 0.9998 0.0198
vn -0.0033 0.9999 0.0104
vn -0.0008 0.2582 0.9661
vn -0.0013 0.3736 0.9275
vn -0.0017 0.4972 0.8676
vn -0.0022 0.6208 0.7840
vn -0.0026 0.7338 0.6793
vn -0.0029 0.8273 0.5618
vn -0.0032 0.8969 0.4422
vn -0.0033 0.9438 0.3305
vn -0.0034 0.9724 0.2332
vn -0.0034 0.9882 0.1533
vn -0.0034 0.9958 0.0914
vn -0.0033 0.9989 0.0471
vn -0.0032 0.9998 0.0199
vn -0.0031 0.9999 0.0105
vn -0.0008 0.2583 0.9661
vn -0.0012 0.3736 0.9275
vn -0.0016 0.4972 0.8676
vn -0.0020 0.6208 0.7840
vn -0.0024 0.7338 0.6793
vn -0.0028 0.8273 0.5618
vn -0.0030 0.8969 0.4422
vn -0.0031 0.9438 0.3305
vn -0.0032 0.9724 0.2332
vn -0.0032 0.9882 0.1534
vn -0.0032 0.9958 0.0915
vn -0.0031 0.9989 0.0472
vn -0.0030 0.9998 0.0199
vn -0.0030 0.9999 0.0105
vn -0.0004 0.1557 0.9878
vn -0.0011 0.3736 0.9275
vn -0.0015 0.4972 0.8676
vn -0.0023 0.7338 0.6793
vn -0.0026 0.8273 0.5618
vn -0.0028 0.8969 0.4422
vn -0.0030 0.9438 0.3305
vn -0.0031 0.9724 0.2332
vn -0.0031 0.9882 0.1534
vn -0.0030 0.9958 0.0915
vn -0.0030 0.9989 0.0472
vn -0.0029 0.9998 0.0200
vn -0.0028 0.9999 0.0106
vn -0.0007 0.2583 0.9661
vn -0.0014 0.4972 0.8676
vn -0.0018 0.6208 0.7840
vn -0.0022 0.7338 0.6793
vn -0.0025 0.8273 0.5618
vn -0.0027 0.8969 0.4422
vn -0.0028 0.9438 0.3305
vn -0.0029 0.9724 0.2333
vn -0.0029 0.9881 0.1534
vn -0.0029 0.9958 0.0916
vn -0.0028 0.9989 0.0472
vn -0.0027 0.9998 0.0200
vn -0.0027 0.9999 0.0107
vn -0.0002 0.1079 0.9941
vn -0.0010 0.3737 0.9275
vn -0.0014 0.4973 0.8676
vn -0.0017 0.6208 0.7839
vn -0.0021 0.7338 0.6793
vn -0.0023 0.8273 0.5618
vn -0.0025 0.8969 0.4422
vn -0.0027 0.9438 0.3305
vn -0.0027 0.9724 0.2333
vn -0.0027 0.9881 0.1534
vn -0.0027 0.9958 0.0916
vn -0.0026 0.9989 0.0473
vn -0.0026 0.9998 0.0201
vn -0.0025 0.9999 0.0107
vn -0.0006 0.2583 0.9660
vn -0.0009 0.3737 0.9275
vn -0.0013 0.4973 0.8676
vn -0.0016 0.6208 0.7839
vn -0.0020 0.7338 0.6793
vn -0.0022 0.8273 0.5618
vn -0.0024 0.8969 0.4422
vn -0.0025 0.9438 0.3305
vn -0.0026 0.9724 0.2333
vn -0.0026 0.9881 0.1535
vn -0.0025 0.9958 0.0916
vn -0.0025 0.9989 0.0473
vn -0.0024 0.9998 0.0201
vn -0.0023 0.9999 0.0108
vn -0.0003 0.1557 0.9878
vn -0.0012 0.4973 0.8676
vn -0.0015 0.6208 0.7839
vn -0.0018 0.7338 0.6793
vn -0.0020 0.8273 0.5617
vn -0.0022 0.8969 0.4422
vn -0.0023 0.9438 0.3305
vn -0.0024 0.9724 0.2333
vn -0.0024 0.9881 0.1535
vn -0.0023 0.9958 0.0916
vn -0.0023 0.9989 0.0474
vn -0.0023 0.9998 0.0202
vn -0.0022 0.9999 0.0108
vn -0.0003 0.1558 0.9878
vn -0.0005 0.2583 0.9660
vn -0.0008 0.3737 0.9275
vn -0.0011 0.4973 0.8675
vn -0.0014 0.6208 0.7839
vn -0.0017 0.7338 0.6793
vn -0.0019 0.8273 0.5617
vn -0.0021 0.8969 0.4422
vn -0.0022 0.9438 0.3305
vn -0.0022 0.9724 0.2333
vn -0.0022 0.9881 0.1535
vn -0.0022 0.9958 0.0917
vn -0.0022 0.9989 0.0474
vn -0.0021 0.9998 0.0202
vn -0.0020 0.9999 0.0109
vn -0.0010 0.4973 0.8675
vn -0.0013 0.6208 0.7839
vn -0.0016 0.7338 0.6793
vn -0.0018 0.8273 0.5617
vn -0.0019 0.8969 0.4422
vn -0.0020 0.9438 0.3305
vn -0.0020 0.9724 0.2333
vn -0.0020 0.9881 0.1535
vn -0.0020 0.9958 0.0917
vn -0.0020 0.9989 0.0474
vn -0.0019 0.9998 0.0203
vn -0.0019 0.9999 0.0109
vn -0.0007 0.3737 0.9275
vn -0.0009 0.4973 0.8675
vn -0.0012 0.6208 0.7839
vn -0.0014 0.7338 0.6793
vn -0.0016 0.8273 0.5617
vn -0.0018 0.8969 0.4422
vn -0.0019 0.9438 0.3305
vn -0.0019 0.9724 0.2333
vn -0.0019 0.9881 0.1535
vn -0.0019 0.9958 0.0917
vn -0.0018 0.9988 0.0475
vn -0.0018 0.9998 0.0203
vn -0.0017 0.9999 0.0110
vn -0.0002 0.1558 0.9878
vn -0.0004 0.2583 0.9660
vn -0.0006 0.3737 0.9275
vn -0.0011 0.6208 0.7839
vn -0.0013 0.7338 0.6793
vn -0.0015 0.8273 0.5617
vn -0.0016 0.8969 0.4422
vn -0.0017 0.9438 0.3305
vn -0.0017 0.9724 0.2333
vn -0.0017 0.9881 0.1536
vn -0.0017 0.9958 0.0918
vn -0.0017 0.9988 0.0475
vn -0.0016 0.9998 0.0203
vn -0.0016 0.9999 0.0110
vn -0.0008 0.4973 0.8675
vn -0.0010 0.6208 0.7839
vn -0.0012 0.7338 0.6793
vn -0.0013 0.8273 0.5617
vn -0.0015 0.8969 0.4422
vn -0.0015 0.9438 0.3305
vn -0.0016 0.9724 0.2334
vn -0.0016 0.9881 0.1536
vn -0.0016 0.9958 0.0918
vn -0.0015 0.9988 0.0475
vn -0.0015 0.9998 0.0204
vn -0.0014 0.9999 0.0110
vn -0.0001 0.1079 0.9941
vn -0.0003 0.2583 0.9660
vn -0.0005 0.3737 0.9275
vn -0.0007 0.4973 0.8675
vn -0.0009 0.6208 0.7839
vn -0.0011 0.7338 0.6793
vn -0.0012 0.8273 0.5617
vn -0.0013 0.8969 0.4422
vn -0.0014 0.9438 0.3305
vn -0.0014 0.9724 0.2334
vn -0.0014 0.9881 0.1536
vn -0.0014 0.9958 0.0918
vn -0.0013 0.9988 0.0475
vn -0.0013 0.9998 0.0204
vn -0.0013 0.9999 0.0110
vn -0.0006 0.4973 0.8675
vn -0.0008 0.6208 0.7839
vn -0.0009 0.7338 0.6793
vn -0.0011 0.8273 0.5617
vn -0.0012 0.8969 0.4422
vn -0.0012 0.9438 0.3305
vn -0.0012 0.9724 0.2334
vn -0.0012 0.9881 0.1536
vn -0.0012 0.9958 0.0918
vn -0.0012 0.9988 0.0475
vn -0.0012 0.9998 0.0204
vn -0.0011 0.9999 0.0111
vn -0.0002 0.2583 0.9660
vn -0.0004 0.3737 0.9275
vn -0.0005 0.4973 0.8675
vn -0.0007 0.6209 0.7839
vn -0.0008 0.7338 0.6793
vn -0.0009 0.8273 0.5617
vn -0.0010 0.8969 0.4422
vn -0.0010 0.9438 0.3305
vn -0.0011 0.9724 0.2334
vn -0.0011 0.9881 0.1536
vn -0.0010 0.9958 0.0918
vn -0.0010 0.9988 0.0476
vn -0.0010 0.9998 0.0204
vn -0.0010 0.9999 0.0111
vn -0.0001 0.1558 0.9878
vn -0.0003 0.3737 0.9275
vn -0.0006 0.6209 0.7839
vn -0.0007 0.7338 0.6793
vn -0.0008 0.8273 0.5617
vn -0.0008 0.8969 0.4422
vn -0.0009 0.9438 0.3306
vn -0.0009 0.9724 0.2334
vn -0.0009 0.9881 0.1536
vn -0.0009 0.9958 0.0918
vn -0.0009 0.9988 0.0476
vn -0.0009 0.9998 0.0204
vn -0.0008 0.9999 0.0111
vn -0.0004 0.4973 0.8675
vn -0.0005 0.6209 0.7839
vn -0.0005 0.7338 0.6793
vn -0.0006 0.8273 0.5617
vn -0.0007 0.8969 0.4422
vn -0.0007 0.9438 0.3306
vn -0.0007 0.9724 0.2334
vn -0.0007 0.9881 0.1536
vn -0.0007 0.9958 0.0919
vn -0.0007 0.9988 0.0476
vn -0.0007 0.9998 0.0205
vn -0.0007 0.9999 0.0111
vn -0.0000 0.1079 0.9941
vn -0.0001 0.2583 0.9660
vn -0.0002 0.3737 0.9275
vn -0.0003 0.4973 0.8675
vn -0.0004 0.6209 0.7839
vn -0.0004 0.7338 0.6793
vn -0.0005 0.8273 0.5617
vn -0.0005 0.8969 0.4422
vn -0.0005 0.9438 0.3306
vn -0.0006 0.9724 0.2334
vn -0.0006 0.9881 0.1536
vn -0.0005 0.9958 0.0919
vn -0.0005 0.9988 0.0476
vn -0.0005 0.9998 0.0205
vn -0.0005 0.9999 0.0111
vn -0.0002 0.4973 0.8675
vn -0.0002 0.6209 0.7839
vn -0.0003 0.7338 0.6793
vn -0.0003 0.8273 0.5617
vn -0.0004 0.8969 0.4422
vn -0.0004 0.9438 0.3306
vn -0.0004 0.9724 0.2334
vn -0.0004 0.9881 0.1537
vn -0.0004 0.9958 0.0919
vn -0.0004 0.9988 0.0476
vn -0.0004 0.9998 0.0205
vn -0.0004 0.9999 0.0112
vn -0.0000 0.1558 0.9878
vn -0.0001 0.3737 0.9275
vn -0.0001 0.4973 0.8675
vn -0.0002 0.7338 0.6793
vn -0.0002 0.8273 0.5617
vn -0.0002 0.8969 0.4422
vn -0.0002 0.9438 0.3306
vn -0.0002 0.9724 0.2334
vn -0.0002 0.9881 0.1537
vn -0.0002 0.9958 0.0919
vn -0.0002 0.9988 0.0476
vn -0.0002 0.9998 0.0205
vn -0.0002 0.9999 0.0112
vn 0.0000 0.2583 0.9660
vn -0.0000 0.3737 0.9275
vn -0.0000 0.4973 0.8675
vn -0.0000 0.6209 0.7839
vn -0.0001 0.7338 0.6793
vn -0.0001 0.8273 0.5617
vn -0.0001 0.8969 0.4422
vn -0.0001 0.9438 0.3306
vn -0.0001 0.9724 0.2334
vn -0.0001 0.9881 0.1537
vn -0.0001 0.9958 0.0919
vn -0.0001 0.9988 0.0476
vn -0.0001 0.9998 0.0205
vn -0.0001 0.9999 0.0112
vn 0.0001 0.7338 0.6793
vn 0.0001 0.8273 0.5617
vn 0.0001 0.8969 0.4422
vn 0.0001 0.9438 0.3306
vn 0.0001 0.9724 0.2334
vn 0.0001 0.9881 0.1537
vn 0.0001 0.9958 0.0919
vn 0.0001 0.9988 0.0476
vn 0.0001 0.9998 0.0205
vn 0.0001 0.9999 0.0112
vn 0.0001 0.2583 0.9660
vn 0.0001 0.3737 0.9275
vn 0.0001 0.4973 0.8675
vn 0.0002 0.6209 0.7839
vn 0.0002 0.7338 0.6793
vn 0.0002 0.8273 0.5617
vn 0.0002 0.8969 0.4422
vn 0.0002 0.9438 0.3306
vn 0.0002 0.9724 0.2334
vn 0.0002 0.9881 0.1537
vn 0.0002 0.9958 0.0919
vn 0.0002 0.9988 0.0476
vn 0.0002 0.9998 0.0205
vn 0.0002 0.9999 0.0112
vn 0.0001 0.1558 0.9878
vn 0.0002 0.3737 0.9275
vn 0.0002 0.4973 0.8675
vn 0.0003 0.7338 0.6793
vn 0.0003 0.8273 0.5617
vn 0.0004 0.8969 0.4422
vn 0.0004 0.9438 0.3306
vn 0.0004 0.9724 0.2334
vn 0.0004 0.9881 0.1537
vn 0.0004 0.9958 0.0919
vn 0.0004 0.9988 0.0476
vn 0.0004 0.9998 0.0205
vn 0.0004 0.9999 0.0112
vn 0.0003 0.4973 0.8675
vn 0.0004 0.6209 0.7839
vn 0.0004 0.7338 0.6793
vn 0.0005 0.8273 0.5617
vn 0.0005 0.8969 0.4422
vn 0.0005 0.9438 0.3306
vn 0.0006 0.9724 0.2334
vn 0.0006 0.9881 0.1536
vn 0.0005 0.9958 0.0919
vn 0.0005 0.9988 0.0476
vn 0.0005 0.9998 0.0205
vn 0.0005 0.9999 0.0111
vn 0.0001 0.1079 0.9941
vn 0.0002 0.2583 0.9660
vn 0.0003 0.3737 0.9275
vn 0.0004 0.4973 0.8675
vn 0.0005 0.6209 0.7839
vn 0.0005 0.7338 0.6793
vn 0.0006 0.8273 0.5617
vn 0.0007 0.8969 0.4422
vn 0.0007 0.9438 0.3306
vn 0.0007 0.9724 0.2334
vn 0.0007 0.9881 0.1536
vn 0.0007 0.9958 0.0919
vn 0.0007 0.9988 0.0476
vn 0.0007 0.9998 0.0205
vn 0.0007 0.9999 0.0111
vn 0.0005 0.4973 0.8675
vn 0.0006 0.6209 0.7839
vn 0.0007 0.7338 0.6793
vn 0.0008 0.8273 0.5617
vn 0.0008 0.8969 0.4422
vn 0.0009 0.9438 0.3306
vn 0.0009 0.9724 0.2334
vn 0.0009 0.9881 0.1536
vn 0.0009 0.9958 0.0918
vn 0.0009 0.9988 0.0476
vn 0.0009 0.9998 0.0204
vn 0.0008 0.9999 0.0111
vn 0.0002 0.1558 0.9878
vn 0.0004 0.3737 0.9275
vn 0.0007 0.6209 0.7839
vn 0.0008 0.7338 0.6793
vn 0.0009 0.8273 0.5617
vn 0.0010 0.8969 0.4422
vn 0.0010 0.9438 0.3305
vn 0.0011 0.9724 0.2334
vn 0.0011 0.9881 0.1536
vn 0.0010 0.9958 0.0918
vn 0.0010 0.9988 0.0476
vn 0.0010 0.9998 0.0204
vn 0.0010 0.9999 0.0111
vn 0.0003 0.2583 0.9660
vn 0.0005 0.3737 0.9275
vn 0.0006 0.4973 0.8675
vn 0.0008 0.6208 0.7839
vn 0.0009 0.7338 0.6793
vn 0.0011 0.8273 0.5617
vn 0.0012 0.8969 0.4422
vn 0.0012 0.9438 0.3305
vn 0.0012 0.9724 0.2334
vn 0.0012 0.9881 0.1536
vn 0.0012 0.9958 0.0918
vn 0.0012 0.9988 0.0475
vn 0.0012 0.9998 0.0204
vn 0.0011 0.9999 0.0111
vn 0.0007 0.4973 0.8675
vn 0.0009 0.6208 0.7839
vn 0.0011 0.7338 0.6793
vn 0.0012 0.8273 0.5617
vn 0.0013 0.8969 0.4422
vn 0.0014 0.9438 0.3305
vn 0.0014 0.9724 0.2334
vn 0.0014 0.9881 0.1536
vn 0.0014 0.9958 0.0918
vn 0.0013 0.9988 0.0475
vn 0.0013 0.9998 0.0204
vn 0.0013 0.9999 0.0110
vn 0.0002 0.1079 0.9941
vn 0.0004 0.2583 0.9660
vn 0.0006 0.3737 0.9275
vn 0.0008 0.4973 0.8675
vn 0.0010 0.6208 0.7839
vn 0.0012 0.7338 0.6793
vn 0.0013 0.8273 0.5617
vn 0.0015 0.8969 0.4422
vn 0.0015 0.9438 0.3305
vn 0.0016 0.9724 0.2334
vn 0.0016 0.9881 0.1536
vn 0.0016 0.9958 0.0918
vn 0.0015 0.9988 0.0475
vn 0.0015 0.9998 0.0204
vn 0.0014 0.9999 0.0110
vn 0.0009 0.4973 0.8675
vn 0.0011 0.6208 0.7839
vn 0.0013 0.7338 0.6793
vn 0.0015 0.8273 0.5617
vn 0.0016 0.8969 0.4422
vn 0.0017 0.9438 0.3305
vn 0.0017 0.9724 0.2333
vn 0.0017 0.9881 0.1536
vn 0.0017 0.9958 0.0918
vn 0.0017 0.9988 0.0475
vn 0.0016 0.9998 0.0203
vn 0.0016 0.9999 0.0110
vn 0.0003 0.1558 0.9878
vn 0.0005 0.2583 0.9660
vn 0.0007 0.3737 0.9275
vn 0.0012 0.6208 0.7839
vn 0.0014 0.7338 0.6793
vn 0.0016 0.8273 0.5617
vn 0.0018 0.8969 0.4422
vn 0.0019 0.9438 0.3305
vn 0.0019 0.9724 0.2333
vn 0.0019 0.9881 0.1535
vn 0.0019 0.9958 0.0917
vn 0.0018 0.9988 0.0475
vn 0.0018 0.9998 0.0203
vn 0.0017 0.9999 0.0110
vn 0.0008 0.3737 0.9275
vn 0.0010 0.4973 0.8675
vn 0.0013 0.6208 0.7839
vn 0.0016 0.7338 0.6793
vn 0.0018 0.8273 0.5617
vn 0.0019 0.8969 0.4422
vn 0.0020 0.9438 0.3305
vn 0.0020 0.9724 0.2333
vn 0.0020 0.9881 0.1535
vn 0.0020 0.9958 0.0917
vn 0.0020 0.9989 0.0474
vn 0.0019 0.9998 0.0203
vn 0.0019 0.9999 0.0109
vn 0.0011 0.4973 0.8675
vn 0.0014 0.6208 0.7839
vn 0.0017 0.7338 0.6793
vn 0.0019 0.8273 0.5617
vn 0.0021 0.8969 0.4422
vn 0.0022 0.9438 0.3305
vn 0.0022 0.9724 0.2333
vn 0.0022 0.9881 0.1535
vn 0.0022 0.9958 0.0917
vn 0.0022 0.9989 0.0474
vn 0.0021 0.9998 0.0202
vn 0.0020 0.9999 0.0109
vn 0.0003 0.1557 0.9878
vn 0.0006 0.2583 0.9660
vn 0.0009 0.3737 0.9275
vn 0.0012 0.4973 0.8676
vn 0.0015 0.6208 0.7839
vn 0.0018 0.7338 0.6793
vn 0.0020 0.8273 0.5617
vn 0.0022 0.8969 0.4422
vn 0.0023 0.9438 0.3305
vn 0.0024 0.9724 0.2333
vn 0.0024 0.9881 0.1535
vn 0.0023 0.9958 0.0916
vn 0.0023 0.9989 0.0474
vn 0.0023 0.9998 0.0202
vn 0.0022 0.9999 0.0108
vn 0.0004 0.1557 0.9878
vn 0.0013 0.4973 0.8676
vn 0.0016 0.6208 0.7839
vn 0.0020 0.7338 0.6793
vn 0.0022 0.8273 0.5618
vn 0.0024 0.8969 0.4422
vn 0.0025 0.9438 0.3305
vn 0.0026 0.9724 0.2333
vn 0.0026 0.9881 0.1535
vn 0.0025 0.9958 0.0916
vn 0.0025 0.9989 0.0473
vn 0.0024 0.9998 0.0201
vn 0.0023 0.9999 0.0108
vn 0.0007 0.2583 0.9660
vn 0.0010 0.3737 0.9275
vn 0.0014 0.4973 0.8676
vn 0.0017 0.6208 0.7839
vn 0.0021 0.7338 0.6793
vn 0.0023 0.8273 0.5618
vn 0.0025 0.8969 0.4422
vn 0.0027 0.9438 0.3305
vn 0.0027 0.9724 0.2333
vn 0.0027 0.9881 0.1534
vn 0.0027 0.9958 0.0916
vn 0.0026 0.9989 0.0473
vn 0.0026 0.9998 0.0201
vn 0.0025 0.9999 0.0107
vn 0.0003 0.1079 0.9941
vn 0.0007 0.2583 0.9661
vn 0.0011 0.3736 0.9275
vn 0.0014 0.4972 0.8676
vn 0.0018 0.6208 0.7840
vn 0.0022 0.7338 0.6793
vn 0.0025 0.8273 0.5618
vn 0.0027 0.8969 0.4422
vn 0.0028 0.9438 0.3305
vn 0.0029 0.9724 0.2333
vn 0.0029 0.9881 0.1534
vn 0.0029 0.9958 0.0916
vn 0.0028 0.9989 0.0472
vn 0.0027 0.9998 0.0200
vn 0.0027 0.9999 0.0107
vn 0.0008 0.2583 0.9661
vn 0.0015 0.4972 0.8676
vn 0.0020 0.6208 0.7840
vn 0.0023 0.7338 0.6793
vn 0.0026 0.8273 0.5618
vn 0.0028 0.8969 0.4422
vn 0.0030 0.9438 0.3305
vn 0.0031 0.9724 0.2332
vn 0.0031 0.9882 0.1534
vn 0.0030 0.9958 0.0915
vn 0.0030 0.9989 0.0472
vn 0.0029 0.9998 0.0200
vn 0.0028 0.9999 0.0106
vn 0.0005 0.1557 0.9878
vn 0.0012 0.3736 0.9275
vn 0.0016 0.4972 0.8676
vn 0.0024 0.7338 0.6793
vn 0.0028 0.8273 0.5618
vn 0.0030 0.8969 0.4422
vn 0.0031 0.9438 0.3305
vn 0.0032 0.9724 0.2332
vn 0.0032 0.9882 0.1534
vn 0.0032 0.9958 0.0915
vn 0.0031 0.9989 0.0472
vn 0.0030 0.9998 0.0199
vn 0.0030 0.9999 0.0105
vn 0.0008 0.2582 0.9661
vn 0.0013 0.3736 0.9275
vn 0.0017 0.4972 0.8676
vn 0.0022 0.6208 0.7840
vn 0.0026 0.7338 0.6793
vn 0.0029 0.8273 0.5618
vn 0.0032 0.8969 0.4422
vn 0.0033 0.9438 0.3305
vn 0.0034 0.9724 0.2332
vn 0.0034 0.9882 0.1533
vn 0.0034 0.9958 0.0914
vn 0.0033 0.9989 0.0471
vn 0.0032 0.9998 0.0199
vn 0.0031 0.9999 0.0105
vn 0.0009 0.2582 0.9661
vn 0.0013 0.3736 0.9276
vn 0.0018 0.4972 0.8676
vn 0.0023 0.6207 0.7840
vn 0.0027 0.7338 0.6793
vn 0.0031 0.8273 0.5618
vn 0.0033 0.8969 0.4421
vn 0.0035 0.9438 0.3304
vn 0.0035 0.9724 0.2332
vn 0.0035 0.9882 0.1533
vn 0.0035 0.9958 0.0914
vn 0.0034 0.9989 0.0471
vn 0.0033 0.9998 0.0198
vn 0.0033 0.9999 0.0104
vn 0.0004 0.1079 0.9941
vn 0.0014 0.3736 0.9276
vn 0.0019 0.4972 0.8676
vn 0.0024 0.6207 0.7840
vn 0.0028 0.7338 0.6793
vn 0.0032 0.8273 0.5618
vn 0.0035 0.8969 0.4421
vn 0.0036 0.9438 0.3304
vn 0.0037 0.9724 0.2331
vn 0.0037 0.9882 0.1533
vn 0.0037 0.9958 0.0913
vn 0.0036 0.9989 0.0470
vn 0.0035 0.9998 0.0197
vn 0.0034 0.9999 0.0103
vn 0.0005 0.1558 0.9878
vn 0.0009 0.2584 0.9660
vn 0.0014 0.3737 0.9275
vn 0.0019 0.4973 0.8675
vn 0.0024 0.6209 0.7839
vn 0.0029 0.7339 0.6793
vn 0.0033 0.8273 0.5617
vn 0.0035 0.8970 0.4421
vn 0.0037 0.9438 0.3304
vn 0.0038 0.9724 0.2331
vn 0.0038 0.9882 0.1532
vn 0.0038 0.9958 0.0913
vn 0.0037 0.9989 0.0470
vn 0.0036 0.9998 0.0197
vn 0.0035 0.9999 0.0103
usemtl Material.001
s 1
f 774/773/650 790/774/651 789/775/652 773/776/652
f 775/777/653 791/778/654 790/774/651 774/773/650
f 776/779/655 792/780/656 791/778/654 775/777/653
f 777/781/657 793/782/658 792/780/656 776/779/655
f 778/783/659 794/784/660 793/782/658 777/781/657
f 779/785/661 795/786/662 794/784/660 778/783/659
f 780/787/663 796/788/664 795/786/662 779/785/661
f 781/789/665 797/790/666 796/788/664 780/787/663
f 782/791/667 798/792/668 797/790/666 781/789/665
f 783/793/669 799/794/670 798/792/668 782/791/667
f 784/795/671 800/796/672 799/794/670 783/793/669
f 785/797/673 801/798/674 800/796/672 784/795/671
f 786/799/675 802/800/676 801/798/674 785/797/673
f 787/801/677 803/802/678 802/800/676 786/799/675
f 788/803/679 804/804/680 803/802/678 787/801/677
f 790/774/651 806/805/651 805/806/681 789/775/652
f 791/778/654 807/807/654 806/805/651 790/774/651
f 792/780/656 808/808/682 807/807/654 791/778/654
f 793/782/658 809/809/683 808/808/682 792/780/656
f 794/784/660 810/810/660 809/809/683 793/782/658
f 795/786/662 811/811/684 810/810/660 794/784/660
f 796/788/664 812/812/685 811/811/684 795/786/662
f 797/790/666 813/813/686 812/812/685 796/788/664
f 798/792/668 814/814/687 813/813/686 797/790/666
f 799/794/670 815/815/688 814/814/687 798/792/668
f 800/796/672 816/816/689 815/815/688 799/794/670
f 801/798/674 817/817/690 816/816/689 800/796/672
f 802/800/676 818/818/691 817/817/690 801/798/674
f 803/802/678 819/819/692 818/818/691 802/800/676
f 804/804/680 820/820/693 819/819/692 803/802/678
f 806/805/651 822/821/651 821/822/681 805/806/681
f 807/807/654 823/823/694 822/821/651 806/805/651
f 808/808/682 824/824/695 823/823/694 807/807/654
f 809/809/683 825/825/696 824/824/695 808/808/682
f 810/810/660 826/826/697 825/825/696 809/809/683
f 811/811/684 827/827/698 826/826/697 810/810/660
f 812/812/685 828/828/699 827/827/698 811/811/684
f 813/813/686 829/829/700 828/828/699 812/812/685
f 814/814/687 830/830/701 829/829/700 813/813/686
f 815/815/688 831/831/702 830/830/701 814/814/687
f 816/816/689 832/832/703 831/831/702 815/815/688
f 817/817/690 833/833/704 832/832/703 816/816/689
f 818/818/691 834/834/705 833/833/704 817/817/690
f 819/819/692 835/835/706 834/834/705 818/818/691
f 820/820/693 836/836/707 835/835/706 819/819/692
f 822/821/651 838/837/651 837/838/681 821/822/681
f 823/823/694 839/839/708 838/837/651 822/821/651
f 824/824/695 840/840/709 839/839/708 823/823/694
f 825/825/696 841/841/710 840/840/709 824/824/695
f 826/826/697 842/842/711 841/841/710 825/825/696
f 827/827/698 843/843/712 842/842/711 826/826/697
f 828/828/699 844/844/713 843/843/712 827/827/698
f 829/829/700 845/845/714 844/844/713 828/828/699
f 830/830/701 846/846/715 845/845/714 829/829/700
f 831/831/702 847/847/716 846/846/715 830/830/701
f 832/832/703 848/848/717 847/847/716 831/831/702
f 833/833/704 849/849/718 848/848/717 832/832/703
f 834/834/705 850/850/719 849/849/718 833/833/704
f 835/835/706 851/851/720 850/850/719 834/834/705
f 836/836/707 852/852/721 851/851/720 835/835/706
f 838/837/651 854/853/722 853/854/681 837/838/681
f 839/839/708 855/855/708 854/853/722 838/837/651
f 840/840/709 856/856/723 855/855/708 839/839/708
f 841/841/710 857/857/724 856/856/723 840/840/709
f 842/842/711 858/858/711 857/857/724 841/841/710
f 843/843/712 859/859/725 858/858/711 842/842/711
f 844/844/713 860/860/726 859/859/725 843/843/712
f 845/845/714 861/861/727 860/860/726 844/844/713
f 846/846/715 862/862/728 861/861/727 845/845/714
f 847/847/716 863/863/729 862/862/728 846/846/715
f 848/848/717 864/864/730 863/863/729 847/847/716
f 849/849/718 865/865/731 864/864/730 848/848/717
f 850/850/719 866/866/732 865/865/731 849/849/718
f 851/851/720 867/867/733 866/866/732 850/850/719
f 852/852/721 868/868/734 867/867/733 851/851/720
f 854/853/722 870/869/722 869/870/681 853/854/681
f 855/855/708 871/871/735 870/869/722 854/853/722
f 856/856/723 872/872/723 871/871/735 855/855/708
f 857/857/724 873/873/736 872/872/723 856/856/723
f 858/858/711 874/874/737 873/873/736 857/857/724
f 859/859/725 875/875/738 874/874/737 858/858/711
f 860/860/726 876/876/739 875/875/738 859/859/725
f 861/861/727 877/877/740 876/876/739 860/860/726
f 862/862/728 878/878/741 877/877/740 861/861/727
f 863/863/729 879/879/742 878/878/741 862/862/728
f 864/864/730 880/880/743 879/879/742 863/863/729
f 865/865/731 881/881/744 880/880/743 864/864/730
f 866/866/732 882/882/745 881/881/744 865/865/731
f 867/867/733 883/883/746 882/882/745 866/866/732
f 868/868/734 884/884/747 883/883/746 867/867/733
f 870/869/722 886/885/722 885/886/748 869/870/681
f 871/871/735 887/887/735 886/885/722 870/869/722
f 872/872/723 888/888/749 887/887/735 871/871/735
f 873/873/736 889/889/750 888/888/749 872/872/723
f 874/874/737 890/890/751 889/889/750 873/873/736
f 875/875/738 891/891/752 890/890/751 874/874/737
f 876/876/739 892/892/753 891/891/752 875/875/738
f 877/877/740 893/893/754 892/892/753 876/876/739
f 878/878/741 894/894/755 893/893/754 877/877/740
f 879/879/742 895/895/756 894/894/755 878/878/741
f 880/880/743 896/896/757 895/895/756 879/879/742
f 881/881/744 897/897/758 896/896/757 880/880/743
f 882/882/745 898/898/759 897/897/758 881/881/744
f 883/883/746 899/899/760 898/898/759 882/882/745
f 884/884/747 900/900/761 899/899/760 883/883/746
f 886/885/722 902/901/722 901/902/748 885/886/748
f 887/887/735 903/903/762 902/901/722 886/885/722
f 888/888/749 904/904/763 903/903/762 887/887/735
f 889/889/750 905/905/764 904/904/763 888/888/749
f 890/890/751 906/906/765 905/905/764 889/889/750
f 891/891/752 907/907/766 906/906/765 890/890/751
f 892/892/753 908/908/767 907/907/766 891/891/752
f 893/893/754 909/909/768 908/908/767 892/892/753
f 894/894/755 910/910/769 909/909/768 893/893/754
f 895/895/756 911/911/770 910/910/769 894/894/755
f 896/896/757 912/912/771 911/911/770 895/895/756
f 897/897/758 913/913/772 912/912/771 896/896/757
f 898/898/759 914/914/773 913/913/772 897/897/758
f 899/899/760 915/915/774 914/914/773 898/898/759
f 900/900/761 916/916/775 915/915/774 899/899/760
f 902/901/722 918/917/776 917/918/748 901/902/748
f 903/903/762 919/919/762 918/917/776 902/901/722
f 904/904/763 920/920/763 919/919/762 903/903/762
f 905/905/764 921/921/777 920/920/763 904/904/763
f 906/906/765 922/922/778 921/921/777 905/905/764
f 907/907/766 923/923/779 922/922/778 906/906/765
f 908/908/767 924/924/780 923/923/779 907/907/766
f 909/909/768 925/925/781 924/924/780 908/908/767
f 910/910/769 926/926/782 925/925/781 909/909/768
f 911/911/770 927/927/783 926/926/782 910/910/769
f 912/912/771 928/928/784 927/927/783 911/911/770
f 913/913/772 929/929/785 928/928/784 912/912/771
f 914/914/773 930/930/786 929/929/785 913/913/772
f 915/915/774 931/931/787 930/930/786 914/914/773
f 916/916/775 932/932/788 931/931/787 915/915/774
f 918/917/776 934/933/789 933/934/748 917/918/748
f 919/919/762 935/935/790 934/933/789 918/917/776
f 920/920/763 936/936/791 935/935/790 919/919/762
f 921/921/777 937/937/792 936/936/791 920/920/763
f 922/922/778 938/938/793 937/937/792 921/921/777
f 923/923/779 939/939/794 938/938/793 922/922/778
f 924/924/780 940/940/795 939/939/794 923/923/779
f 925/925/781 941/941/796 940/940/795 924/924/780
f 926/926/782 942/942/797 941/941/796 925/925/781
f 927/927/783 943/943/798 942/942/797 926/926/782
f 928/928/784 944/944/799 943/943/798 927/927/783
f 929/929/785 945/945/800 944/944/799 928/928/784
f 930/930/786 946/946/801 945/945/800 929/929/785
f 931/931/787 947/947/802 946/946/801 930/930/786
f 932/932/788 948/948/803 947/947/802 931/931/787
f 934/933/789 950/949/789 949/950/748 933/934/748
f 935/935/790 951/951/790 950/949/789 934/933/789
f 936/936/791 952/952/791 951/951/790 935/935/790
f 937/937/792 953/953/804 952/952/791 936/936/791
f 938/938/793 954/954/805 953/953/804 937/937/792
f 939/939/794 955/955/806 954/954/805 938/938/793
f 940/940/795 956/956/807 955/955/806 939/939/794
f 941/941/796 957/957/808 956/956/807 940/940/795
f 942/942/797 958/958/809 957/957/808 941/941/796
f 943/943/798 959/959/810 958/958/809 942/942/797
f 944/944/799 960/960/811 959/959/810 943/943/798
f 945/945/800 961/961/812 960/960/811 944/944/799
f 946/946/801 962/962/813 961/961/812 945/945/800
f 947/947/802 963/963/814 962/962/813 946/946/801
f 948/948/803 964/964/815 963/963/814 947/947/802
f 950/949/789 966/965/789 965/966/748 949/950/748
f 951/951/790 967/967/790 966/965/789 950/949/789
f 952/952/791 968/968/816 967/967/790 951/951/790
f 953/953/804 969/969/817 968/968/816 952/952/791
f 954/954/805 970/970/818 969/969/817 953/953/804
f 955/955/806 971/971/819 970/970/818 954/954/805
f 956/956/807 972/972/820 971/971/819 955/955/806
f 957/957/808 973/973/821 972/972/820 956/956/807
f 958/958/809 974/974/822 973/973/821 957/957/808
f 959/959/810 975/975/823 974/974/822 958/958/809
f 960/960/811 976/976/824 975/975/823 959/959/810
f 961/961/812 977/977/825 976/976/824 960/960/811
f 962/962/813 978/978/826 977/977/825 961/961/812
f 963/963/814 979/979/827 978/978/826 962/962/813
f 964/964/815 980/980/828 979/979/827 963/963/814
f 966/965/789 982/981/829 981/982/748 965/966/748
f 967/967/790 983/983/830 982/981/829 966/965/789
f 968/968/816 984/984/831 983/983/830 967/967/790
f 969/969/817 985/985/817 984/984/831 968/968/816
f 970/970/818 986/986/832 985/985/817 969/969/817
f 971/971/819 987/987/833 986/986/832 970/970/818
f 972/972/820 988/988/834 987/987/833 971/971/819
f 973/973/821 989/989/835 988/988/834 972/972/820
f 974/974/822 990/990/836 989/989/835 973/973/821
f 975/975/823 991/991/837 990/990/836 974/974/822
f 976/976/824 992/992/838 991/991/837 975/975/823
f 977/977/825 993/993/839 992/992/838 976/976/824
f 978/978/826 994/994/840 993/993/839 977/977/825
f 979/979/827 995/995/841 994/994/840 978/978/826
f 980/980/828 996/996/842 995/995/841 979/979/827
f 982/981/829 998/997/829 997/998/748 981/982/748
f 983/983/830 999/999/830 998/997/829 982/981/829
f 984/984/831 1000/1000/831 999/999/830 983/983/830
f 985/985/817 1001/1001/843 1000/1000/831 984/984/831
f 986/986/832 1002/1002/844 1001/1001/843 985/985/817
f 987/987/833 1003/1003/845 1002/1002/844 986/986/832
f 988/988/834 1004/1004/846 1003/1003/845 987/987/833
f 989/989/835 1005/1005/847 1004/1004/846 988/988/834
f 990/990/836 1006/1006/848 1005/1005/847 989/989/835
f 991/991/837 1007/1007/849 1006/1006/848 990/990/836
f 992/992/838 1008/1008/850 1007/1007/849 991/991/837
f 993/993/839 1009/1009/851 1008/1008/850 992/992/838
f 994/994/840 1010/1010/852 1009/1009/851 993/993/839
f 995/995/841 1011/1011/853 1010/1010/852 994/994/840
f 996/996/842 1012/1012/854 1011/1011/853 995/995/841
f 998/997/829 1014/1013/829 1013/1014/855 997/998/748
f 999/999/830 1015/1015/856 1014/1013/829 998/997/829
f 1000/1000/831 1016/1016/857 1015/1015/856 999/999/830
f 1001/1001/843 1017/1017/858 1016/1016/857 1000/1000/831
f 1002/1002/844 1018/1018/859 1017/1017/858 1001/1001/843
f 1003/1003/845 1019/1019/860 1018/1018/859 1002/1002/844
f 1004/1004/846 1020/1020/861 1019/1019/860 1003/1003/845
f 1005/1005/847 1021/1021/862 1020/1020/861 1004/1004/846
f 1006/1006/848 1022/1022/863 1021/1021/862 1005/1005/847
f 1007/1007/849 1023/1023/864 1022/1022/863 1006/1006/848
f 1008/1008/850 1024/1024/865 1023/1023/864 1007/1007/849
f 1009/1009/851 1025/1025/866 1024/1024/865 1008/1008/850
f 1010/1010/852 1026/1026/867 1025/1025/866 1009/1009/851
f 1011/1011/853 1027/1027/868 1026/1026/867 1010/1010/852
f 1012/1012/854 1028/1028/869 1027/1027/868 1011/1011/853
f 1014/1013/829 1030/1029/829 1029/1030/855 1013/1014/855
f 1015/1015/856 1031/1031/856 1030/1029/829 1014/1013/829
f 1016/1016/857 1032/1032/857 1031/1031/856 1015/1015/856
f 1017/1017/858 1033/1033/870 1032/1032/857 1016/1016/857
f 1018/1018/859 1034/1034/871 1033/1033/870 1017/1017/858
f 1019/1019/860 1035/1035/872 1034/1034/871 1018/1018/859
f 1020/1020/861 1036/1036/873 1035/1035/872 1019/1019/860
f 1021/1021/862 1037/1037/874 1036/1036/873 1020/1020/861
f 1022/1022/863 1038/1038/875 1037/1037/874 1021/1021/862
f 1023/1023/864 1039/1039/876 1038/1038/875 1022/1022/863
f 1024/1024/865 1040/1040/877 1039/1039/876 1023/1023/864
f 1025/1025/866 1041/1041/878 1040/1040/877 1024/1024/865
f 1026/1026/867 1042/1042/879 1041/1041/878 1025/1025/866
f 1027/1027/868 1043/1043/880 1042/1042/879 1026/1026/867
f 1028/1028/869 1044/1044/881 1043/1043/880 1027/1027/868
f 1030/1029/829 1046/1045/829 1045/1046/855 1029/1030/855
f 1031/1031/856 1047/1047/882 1046/1045/829 1030/1029/829
f 1032/1032/857 1048/1048/883 1047/1047/882 1031/1031/856
f 1033/1033/870 1049/1049/884 1048/1048/883 1032/1032/857
f 1034/1034/871 1050/1050/885 1049/1049/884 1033/1033/870
f 1035/1035/872 1051/1051/886 1050/1050/885 1034/1034/871
f 1036/1036/873 1052/1052/887 1051/1051/886 1035/1035/872
f 1037/1037/874 1053/1053/888 1052/1052/887 1036/1036/873
f 1038/1038/875 1054/1054/889 1053/1053/888 1037/1037/874
f 1039/1039/876 1055/1055/890 1054/1054/889 1038/1038/875
f 1040/1040/877 1056/1056/891 1055/1055/890 1039/1039/876
f 1041/1041/878 1057/1057/892 1056/1056/891 1040/1040/877
f 1042/1042/879 1058/1058/893 1057/1057/892 1041/1041/878
f 1043/1043/880 1059/1059/894 1058/1058/893 1042/1042/879
f 1044/1044/881 1060/1060/895 1059/1059/894 1043/1043/880
f 1046/1045/829 1062/1061/896 1061/1062/855 1045/1046/855
f 1047/1047/882 1063/1063/882 1062/1061/896 1046/1045/829
f 1048/1048/883 1064/1064/897 1063/1063/882 1047/1047/882
f 1049/1049/884 1065/1065/884 1064/1064/897 1048/1048/883
f 1050/1050/885 1066/1066/898 1065/1065/884 1049/1049/884
f 1051/1051/886 1067/1067/899 1066/1066/898 1050/1050/885
f 1052/1052/887 1068/1068/900 1067/1067/899 1051/1051/886
f 1053/1053/888 1069/1069/901 1068/1068/900 1052/1052/887
f 1054/1054/889 1070/1070/902 1069/1069/901 1053/1053/888
f 1055/1055/890 1071/1071/903 1070/1070/902 1054/1054/889
f 1056/1056/891 1072/1072/904 1071/1071/903 1055/1055/890
f 1057/1057/892 1073/1073/905 1072/1072/904 1056/1056/891
f 1058/1058/893 1074/1074/906 1073/1073/905 1057/1057/892
f 1059/1059/894 1075/1075/907 1074/1074/906 1058/1058/893
f 1060/1060/895 1076/1076/908 1075/1075/907 1059/1059/894
f 1062/1061/896 1078/1077/896 1077/1078/855 1061/1062/855
f 1063/1063/882 1079/1079/882 1078/1077/896 1062/1061/896
f 1064/1064/897 1080/1080/897 1079/1079/882 1063/1063/882
f 1065/1065/884 1081/1081/909 1080/1080/897 1064/1064/897
f 1066/1066/898 1082/1082/910 1081/1081/909 1065/1065/884
f 1067/1067/899 1083/1083/911 1082/1082/910 1066/1066/898
f 1068/1068/900 1084/1084/912 1083/1083/911 1067/1067/899
f 1069/1069/901 1085/1085/913 1084/1084/912 1068/1068/900
f 1070/1070/902 1086/1086/914 1085/1085/913 1069/1069/901
f 1071/1071/903 1087/1087/915 1086/1086/914 1070/1070/902
f 1072/1072/904 1088/1088/916 1087/1087/915 1071/1071/903
f 1073/1073/905 1089/1089/917 1088/1088/916 1072/1072/904
f 1074/1074/906 1090/1090/918 1089/1089/917 1073/1073/905
f 1075/1075/907 1091/1091/919 1090/1090/918 1074/1074/906
f 1076/1076/908 1092/1092/920 1091/1091/919 1075/1075/907
f 1078/1077/896 1094/1093/896 1093/1094/921 1077/1078/855
f 1079/1079/882 1095/1095/922 1094/1093/896 1078/1077/896
f 1080/1080/897 1096/1096/923 1095/1095/922 1079/1079/882
f 1081/1081/909 1097/1097/924 1096/1096/923 1080/1080/897
f 1082/1082/910 1098/1098/925 1097/1097/924 1081/1081/909
f 1083/1083/911 1099/1099/926 1098/1098/925 1082/1082/910
f 1084/1084/912 1100/1100/927 1099/1099/926 1083/1083/911
f 1085/1085/913 1101/1101/928 1100/1100/927 1084/1084/912
f 1086/1086/914 1102/1102/929 1101/1101/928 1085/1085/913
f 1087/1087/915 1103/1103/930 1102/1102/929 1086/1086/914
f 1088/1088/916 1104/1104/931 1103/1103/930 1087/1087/915
f 1089/1089/917 1105/1105/932 1104/1104/931 1088/1088/916
f 1090/1090/918 1106/1106/933 1105/1105/932 1089/1089/917
f 1091/1091/919 1107/1107/934 1106/1106/933 1090/1090/918
f 1092/1092/920 1108/1108/935 1107/1107/934 1091/1091/919
f 1094/1093/896 1110/1109/896 1109/1110/921 1093/1094/921
f 1095/1095/922 1111/1111/922 1110/1109/896 1094/1093/896
f 1096/1096/923 1112/1112/923 1111/1111/922 1095/1095/922
f 1097/1097/924 1113/1113/936 1112/1112/923 1096/1096/923
f 1098/1098/925 1114/1114/937 1113/1113/936 1097/1097/924
f 1099/1099/926 1115/1115/938 1114/1114/937 1098/1098/925
f 1100/1100/927 1116/1116/939 1115/1115/938 1099/1099/926
f 1101/1101/928 1117/1117/940 1116/1116/939 1100/1100/927
f 1102/1102/929 1118/1118/941 1117/1117/940 1101/1101/928
f 1103/1103/930 1119/1119/942 1118/1118/941 1102/1102/929
f 1104/1104/931 1120/1120/943 1119/1119/942 1103/1103/930
f 1105/1105/932 1121/1121/944 1120/1120/943 1104/1104/931
f 1106/1106/933 1122/1122/945 1121/1121/944 1105/1105/932
f 1107/1107/934 1123/1123/946 1122/1122/945 1106/1106/933
f 1108/1108/935 1124/1124/947 1123/1123/946 1107/1107/934
f 1110/1109/896 1126/1125/948 1125/1126/921 1109/1110/921
f 1111/1111/922 1127/1127/922 1126/1125/948 1110/1109/896
f 1112/1112/923 1128/1128/949 1127/1127/922 1111/1111/922
f 1113/1113/936 1129/1129/950 1128/1128/949 1112/1112/923
f 1114/1114/937 1130/1130/937 1129/1129/950 1113/1113/936
f 1115/1115/938 1131/1131/951 1130/1130/937 1114/1114/937
f 1116/1116/939 1132/1132/952 1131/1131/951 1115/1115/938
f 1117/1117/940 1133/1133/953 1132/1132/952 1116/1116/939
f 1118/1118/941 1134/1134/954 1133/1133/953 1117/1117/940
f 1119/1119/942 1135/1135/955 1134/1134/954 1118/1118/941
f 1120/1120/943 1136/1136/956 1135/1135/955 1119/1119/942
f 1121/1121/944 1137/1137/957 1136/1136/956 1120/1120/943
f 1122/1122/945 1138/1138/958 1137/1137/957 1121/1121/944
f 1123/1123/946 1139/1139/959 1138/1138/958 1122/1122/945
f 1124/1124/947 1140/1140/960 1139/1139/959 1123/1123/946
f 1126/1125/948 1142/1141/948 1141/1142/921 1125/1126/921
f 1127/1127/922 1143/1143/961 1142/1141/948 1126/1125/948
f 1128/1128/949 1144/1144/962 1143/1143/961 1127/1127/922
f 1129/1129/950 1145/1145/963 1144/1144/962 1128/1128/949
f 1130/1130/937 1146/1146/964 1145/1145/963 1129/1129/950
f 1131/1131/951 1147/1147/965 1146/1146/964 1130/1130/937
f 1132/1132/952 1148/1148/966 1147/1147/965 1131/1131/951
f 1133/1133/953 1149/1149/967 1148/1148/966 1132/1132/952
f 1134/1134/954 1150/1150/968 1149/1149/967 1133/1133/953
f 1135/1135/955 1151/1151/969 1150/1150/968 1134/1134/954
f 1136/1136/956 1152/1152/970 1151/1151/969 1135/1135/955
f 1137/1137/957 1153/1153/971 1152/1152/970 1136/1136/956
f 1138/1138/958 1154/1154/972 1153/1153/971 1137/1137/957
f 1139/1139/959 1155/1155/973 1154/1154/972 1138/1138/958
f 1140/1140/960 1156/1156/974 1155/1155/973 1139/1139/959
f 1142/1141/948 1158/1157/948 1157/1158/921 1141/1142/921
f 1143/1143/961 1159/1159/961 1158/1157/948 1142/1141/948
f 1144/1144/962 1160/1160/962 1159/1159/961 1143/1143/961
f 1145/1145/963 1161/1161/963 1160/1160/962 1144/1144/962
f 1146/1146/964 1162/1162/964 1161/1161/963 1145/1145/963
f 1147/1147/965 1163/1163/975 1162/1162/964 1146/1146/964
f 1148/1148/966 1164/1164/976 1163/1163/975 1147/1147/965
f 1149/1149/967 1165/1165/977 1164/1164/976 1148/1148/966
f 1150/1150/968 1166/1166/978 1165/1165/977 1149/1149/967
f 1151/1151/969 1167/1167/979 1166/1166/978 1150/1150/968
f 1152/1152/970 1168/1168/980 1167/1167/979 1151/1151/969
f 1153/1153/971 1169/1169/981 1168/1168/980 1152/1152/970
f 1154/1154/972 1170/1170/982 1169/1169/981 1153/1153/971
f 1155/1155/973 1171/1171/983 1170/1170/982 1154/1154/972
f 1156/1156/974 1172/1172/984 1171/1171/983 1155/1155/973
f 1158/1157/948 1174/1173/948 1173/1174/921 1157/1158/921
f 1159/1159/961 1175/1175/985 1174/1173/948 1158/1157/948
f 1160/1160/962 1176/1176/986 1175/1175/985 1159/1159/961
f 1161/1161/963 1177/1177/987 1176/1176/986 1160/1160/962
f 1162/1162/964 1178/1178/988 1177/1177/987 1161/1161/963
f 1163/1163/975 1179/1179/989 1178/1178/988 1162/1162/964
f 1164/1164/976 1180/1180/990 1179/1179/989 1163/1163/975
f 1165/1165/977 1181/1181/991 1180/1180/990 1164/1164/976
f 1166/1166/978 1182/1182/992 1181/1181/991 1165/1165/977
f 1167/1167/979 1183/1183/993 1182/1182/992 1166/1166/978
f 1168/1168/980 1184/1184/994 1183/1183/993 1167/1167/979
f 1169/1169/981 1185/1185/995 1184/1184/994 1168/1168/980
f 1170/1170/982 1186/1186/996 1185/1185/995 1169/1169/981
f 1171/1171/983 1187/1187/997 1186/1186/996 1170/1170/982
f 1172/1172/984 1188/1188/998 1187/1187/997 1171/1171/983
f 1174/1173/948 1190/1189/999 1189/1190/921 1173/1174/921
f 1175/1175/985 1191/1191/985 1190/1189/999 1174/1173/948
f 1176/1176/986 1192/1192/1000 1191/1191/985 1175/1175/985
f 1177/1177/987 1193/1193/1001 1192/1192/1000 1176/1176/986
f 1178/1178/988 1194/1194/988 1193/1193/1001 1177/1177/987
f 1179/1179/989 1195/1195/1002 1194/1194/988 1178/1178/988
f 1180/1180/990 1196/1196/1003 1195/1195/1002 1179/1179/989
f 1181/1181/991 1197/1197/1004 1196/1196/1003 1180/1180/990
f 1182/1182/992 1198/1198/1005 1197/1197/1004 1181/1181/991
f 1183/1183/993 1199/1199/1006 1198/1198/1005 1182/1182/992
f 1184/1184/994 1200/1200/1007 1199/1199/1006 1183/1183/993
f 1185/1185/995 1201/1201/1008 1200/1200/1007 1184/1184/994
f 1186/1186/996 1202/1202/1009 1201/1201/1008 1185/1185/995
f 1187/1187/997 1203/1203/1010 1202/1202/1009 1186/1186/996
f 1188/1188/998 1204/1204/1011 1203/1203/1010 1187/1187/997
f 1190/1189/999 1206/1205/999 1205/1206/921 1189/1190/921
f 1191/1191/985 1207/1207/985 1206/1205/999 1190/1189/999
f 1192/1192/1000 1208/1208/1000 1207/1207/985 1191/1191/985
f 1193/1193/1001 1209/1209/1012 1208/1208/1000 1192/1192/1000
f 1194/1194/988 1210/1210/1013 1209/1209/1012 1193/1193/1001
f 1195/1195/1002 1211/1211/1014 1210/1210/1013 1194/1194/988
f 1196/1196/1003 1212/1212/1015 1211/1211/1014 1195/1195/1002
f 1197/1197/1004 1213/1213/1016 1212/1212/1015 1196/1196/1003
f 1198/1198/1005 1214/1214/1017 1213/1213/1016 1197/1197/1004
f 1199/1199/1006 1215/1215/1018 1214/1214/1017 1198/1198/1005
f 1200/1200/1007 1216/1216/1019 1215/1215/1018 1199/1199/1006
f 1201/1201/1008 1217/1217/1020 1216/1216/1019 1200/1200/1007
f 1202/1202/1009 1218/1218/1021 1217/1217/1020 1201/1201/1008
f 1203/1203/1010 1219/1219/1022 1218/1218/1021 1202/1202/1009
f 1204/1204/1011 1220/1220/1023 1219/1219/1022 1203/1203/1010
f 1206/1205/999 1222/1221/999 1221/1222/1024 1205/1206/921
f 1207/1207/985 1223/1223/1025 1222/1221/999 1206/1205/999
f 1208/1208/1000 1224/1224/1026 1223/1223/1025 1207/1207/985
f 1209/1209/1012 1225/1225/1027 1224/1224/1026 1208/1208/1000
f 1210/1210/1013 1226/1226/1028 1225/1225/1027 1209/1209/1012
f 1211/1211/1014 1227/1227/1029 1226/1226/1028 1210/1210/1013
f 1212/1212/1015 1228/1228/1030 1227/1227/1029 1211/1211/1014
f 1213/1213/1016 1229/1229/1031 1228/1228/1030 1212/1212/1015
f 1214/1214/1017 1230/1230/1032 1229/1229/1031 1213/1213/1016
f 1215/1215/1018 1231/1231/1033 1230/1230/1032 1214/1214/1017
f 1216/1216/1019 1232/1232/1034 1231/1231/1033 1215/1215/1018
f 1217/1217/1020 1233/1233/1035 1232/1232/1034 1216/1216/1019
f 1218/1218/1021 1234/1234/1036 1233/1233/1035 1217/1217/1020
f 1219/1219/1022 1235/1235/1037 1234/1234/1036 1218/1218/1021
f 1220/1220/1023 1236/1236/1038 1235/1235/1037 1219/1219/1022
f 1222/1221/999 1238/1237/999 1237/1238/1024 1221/1222/1024
f 1223/1223/1025 1239/1239/1025 1238/1237/999 1222/1221/999
f 1224/1224/1026 1240/1240/1026 1239/1239/1025 1223/1223/1025
f 1225/1225/1027 1241/1241/1039 1240/1240/1026 1224/1224/1026
f 1226/1226/1028 1242/1242/1040 1241/1241/1039 1225/1225/1027
f 1227/1227/1029 1243/1243/1041 1242/1242/1040 1226/1226/1028
f 1228/1228/1030 1244/1244/1042 1243/1243/1041 1227/1227/1029
f 1229/1229/1031 1245/1245/1043 1244/1244/1042 1228/1228/1030
f 1230/1230/1032 1246/1246/1044 1245/1245/1043 1229/1229/1031
f 1231/1231/1033 1247/1247/1045 1246/1246/1044 1230/1230/1032
f 1232/1232/1034 1248/1248/1046 1247/1247/1045 1231/1231/1033
f 1233/1233/1035 1249/1249/1047 1248/1248/1046 1232/1232/1034
f 1234/1234/1036 1250/1250/1048 1249/1249/1047 1233/1233/1035
f 1235/1235/1037 1251/1251/1049 1250/1250/1048 1234/1234/1036
f 1236/1236/1038 1252/1252/1050 1251/1251/1049 1235/1235/1037
f 1238/1237/999 1254/1253/1051 1253/1254/1024 1237/1238/1024
f 1239/1239/1025 1255/1255/1025 1254/1253/1051 1238/1237/999
f 1240/1240/1026 1256/1256/1052 1255/1255/1025 1239/1239/1025
f 1241/1241/1039 1257/1257/1039 1256/1256/1052 1240/1240/1026
f 1242/1242/1040 1258/1258/1053 1257/1257/1039 1241/1241/1039
f 1243/1243/1041 1259/1259/1054 1258/1258/1053 1242/1242/1040
f 1244/1244/1042 1260/1260/1055 1259/1259/1054 1243/1243/1041
f 1245/1245/1043 1261/1261/1056 1260/1260/1055 1244/1244/1042
f 1246/1246/1044 1262/1262/1057 1261/1261/1056 1245/1245/1043
f 1247/1247/1045 1263/1263/1058 1262/1262/1057 1246/1246/1044
f 1248/1248/1046 1264/1264/1059 1263/1263/1058 1247/1247/1045
f 1249/1249/1047 1265/1265/1060 1264/1264/1059 1248/1248/1046
f 1250/1250/1048 1266/1266/1061 1265/1265/1060 1249/1249/1047
f 1251/1251/1049 1267/1267/1062 1266/1266/1061 1250/1250/1048
f 1252/1252/1050 1268/1268/1063 1267/1267/1062 1251/1251/1049
f 1254/1253/1051 1270/1269/1051 1269/1270/1024 1253/1254/1024
f 1255/1255/1025 1271/1271/1064 1270/1269/1051 1254/1253/1051
f 1256/1256/1052 1272/1272/1065 1271/1271/1064 1255/1255/1025
f 1257/1257/1039 1273/1273/1066 1272/1272/1065 1256/1256/1052
f 1258/1258/1053 1274/1274/1067 1273/1273/1066 1257/1257/1039
f 1259/1259/1054 1275/1275/1068 1274/1274/1067 1258/1258/1053
f 1260/1260/1055 1276/1276/1069 1275/1275/1068 1259/1259/1054
f 1261/1261/1056 1277/1277/1070 1276/1276/1069 1260/1260/1055
f 1262/1262/1057 1278/1278/1071 1277/1277/1070 1261/1261/1056
f 1263/1263/1058 1279/1279/1072 1278/1278/1071 1262/1262/1057
f 1264/1264/1059 1280/1280/1073 1279/1279/1072 1263/1263/1058
f 1265/1265/1060 1281/1281/1074 1280/1280/1073 1264/1264/1059
f 1266/1266/1061 1282/1282/1075 1281/1281/1074 1265/1265/1060
f 1267/1267/1062 1283/1283/1076 1282/1282/1075 1266/1266/1061
f 1268/1268/1063 1284/1284/1077 1283/1283/1076 1267/1267/1062
f 1270/1269/1051 1286/1285/1051 1285/1286/1024 1269/1270/1024
f 1271/1271/1064 1287/1287/1064 1286/1285/1051 1270/1269/1051
f 1272/1272/1065 1288/1288/1065 1287/1287/1064 1271/1271/1064
f 1273/1273/1066 1289/1289/1078 1288/1288/1065 1272/1272/1065
f 1274/1274/1067 1290/1290/1079 1289/1289/1078 1273/1273/1066
f 1275/1275/1068 1291/1291/1080 1290/1290/1079 1274/1274/1067
f 1276/1276/1069 1292/1292/1081 1291/1291/1080 1275/1275/1068
f 1277/1277/1070 1293/1293/1082 1292/1292/1081 1276/1276/1069
f 1278/1278/1071 1294/1294/1083 1293/1293/1082 1277/1277/1070
f 1279/1279/1072 1295/1295/1084 1294/1294/1083 1278/1278/1071
f 1280/1280/1073 1296/1296/1085 1295/1295/1084 1279/1279/1072
f 1281/1281/1074 1297/1297/1086 1296/1296/1085 1280/1280/1073
f 1282/1282/1075 1298/1298/1087 1297/1297/1086 1281/1281/1074
f 1283/1283/1076 1299/1299/1088 1298/1298/1087 1282/1282/1075
f 1284/1284/1077 1300/1300/1089 1299/1299/1088 1283/1283/1076
f 1286/1285/1051 1302/1301/1051 1301/1302/1090 1285/1286/1024
f 1287/1287/1064 1303/1303/1091 1302/1301/1051 1286/1285/1051
f 1288/1288/1065 1304/1304/1092 1303/1303/1091 1287/1287/1064
f 1289/1289/1078 1305/1305/1093 1304/1304/1092 1288/1288/1065
f 1290/1290/1079 1306/1306/1094 1305/1305/1093 1289/1289/1078
f 1291/1291/1080 1307/1307/1095 1306/1306/1094 1290/1290/1079
f 1292/1292/1081 1308/1308/1096 1307/1307/1095 1291/1291/1080
f 1293/1293/1082 1309/1309/1097 1308/1308/1096 1292/1292/1081
f 1294/1294/1083 1310/1310/1098 1309/1309/1097 1293/1293/1082
f 1295/1295/1084 1311/1311/1099 1310/1310/1098 1294/1294/1083
f 1296/1296/1085 1312/1312/1100 1311/1311/1099 1295/1295/1084
f 1297/1297/1086 1313/1313/1101 1312/1312/1100 1296/1296/1085
f 1298/1298/1087 1314/1314/1102 1313/1313/1101 1297/1297/1086
f 1299/1299/1088 1315/1315/1103 1314/1314/1102 1298/1298/1087
f 1300/1300/1089 1316/1316/1104 1315/1315/1103 1299/1299/1088
f 1302/1301/1051 1318/1317/1051 1317/1318/1090 1301/1302/1090
f 1303/1303/1091 1319/1319/1091 1318/1317/1051 1302/1301/1051
f 1304/1304/1092 1320/1320/1092 1319/1319/1091 1303/1303/1091
f 1305/1305/1093 1321/1321/1105 1320/1320/1092 1304/1304/1092
f 1306/1306/1094 1322/1322/1106 1321/1321/1105 1305/1305/1093
f 1307/1307/1095 1323/1323/1107 1322/1322/1106 1306/1306/1094
f 1308/1308/1096 1324/1324/1108 1323/1323/1107 1307/1307/1095
f 1309/1309/1097 1325/1325/1109 1324/1324/1108 1308/1308/1096
f 1310/1310/1098 1326/1326/1110 1325/1325/1109 1309/1309/1097
f 1311/1311/1099 1327/1327/1111 1326/1326/1110 1310/1310/1098
f 1312/1312/1100 1328/1328/1112 1327/1327/1111 1311/1311/1099
f 1313/1313/1101 1329/1329/1113 1328/1328/1112 1312/1312/1100
f 1314/1314/1102 1330/1330/1114 1329/1329/1113 1313/1313/1101
f 1315/1315/1103 1331/1331/1115 1330/1330/1114 1314/1314/1102
f 1316/1316/1104 1332/1332/1116 1331/1331/1115 1315/1315/1103
f 1318/1317/1051 1334/1333/1117 1333/1334/1090 1317/1318/1090
f 1319/1319/1091 1335/1335/1118 1334/1333/1117 1318/1317/1051
f 1320/1320/1092 1336/1336/1119 1335/1335/1118 1319/1319/1091
f 1321/1321/1105 1337/1337/1105 1336/1336/1119 1320/1320/1092
f 1322/1322/1106 1338/1338/1120 1337/1337/1105 1321/1321/1105
f 1323/1323/1107 1339/1339/1121 1338/1338/1120 1322/1322/1106
f 1324/1324/1108 1340/1340/1122 1339/1339/1121 1323/1323/1107
f 1325/1325/1109 1341/1341/1123 1340/1340/1122 1324/1324/1108
f 1326/1326/1110 1342/1342/1124 1341/1341/1123 1325/1325/1109
f 1327/1327/1111 1343/1343/1125 1342/1342/1124 1326/1326/1110
f 1328/1328/1112 1344/1344/1126 1343/1343/1125 1327/1327/1111
f 1329/1329/1113 1345/1345/1127 1344/1344/1126 1328/1328/1112
f 1330/1330/1114 1346/1346/1128 1345/1345/1127 1329/1329/1113
f 1331/1331/1115 1347/1347/1129 1346/1346/1128 1330/1330/1114
f 1332/1332/1116 1348/1348/1130 1347/1347/1129 1331/1331/1115
f 1334/1333/1117 1350/1349/1117 1349/1350/1090 1333/1334/1090
f 1335/1335/1118 1351/1351/1118 1350/1349/1117 1334/1333/1117
f 1336/1336/1119 1352/1352/1131 1351/1351/1118 1335/1335/1118
f 1337/1337/1105 1353/1353/1132 1352/1352/1131 1336/1336/1119
f 1338/1338/1120 1354/1354/1133 1353/1353/1132 1337/1337/1105
f 1339/1339/1121 1355/1355/1134 1354/1354/1133 1338/1338/1120
f 1340/1340/1122 1356/1356/1135 1355/1355/1134 1339/1339/1121
f 1341/1341/1123 1357/1357/1136 1356/1356/1135 1340/1340/1122
f 1342/1342/1124 1358/1358/1137 1357/1357/1136 1341/1341/1123
f 1343/1343/1125 1359/1359/1138 1358/1358/1137 1342/1342/1124
f 1344/1344/1126 1360/1360/1139 1359/1359/1138 1343/1343/1125
f 1345/1345/1127 1361/1361/1140 1360/1360/1139 1344/1344/1126
f 1346/1346/1128 1362/1362/1141 1361/1361/1140 1345/1345/1127
f 1347/1347/1129 1363/1363/1142 1362/1362/1141 1346/1346/1128
f 1348/1348/1130 1364/1364/1143 1363/1363/1142 1347/1347/1129
f 1350/1349/1117 1366/1365/1117 1365/1366/1090 1349/1350/1090
f 1351/1351/1118 1367/1367/1118 1366/1365/1117 1350/1349/1117
f 1352/1352/1131 1368/1368/1131 1367/1367/1118 1351/1351/1118
f 1353/1353/1132 1369/1369/1144 1368/1368/1131 1352/1352/1131
f 1354/1354/1133 1370/1370/1145 1369/1369/1144 1353/1353/1132
f 1355/1355/1134 1371/1371/1146 1370/1370/1145 1354/1354/1133
f 1356/1356/1135 1372/1372/1147 1371/1371/1146 1355/1355/1134
f 1357/1357/1136 1373/1373/1148 1372/1372/1147 1356/1356/1135
f 1358/1358/1137 1374/1374/1149 1373/1373/1148 1357/1357/1136
f 1359/1359/1138 1375/1375/1150 1374/1374/1149 1358/1358/1137
f 1360/1360/1139 1376/1376/1151 1375/1375/1150 1359/1359/1138
f 1361/1361/1140 1377/1377/1152 1376/1376/1151 1360/1360/1139
f 1362/1362/1141 1378/1378/1153 1377/1377/1152 1361/1361/1140
f 1363/1363/1142 1379/1379/1154 1378/1378/1153 1362/1362/1141
f 1364/1364/1143 1380/1380/1155 1379/1379/1154 1363/1363/1142
f 1366/1365/1117 1382/1381/1156 1381/1382/1090 1365/1366/1090
f 1367/1367/1118 1383/1383/1157 1382/1381/1156 1366/1365/1117
f 1368/1368/1131 1384/1384/1158 1383/1383/1157 1367/1367/1118
f 1369/1369/1144 1385/1385/1159 1384/1384/1158 1368/1368/1131
f 1370/1370/1145 1386/1386/1160 1385/1385/1159 1369/1369/1144
f 1371/1371/1146 1387/1387/1161 1386/1386/1160 1370/1370/1145
f 1372/1372/1147 1388/1388/1162 1387/1387/1161 1371/1371/1146
f 1373/1373/1148 1389/1389/1163 1388/1388/1162 1372/1372/1147
f 1374/1374/1149 1390/1390/1164 1389/1389/1163 1373/1373/1148
f 1375/1375/1150 1391/1391/1165 1390/1390/1164 1374/1374/1149
f 1376/1376/1151 1392/1392/1166 1391/1391/1165 1375/1375/1150
f 1377/1377/1152 1393/1393/1167 1392/1392/1166 1376/1376/1151
f 1378/1378/1153 1394/1394/1168 1393/1393/1167 1377/1377/1152
f 1379/1379/1154 1395/1395/1169 1394/1394/1168 1378/1378/1153
f 1380/1380/1155 1396/1396/1170 1395/1395/1169 1379/1379/1154
f 1382/1381/1156 1398/1397/1171 1397/1398/1090 1381/1382/1090
f 1383/1383/1157 1399/1399/1157 1398/1397/1171 1382/1381/1156
f 1384/1384/1158 1400/1400/1158 1399/1399/1157 1383/1383/1157
f 1385/1385/1159 1401/1401/1172 1400/1400/1158 1384/1384/1158
f 1386/1386/1160 1402/1402/1173 1401/1401/1172 1385/1385/1159
f 1387/1387/1161 1403/1403/1174 1402/1402/1173 1386/1386/1160
f 1388/1388/1162 1404/1404/1175 1403/1403/1174 1387/1387/1161
f 1389/1389/1163 1405/1405/1176 1404/1404/1175 1388/1388/1162
f 1390/1390/1164 1406/1406/1177 1405/1405/1176 1389/1389/1163
f 1391/1391/1165 1407/1407/1178 1406/1406/1177 1390/1390/1164
f 1392/1392/1166 1408/1408/1179 1407/1407/1178 1391/1391/1165
f 1393/1393/1167 1409/1409/1180 1408/1408/1179 1392/1392/1166
f 1394/1394/1168 1410/1410/1181 1409/1409/1180 1393/1393/1167
f 1395/1395/1169 1411/1411/1182 1410/1410/1181 1394/1394/1168
f 1396/1396/1170 1412/1412/1183 1411/1411/1182 1395/1395/1169
f 1398/1397/1171 1414/1413/1171 1413/1414/1090 1397/1398/1090
f 1399/1399/1157 1415/1415/1184 1414/1413/1171 1398/1397/1171
f 1400/1400/1158 1416/1416/1185 1415/1415/1184 1399/1399/1157
f 1401/1401/1172 1417/1417/1186 1416/1416/1185 1400/1400/1158
f 1402/1402/1173 1418/1418/1187 1417/1417/1186 1401/1401/1172
f 1403/1403/1174 1419/1419/1188 1418/1418/1187 1402/1402/1173
f 1404/1404/1175 1420/1420/1189 1419/1419/1188 1403/1403/1174
f 1405/1405/1176 1421/1421/1190 1420/1420/1189 1404/1404/1175
f 1406/1406/1177 1422/1422/1191 1421/1421/1190 1405/1405/1176
f 1407/1407/1178 1423/1423/1192 1422/1422/1191 1406/1406/1177
f 1408/1408/1179 1424/1424/1193 1423/1423/1192 1407/1407/1178
f 1409/1409/1180 1425/1425/1194 1424/1424/1193 1408/1408/1179
f 1410/1410/1181 1426/1426/1195 1425/1425/1194 1409/1409/1180
f 1411/1411/1182 1427/1427/1196 1426/1426/1195 1410/1410/1181
f 1412/1412/1183 1428/1428/1197 1427/1427/1196 1411/1411/1182
f 1414/1413/1171 1430/1429/1171 1429/1430/1198 1413/1414/1090
f 1415/1415/1184 1431/1431/1199 1430/1429/1171 1414/1413/1171
f 1416/1416/1185 1432/1432/1200 1431/1431/1199 1415/1415/1184
f 1417/1417/1186 1433/1433/1201 1432/1432/1200 1416/1416/1185
f 1418/1418/1187 1434/1434/1202 1433/1433/1201 1417/1417/1186
f 1419/1419/1188 1435/1435/1203 1434/1434/1202 1418/1418/1187
f 1420/1420/1189 1436/1436/1204 1435/1435/1203 1419/1419/1188
f 1421/1421/1190 1437/1437/1205 1436/1436/1204 1420/1420/1189
f 1422/1422/1191 1438/1438/1206 1437/1437/1205 1421/1421/1190
f 1423/1423/1192 1439/1439/1207 1438/1438/1206 1422/1422/1191
f 1424/1424/1193 1440/1440/1208 1439/1439/1207 1423/1423/1192
f 1425/1425/1194 1441/1441/1209 1440/1440/1208 1424/1424/1193
f 1426/1426/1195 1442/1442/1210 1441/1441/1209 1425/1425/1194
f 1427/1427/1196 1443/1443/1211 1442/1442/1210 1426/1426/1195
f 1428/1428/1197 1444/1444/1212 1443/1443/1211 1427/1427/1196
f 1430/1429/1171 1446/1445/1171 1445/1446/1198 1429/1430/1198
f 1431/1431/1199 1447/1447/1213 1446/1445/1171 1430/1429/1171
f 1432/1432/1200 1448/1448/1200 1447/1447/1213 1431/1431/1199
f 1433/1433/1201 1449/1449/1214 1448/1448/1200 1432/1432/1200
f 1434/1434/1202 1450/1450/1215 1449/1449/1214 1433/1433/1201
f 1435/1435/1203 1451/1451/1216 1450/1450/1215 1434/1434/1202
f 1436/1436/1204 1452/1452/1217 1451/1451/1216 1435/1435/1203
f 1437/1437/1205 1453/1453/1218 1452/1452/1217 1436/1436/1204
f 1438/1438/1206 1454/1454/1219 1453/1453/1218 1437/1437/1205
f 1439/1439/1207 1455/1455/1220 1454/1454/1219 1438/1438/1206
f 1440/1440/1208 1456/1456/1221 1455/1455/1220 1439/1439/1207
f 1441/1441/1209 1457/1457/1222 1456/1456/1221 1440/1440/1208
f 1442/1442/1210 1458/1458/1223 1457/1457/1222 1441/1441/1209
f 1443/1443/1211 1459/1459/1224 1458/1458/1223 1442/1442/1210
f 1444/1444/1212 1460/1460/1225 1459/1459/1224 1443/1443/1211
f 1446/1445/1171 1462/1461/1226 1461/1462/1198 1445/1446/1198
f 1447/1447/1213 1463/1463/1213 1462/1461/1226 1446/1445/1171
f 1448/1448/1200 1464/1464/1227 1463/1463/1213 1447/1447/1213
f 1449/1449/1214 1465/1465/1228 1464/1464/1227 1448/1448/1200
f 1450/1450/1215 1466/1466/1215 1465/1465/1228 1449/1449/1214
f 1451/1451/1216 1467/1467/1229 1466/1466/1215 1450/1450/1215
f 1452/1452/1217 1468/1468/1230 1467/1467/1229 1451/1451/1216
f 1453/1453/1218 1469/1469/1231 1468/1468/1230 1452/1452/1217
f 1454/1454/1219 1470/1470/1232 1469/1469/1231 1453/1453/1218
f 1455/1455/1220 1471/1471/1233 1470/1470/1232 1454/1454/1219
f 1456/1456/1221 1472/1472/1234 1471/1471/1233 1455/1455/1220
f 1457/1457/1222 1473/1473/1235 1472/1472/1234 1456/1456/1221
f 1458/1458/1223 1474/1474/1236 1473/1473/1235 1457/1457/1222
f 1459/1459/1224 1475/1475/1237 1474/1474/1236 1458/1458/1223
f 1460/1460/1225 1476/1476/1238 1475/1475/1237 1459/1459/1224
f 1462/1461/1226 1478/1477/1226 1477/1478/1198 1461/1462/1198
f 1463/1463/1213 1479/1479/1239 1478/1477/1226 1462/1461/1226
f 1464/1464/1227 1480/1480/1240 1479/1479/1239 1463/1463/1213
f 1465/1465/1228 1481/1481/1241 1480/1480/1240 1464/1464/1227
f 1466/1466/1215 1482/1482/1242 1481/1481/1241 1465/1465/1228
f 1467/1467/1229 1483/1483/1243 1482/1482/1242 1466/1466/1215
f 1468/1468/1230 1484/1484/1244 1483/1483/1243 1467/1467/1229
f 1469/1469/1231 1485/1485/1245 1484/1484/1244 1468/1468/1230
f 1470/1470/1232 1486/1486/1246 1485/1485/1245 1469/1469/1231
f 1471/1471/1233 1487/1487/1247 1486/1486/1246 1470/1470/1232
f 1472/1472/1234 1488/1488/1248 1487/1487/1247 1471/1471/1233
f 1473/1473/1235 1489/1489/1249 1488/1488/1248 1472/1472/1234
f 1474/1474/1236 1490/1490/1250 1489/1489/1249 1473/1473/1235
f 1475/1475/1237 1491/1491/1251 1490/1490/1250 1474/1474/1236
f 1476/1476/1238 1492/1492/1252 1491/1491/1251 1475/1475/1237
f 1478/1477/1226 1494/1493/1226 1493/1494/1198 1477/1478/1198
f 1479/1479/1239 1495/1495/1253 1494/1493/1226 1478/1477/1226
f 1480/1480/1240 1496/1496/1254 1495/1495/1253 1479/1479/1239
f 1481/1481/1241 1497/1497/1255 1496/1496/1254 1480/1480/1240
f 1482/1482/1242 1498/1498/1256 1497/1497/1255 1481/1481/1241
f 1483/1483/1243 1499/1499/1257 1498/1498/1256 1482/1482/1242
f 1484/1484/1244 1500/1500/1258 1499/1499/1257 1483/1483/1243
f 1485/1485/1245 1501/1501/1259 1500/1500/1258 1484/1484/1244
f 1486/1486/1246 1502/1502/1260 1501/1501/1259 1485/1485/1245
f 1487/1487/1247 1503/1503/1261 1502/1502/1260 1486/1486/1246
f 1488/1488/1248 1504/1504/1262 1503/1503/1261 1487/1487/1247
f 1489/1489/1249 1505/1505/1263 1504/1504/1262 1488/1488/1248
f 1490/1490/1250 1506/1506/1264 1505/1505/1263 1489/1489/1249
f 1491/1491/1251 1507/1507/1265 1506/1506/1264 1490/1490/1250
f 1492/1492/1252 1508/1508/1266 1507/1507/1265 1491/1491/1251
f 1494/1493/1226 1510/1509/1226 1509/1510/1267 1493/1494/1198
f 1495/1495/1253 1511/1511/1253 1510/1509/1226 1494/1493/1226
f 1496/1496/1254 1512/1512/1268 1511/1511/1253 1495/1495/1253
f 1497/1497/1255 1513/1513/1269 1512/1512/1268 1496/1496/1254
f 1498/1498/1256 1514/1514/1270 1513/1513/1269 1497/1497/1255
f 1499/1499/1257 1515/1515/1271 1514/1514/1270 1498/1498/1256
f 1500/1500/1258 1516/1516/1272 1515/1515/1271 1499/1499/1257
f 1501/1501/1259 1517/1517/1273 1516/1516/1272 1500/1500/1258
f 1502/1502/1260 1518/1518/1274 1517/1517/1273 1501/1501/1259
f 1503/1503/1261 1519/1519/1275 1518/1518/1274 1502/1502/1260
f 1504/1504/1262 1520/1520/1276 1519/1519/1275 1503/1503/1261
f 1505/1505/1263 1521/1521/1277 1520/1520/1276 1504/1504/1262
f 1506/1506/1264 1522/1522/1278 1521/1521/1277 1505/1505/1263
f 1507/1507/1265 1523/1523/1279 1522/1522/1278 1506/1506/1264
f 1508/1508/1266 1524/1524/1280 1523/1523/1279 1507/1507/1265
f 1510/1509/1226 1526/1525/1281 1525/1526/1267 1509/1510/1267
f 1511/1511/1253 1527/1527/1282 1526/1525/1281 1510/1509/1226
f 1512/1512/1268 1528/1528/1283 1527/1527/1282 1511/1511/1253
f 1513/1513/1269 1529/1529/1284 1528/1528/1283 1512/1512/1268
f 1514/1514/1270 1530/1530/1285 1529/1529/1284 1513/1513/1269
f 1515/1515/1271 1531/1531/1286 1530/1530/1285 1514/1514/1270
f 1516/1516/1272 1532/1532/1287 1531/1531/1286 1515/1515/1271
f 1517/1517/1273 1533/1533/1288 1532/1532/1287 1516/1516/1272
f 1518/1518/1274 1534/1534/1289 1533/1533/1288 1517/1517/1273
f 1519/1519/1275 1535/1535/1290 1534/1534/1289 1518/1518/1274
f 1520/1520/1276 1536/1536/1291 1535/1535/1290 1519/1519/1275
f 1521/1521/1277 1537/1537/1292 1536/1536/1291 1520/1520/1276
f 1522/1522/1278 1538/1538/1293 1537/1537/1292 1521/1521/1277
f 1523/1523/1279 1539/1539/1294 1538/1538/1293 1522/1522/1278
f 1524/1524/1280 1540/1540/1295 1539/1539/1294 1523/1523/1279
o SurfPatch.002
v -258.479431 122.612038 -104.232864
v -256.717285 99.651245 -102.470749
v -253.792694 79.720161 -99.546158
v -249.811188 62.603596 -95.564636
v -244.878235 48.086464 -90.631699
v -239.099396 35.953590 -84.852859
v -232.580200 25.989864 -78.333618
v -225.426086 17.980137 -71.179565
v -217.742691 11.709273 -63.496117
v -209.635437 6.962147 -55.388870
v -201.209869 3.523617 -46.963333
v -192.571533 1.178550 -38.324982
v -183.825928 -0.288191 -29.579361
v -175.078583 -1.091740 -20.832001
v -166.434967 -1.447232 -12.188431
v -158.000671 -1.569803 -3.754105
v -253.514923 122.636322 -109.197372
v -251.752777 99.676453 -107.435257
v -248.828186 79.746147 -104.510666
v -244.846649 62.630238 -100.529144
v -239.913757 48.113628 -95.596184
v -234.134888 35.981144 -89.817375
v -227.615662 26.017668 -83.298149
v -220.461578 18.008074 -76.144073
v -212.778168 11.737211 -68.460640
v -204.670914 6.989955 -60.353401
v -196.245361 3.551167 -51.927826
v -187.607025 1.205710 -43.289505
v -178.861420 -0.261549 -34.543900
v -170.114044 -1.065746 -25.796539
v -161.470459 -1.422016 -17.152939
v -153.036163 -1.545494 -8.718628
v -248.550385 122.659569 -114.161896
v -246.788269 99.700584 -112.399757
v -243.863708 79.771004 -109.475159
v -239.882141 62.655712 -105.493675
v -234.949219 48.139603 -100.560715
v -229.170380 36.007496 -94.781876
v -222.651184 26.044268 -88.262650
v -215.497086 18.034794 -81.108574
v -207.813660 11.763937 -73.425156
v -199.706421 7.016554 -65.317894
v -191.280853 3.577518 -56.892357
v -182.642517 1.231689 -48.254013
v -173.896912 -0.236066 -39.508408
v -165.149551 -1.040883 -30.761047
v -156.505951 -1.397897 -22.117462
v -148.071655 -1.522243 -13.683151
v -243.585907 122.681763 -119.126404
v -241.823761 99.723610 -117.364265
v -238.899170 79.794746 -114.439682
v -234.917633 62.680050 -110.458160
v -229.984695 48.164398 -105.525230
v -224.205887 36.032646 -99.746376
v -217.686646 26.069662 -93.227165
v -210.532578 18.060303 -86.073082
v -202.849152 11.789446 -78.389664
v -194.741913 7.041946 -70.282402
v -186.316376 3.602672 -61.856842
v -177.678009 1.256488 -53.218521
v -168.932404 -0.211740 -44.472900
v -160.185028 -1.017149 -35.725555
v -151.541458 -1.374874 -27.081940
v -143.107147 -1.500048 -18.647644
v -238.621399 122.702927 -124.090904
v -236.859253 99.745529 -122.328766
v -233.934662 79.817329 -119.404190
v -229.953156 62.703213 -115.422668
v -225.020233 48.188019 -110.489716
v -219.241364 36.056610 -104.710892
v -212.722168 26.093845 -98.191658
v -205.568054 18.084602 -91.037598
v -197.884644 11.813743 -83.354164
v -189.777405 7.066127 -75.246918
v -181.351852 3.626629 -66.821358
v -172.713501 1.280106 -58.183029
v -163.967896 -0.188574 -49.437408
v -155.220520 -0.994546 -40.690048
v -146.576935 -1.352947 -32.046463
v -138.142639 -1.478911 -23.612152
v -233.656891 122.723000 -129.055420
v -231.894745 99.766357 -127.293282
v -228.970154 79.838821 -124.368698
v -224.988647 62.725216 -120.387177
v -220.055695 48.210453 -115.454231
v -214.276871 36.079361 -109.675407
v -207.757645 26.116817 -103.156181
v -200.603561 18.107677 -96.002098
v -192.920135 11.836818 -88.318672
v -184.812897 7.089099 -80.211426
v -176.387344 3.649385 -71.785866
v -167.748993 1.302543 -63.147522
v -159.003387 -0.166565 -54.401924
v -150.256012 -0.973073 -45.654572
v -141.612427 -1.332116 -37.010971
v -133.178131 -1.458830 -28.576660
v -228.692383 122.742012 -134.019928
v -226.930237 99.786110 -132.257782
v -224.005661 79.859154 -129.333191
v -220.024139 62.746067 -125.351677
v -215.091187 48.231716 -120.418739
v -209.312363 36.100922 -114.639900
v -202.793152 26.138577 -108.120682
v -195.639038 18.129541 -100.966614
v -187.955627 11.858685 -93.283173
v -179.848389 7.110863 -85.175934
v -171.422821 3.670946 -76.750381
v -162.784485 1.323799 -68.112038
v -154.038879 -0.145715 -59.366425
v -145.291519 -0.952730 -50.619064
v -136.647934 -1.312382 -41.975464
v -128.213623 -1.439806 -33.541168
v -223.727875 122.759987 -138.984421
v -221.965729 99.804726 -137.222290
v -219.041168 79.878395 -134.297699
v -215.059631 62.765766 -130.316177
v -210.126694 48.251789 -125.383232
v -204.347870 36.121284 -119.604401
v -197.828629 26.159134 -113.085197
v -190.674561 18.150194 -105.931099
v -182.991119 11.879335 -98.247673
v -174.883881 7.131417 -90.140434
v -166.458344 3.691309 -81.714874
v -157.819962 1.343875 -73.076553
v -149.074371 -0.126023 -64.330925
v -140.327026 -0.933518 -55.583557
v -131.683426 -1.293744 -46.939987
v -123.249130 -1.421839 -38.505676
v -218.763367 122.776901 -143.948929
v -217.001221 99.822281 -142.186798
v -214.076660 79.896454 -139.262222
v -210.095108 62.784298 -135.280701
v -205.162201 48.270683 -130.347748
v -199.383362 36.140450 -124.568901
v -192.864136 26.178478 -118.049698
v -185.710022 18.169628 -110.895622
v -178.026611 11.898770 -103.212196
v -169.919373 7.150762 -95.104950
v -161.493805 3.710473 -86.679382
v -152.855469 1.362768 -78.041054
v -144.109863 -0.107490 -69.295441
v -135.362518 -0.915435 -60.548080
v -126.718910 -1.276203 -51.904495
v -118.284607 -1.404929 -43.470184
v -213.798859 122.792763 -148.913437
v -212.036713 99.838730 -147.151321
v -209.112122 79.913406 -144.226730
v -205.130600 62.801678 -140.245209
v -200.197662 48.288395 -135.312256
v -194.418839 36.158421 -129.533417
v -187.899597 26.196613 -123.014206
v -180.745514 18.187851 -115.860138
v -173.062103 11.916990 -108.176697
v -164.954865 7.168898 -100.069450
v -156.529312 3.728441 -91.643898
v -147.890961 1.380482 -83.005569
v -139.145355 -0.090115 -74.259949
v -130.398010 -0.898483 -65.512589
v -121.754410 -1.259758 -56.868988
v -113.320091 -1.389076 -48.434692
v -208.834351 122.807541 -153.877945
v -207.072235 99.854080 -152.115814
v -204.147644 79.929245 -149.191193
v -200.166107 62.817898 -145.209702
v -195.233185 48.304932 -140.276733
v -189.454346 36.175190 -134.497925
v -182.935120 26.213541 -127.978706
v -175.781036 18.204857 -120.824623
v -168.097610 11.933998 -113.141197
v -159.990356 7.185827 -105.033951
v -151.564819 3.745209 -96.608391
v -142.926453 1.397014 -87.970062
v -134.180862 -0.073898 -79.224442
v -125.433495 -0.882661 -70.477081
v -116.789909 -1.244409 -61.833496
v -108.355598 -1.374279 -53.399185
v -203.869843 122.821281 -158.842453
v -202.107727 99.868317 -157.080322
v -199.183136 79.943916 -154.155731
v -195.201599 62.832951 -150.174225
v -190.268646 48.320278 -145.241272
v -184.489838 36.190762 -139.462433
v -177.970612 26.229258 -132.943207
v -170.816498 18.220650 -125.789154
v -163.133087 11.949786 -118.105713
v -155.025848 7.201543 -109.998466
v -146.600296 3.760781 -101.572914
v -137.961945 1.412365 -92.934570
v -129.216339 -0.058840 -84.188965
v -120.468979 -0.867968 -75.441605
v -111.825394 -1.230157 -66.798019
v -103.391083 -1.360540 -58.363701
v -198.905334 122.833961 -163.806961
v -197.143188 99.881462 -162.044830
v -194.218597 79.957497 -159.120239
v -190.237091 62.846844 -155.138733
v -185.304138 48.334446 -150.205780
v -179.525299 36.205135 -144.426941
v -173.006104 26.243767 -137.907730
v -165.852020 18.235222 -130.753647
v -158.168579 11.964364 -123.070221
v -150.061340 7.216052 -114.962982
v -141.635773 3.775155 -106.537430
v -132.997437 1.426536 -97.899078
v -124.251831 -0.044940 -89.153473
v -115.504478 -0.854407 -80.406120
v -106.860886 -1.217001 -71.762535
v -98.426590 -1.347857 -63.328232
v -193.940826 122.845596 -168.771469
v -192.178680 99.893539 -167.009354
v -189.254105 79.969910 -164.084747
v -185.272583 62.859585 -160.103241
v -180.339630 48.347443 -155.170303
v -174.560806 36.218311 -149.391464
v -168.041595 26.257067 -142.872238
v -160.887512 18.248590 -135.718170
v -153.204071 11.977726 -128.034729
v -145.096832 7.229352 -119.927490
v -136.671280 3.788332 -111.501923
v -128.032944 1.439526 -102.863571
v -119.287323 -0.032197 -94.117973
v -110.539963 -0.841975 -85.370621
v -101.896378 -1.204941 -76.727020
v -93.462067 -1.336232 -68.292717
v -188.976318 122.856163 -173.735977
v -187.214203 99.904503 -171.973846
v -184.289581 79.981209 -169.049255
v -180.308075 62.871174 -165.067734
v -175.375137 48.359245 -160.134796
v -169.596313 36.230289 -154.355957
v -163.077087 26.269156 -147.836731
v -155.923004 18.260731 -140.682663
v -148.239563 11.989873 -132.999237
v -140.132324 7.241443 -124.891991
v -131.706772 3.800310 -116.466431
v -123.068420 1.451334 -107.828102
v -114.322815 -0.020614 -99.082489
v -105.575462 -0.830673 -90.335121
v -96.931862 -1.193978 -81.691536
v -88.497559 -1.325663 -73.257217
v -184.011810 122.865662 -178.700470
v -182.249664 99.914368 -176.938354
v -179.325104 79.991386 -174.013748
v -175.343567 62.881603 -170.032242
v -170.410629 48.369881 -165.099304
v -164.631790 36.241062 -159.320465
v -158.112579 26.280039 -152.801239
v -150.958496 18.271666 -145.647171
v -143.275070 12.000805 -137.963745
v -135.167831 7.252323 -129.856491
v -126.742271 3.811089 -121.430939
v -118.103928 1.461963 -112.792603
v -109.358315 -0.010189 -104.046989
v -100.610962 -0.820502 -95.299637
v -91.967377 -1.184111 -86.656036
v -83.533066 -1.316151 -78.221733
v -179.047302 122.874138 -183.665009
v -177.285156 99.923157 -181.902863
v -174.360596 80.000427 -178.978271
v -170.379059 62.890865 -174.996765
v -165.446121 48.379318 -170.063812
v -159.667282 36.250652 -164.284973
v -153.148071 26.289711 -157.765762
v -145.993988 18.281382 -150.611679
v -138.310547 12.010524 -142.928253
v -130.203308 7.261997 -134.821014
v -121.777756 3.820671 -126.395454
v -113.139404 1.471409 -117.757118
v -104.393799 -0.000923 -109.011505
v -95.646446 -0.811461 -100.264145
v -87.002853 -1.175340 -91.620544
v -78.568542 -1.307696 -83.186249
v -174.082794 122.881538 -188.629517
v -172.320648 99.930817 -186.867371
v -169.396088 80.008347 -183.942780
v -165.414551 62.898968 -179.961273
v -160.481613 48.387585 -175.028320
v -154.702774 36.259029 -169.249496
v -148.183548 26.298172 -162.730270
v -141.029480 18.289885 -155.576172
v -133.346039 12.019027 -147.892761
v -125.238800 7.270460 -139.785507
v -116.813255 3.829055 -131.359955
v -108.174904 1.479676 -122.721619
v -99.429306 0.007186 -113.975998
v -90.681938 -0.803550 -105.228653
v -82.038361 -1.167666 -96.585052
v -73.604034 -1.300298 -88.150749
v -169.118286 122.887886 -193.594009
v -167.356155 99.937401 -191.831879
v -164.431580 80.015114 -188.907288
v -160.450043 62.905933 -184.925766
v -155.517105 48.394676 -179.992828
v -149.738266 36.266216 -174.213989
v -143.219055 26.305428 -167.694778
v -136.064972 18.297174 -160.540695
v -128.381531 12.026314 -152.857269
v -120.274300 7.277714 -144.750015
v -111.848740 3.836242 -136.324463
v -103.210403 1.486761 -127.686127
v -94.464790 0.014136 -118.940514
v -85.717430 -0.796769 -110.193153
v -77.073837 -1.161088 -101.549561
v -68.639534 -1.293957 -93.115250
v -164.153778 122.893166 -198.558517
v -162.391663 99.942871 -196.796371
v -159.467072 80.020767 -193.871796
v -155.485535 62.911724 -189.890289
v -150.552597 48.400578 -184.957336
v -144.773773 36.272217 -179.178497
v -138.254547 26.311480 -172.659271
v -131.100464 18.303247 -165.505188
v -123.417038 12.032388 -157.821762
v -115.309792 7.283761 -149.714508
v -106.884239 3.842232 -141.288971
v -98.245895 1.492665 -132.650635
v -89.500290 0.019928 -123.905014
v -80.752922 -0.791118 -115.157654
v -72.109329 -1.155607 -106.514069
v -63.675026 -1.288673 -98.079758
v -159.189270 122.897392 -203.523041
v -157.427124 99.947258 -201.760895
v -154.502548 80.025299 -198.836319
v -150.521027 62.916348 -194.854797
v -145.588074 48.405308 -189.921844
v -139.809235 36.276997 -184.143021
v -133.290024 26.316309 -177.623795
v -126.135941 18.308105 -170.469727
v -118.452522 12.037245 -162.786285
v -110.345268 7.288596 -154.679047
v -101.919724 3.847023 -146.253479
v -93.281380 1.497388 -137.615143
v -84.535767 0.024560 -128.869537
v -75.788406 -0.786598 -120.122177
v -67.144829 -1.151221 -111.478600
v -58.710510 -1.284445 -103.044273
v -154.224762 122.900551 -208.487518
v -152.462631 99.950546 -206.725403
v -149.538040 80.028671 -203.800812
v -145.556519 62.919819 -199.819290
v -140.623596 48.408848 -194.886353
v -134.844757 36.280594 -189.107513
v -128.325531 26.319935 -182.588287
v -121.171448 18.311747 -175.434219
v -113.488022 12.040890 -167.750793
v -105.380775 7.292223 -159.643539
v -96.955223 3.850616 -151.217987
v -88.316879 1.500931 -142.579651
v -79.571274 0.028036 -133.834030
v -70.823914 -0.783208 -125.086670
v -62.180321 -1.147932 -116.443077
v -53.746014 -1.281275 -108.008774
v -149.260254 122.902664 -213.452026
v -147.498138 99.952744 -211.689896
v -144.573532 80.030945 -208.765305
v -140.592026 62.922131 -204.783798
v -135.659088 48.411201 -199.850861
v -129.880249 36.282986 -194.072021
v -123.361023 26.322353 -187.552795
v -116.206947 18.314178 -180.398712
v -108.523521 12.043321 -172.715286
v -100.416267 7.294640 -164.608047
v -91.990715 3.853011 -156.182495
v -83.352371 1.503293 -147.544144
v -74.606766 0.030352 -138.798523
v -65.859406 -0.780947 -130.051178
v -57.215824 -1.145740 -121.407578
v -48.781517 -1.279161 -112.973282
v -144.295746 122.903725 -218.416534
v -142.533630 99.953842 -216.654404
v -139.609039 80.032066 -213.729828
v -135.627518 62.923298 -209.748306
v -130.694580 48.412392 -204.815369
v -124.915741 36.284184 -199.036530
v -118.396523 26.323563 -192.517303
v -111.242439 18.315393 -185.363220
v -103.559013 12.044533 -177.679794
v -95.451767 7.295850 -169.572556
v -87.026215 3.854208 -161.147003
v -78.387871 1.504474 -152.508652
v -69.642265 0.031510 -143.763031
v -60.894901 -0.779817 -135.015686
v -52.251305 -1.144644 -126.372093
v -43.816994 -1.278104 -117.937790
v -139.331238 122.903732 -223.381058
v -137.569107 99.953827 -221.618912
v -134.644531 80.032074 -218.694336
v -130.662994 62.923298 -214.712814
v -125.730057 48.412392 -209.779877
v -119.951233 36.284187 -204.001038
v -113.431992 26.323565 -197.481812
v -106.277931 18.315390 -190.327728
v -98.594498 12.044532 -182.644302
v -90.487251 7.295848 -174.537064
v -82.061691 3.854208 -166.111511
v -73.423355 1.504473 -157.473175
v -64.677742 0.031510 -148.727554
v -55.930382 -0.779817 -139.980194
v -47.286804 -1.144644 -131.336609
v -38.852482 -1.278104 -122.902298
v -134.366730 122.902657 -228.345566
v -132.604599 99.952728 -226.583435
v -129.680008 80.030937 -223.658844
v -125.698494 62.922131 -219.677322
v -120.765556 48.411201 -214.744385
v -114.986717 36.282982 -208.965546
v -108.467491 26.322355 -202.446320
v -101.313416 18.314177 -195.292252
v -93.629990 12.043320 -187.608826
v -85.522743 7.294640 -179.501572
v -77.097191 3.853010 -171.076019
v -68.458847 1.503292 -162.437683
v -59.713234 0.030351 -153.692078
v -50.965874 -0.780948 -144.944702
v -42.322285 -1.145740 -136.301117
v -33.887978 -1.279161 -127.866806
v -129.402222 122.900566 -233.310089
v -127.640091 99.950554 -231.547943
v -124.715500 80.028671 -228.623352
v -120.733978 62.919819 -224.641846
v -115.801041 48.408840 -219.708893
v -110.022209 36.280598 -213.930054
v -103.502983 26.319939 -207.410828
v -96.348900 18.311749 -200.256760
v -88.665482 12.040891 -192.573334
v -80.558228 7.292222 -184.466080
v -72.132675 3.850615 -176.040527
v -63.494339 1.500930 -167.402191
v -54.748726 0.028035 -158.656586
v -46.001366 -0.783208 -149.909225
v -37.357773 -1.147933 -141.265625
v -28.923470 -1.281275 -132.831329
v -124.437714 122.897392 -238.274582
v -122.675591 99.947258 -236.512451
v -119.751007 80.025291 -233.587860
v -115.769478 62.916348 -229.606323
v -110.836540 48.405304 -224.673401
v -105.057709 36.276997 -218.894562
v -98.538483 26.316313 -212.375336
v -91.384399 18.308105 -205.221252
v -83.700974 12.037244 -197.537827
v -75.593727 7.288595 -189.430588
v -67.168175 3.847020 -181.005035
v -58.529839 1.497387 -172.366684
v -49.784229 0.024559 -163.621078
v -41.036865 -0.786599 -154.873718
v -32.393272 -1.151222 -146.230118
v -23.958977 -1.284446 -137.795822
v -119.473213 122.893158 -243.239090
v -117.711060 99.942871 -241.476959
v -114.786484 80.020767 -238.552368
v -110.804962 62.911716 -234.570862
v -105.872025 48.400578 -229.637909
v -100.093185 36.272213 -223.859070
v -93.573967 26.311474 -217.339859
v -86.419884 18.303244 -210.185776
v -78.736465 12.032386 -202.502350
v -70.629211 7.283759 -194.395096
v -62.203659 3.842230 -185.969543
v -53.565323 1.492664 -177.331207
v -44.819710 0.019926 -168.585587
v -36.072350 -0.791120 -159.838226
v -27.428757 -1.155608 -151.194641
v -18.994461 -1.288674 -142.760345
v -114.508713 122.887856 -248.203583
v -112.746582 99.937386 -246.441467
v -109.821991 80.015114 -243.516861
v -105.840469 62.905926 -239.535339
v -100.907532 48.394676 -234.602402
v -95.128693 36.266212 -228.823578
v -88.609474 26.305426 -222.304352
v -81.455391 18.297171 -215.150269
v -73.771965 12.026311 -207.466843
v -65.664719 7.277712 -199.359604
v -57.239166 3.836240 -190.934052
v -48.600822 1.486759 -182.295700
v -39.855213 0.014134 -173.550095
v -31.107857 -0.796771 -164.802734
v -22.464264 -1.161090 -156.159149
v -14.029961 -1.293958 -147.724838
v -109.544197 122.881531 -253.168091
v -107.782059 99.930817 -251.405960
v -104.857468 80.008339 -248.481384
v -100.875961 62.898975 -244.499863
v -95.943024 48.387585 -239.566925
v -90.164169 36.259029 -233.788086
v -83.644958 26.298174 -227.268875
v -76.490875 18.289885 -220.114777
v -68.807449 12.019024 -212.431351
v -60.700203 7.270459 -204.324112
v -52.274643 3.829054 -195.898560
v -43.636307 1.479674 -187.260223
v -34.890694 0.007184 -178.514603
v -26.143333 -0.803552 -169.767242
v -17.499748 -1.167668 -161.123657
v -9.065437 -1.300300 -152.689346
v -104.579697 122.874115 -258.132599
v -102.817566 99.923141 -256.370483
v -99.892967 80.000435 -253.445892
v -95.911446 62.890865 -249.464371
v -90.978516 48.379318 -244.531433
v -85.199677 36.250652 -238.752579
v -78.680450 26.289709 -232.233368
v -71.526375 18.281380 -225.079285
v -63.842953 12.010519 -217.395859
v -55.735699 7.261994 -209.288620
v -47.310146 3.820668 -200.863052
v -38.671806 1.471408 -192.224716
v -29.926193 -0.000925 -183.479111
v -21.178841 -0.811463 -174.731750
v -12.535240 -1.175342 -166.088150
v -4.100937 -1.307698 -157.653839
v -99.615173 122.865669 -263.097107
v -97.853043 99.914368 -261.334961
v -94.928459 79.991402 -258.410400
v -90.946945 62.881596 -254.428864
v -86.014000 48.369873 -249.495926
v -80.235168 36.241058 -243.717102
v -73.715942 26.280035 -237.197876
v -66.561859 18.271664 -230.043793
v -58.878441 12.000804 -222.360382
v -50.771198 7.252322 -214.253128
v -42.345634 3.811086 -205.827576
v -33.707298 1.461960 -197.189224
v -24.961685 -0.010192 -188.443619
v -16.214325 -0.820505 -179.696259
v -7.570732 -1.184113 -171.052658
v 0.863571 -1.316154 -162.618378
v -94.650681 122.856155 -268.061615
v -92.888550 99.904488 -266.299500
v -89.963959 79.981201 -263.374878
v -85.982437 62.871166 -259.393372
v -81.049500 48.359241 -254.460419
v -75.270660 36.230278 -248.681595
v -68.751450 26.269150 -242.162384
v -61.597363 18.260729 -235.008301
v -53.913937 11.989870 -227.324875
v -45.806694 7.241439 -219.217621
v -37.381134 3.800306 -210.792084
v -28.742805 1.451331 -202.153717
v -19.997185 -0.020617 -193.408112
v -11.249832 -0.830676 -184.660767
v -2.606239 -1.193981 -176.017181
v 5.828072 -1.325666 -167.582870
v -89.686172 122.845589 -273.026123
v -87.924026 99.893524 -271.264008
v -84.999451 79.969910 -268.339417
v -81.017914 62.859577 -264.357880
v -76.084976 48.347431 -259.424927
v -70.306145 36.218307 -253.646118
v -63.786926 26.257067 -247.126892
v -56.632851 18.248579 -239.972809
v -48.949421 11.977721 -232.289383
v -40.842167 7.229349 -224.182144
v -32.416618 3.788328 -215.756592
v -23.778275 1.439523 -207.118240
v -15.032669 -0.032201 -198.372635
v -6.285316 -0.841978 -189.625275
v 2.358269 -1.204944 -180.981689
v 10.792587 -1.336235 -172.547394
v -84.721649 122.833961 -277.990631
v -82.959518 99.881462 -276.228516
v -80.034943 79.957489 -273.303925
v -76.053421 62.846844 -269.322388
v -71.120483 48.334442 -264.389465
v -65.341637 36.205124 -258.610626
v -58.822418 26.243761 -252.091400
v -51.668346 18.235222 -244.937317
v -43.984913 11.964358 -237.253891
v -35.877670 7.216049 -229.146637
v -27.452110 3.775151 -220.721100
v -18.813774 1.426532 -212.082748
v -10.068161 -0.044943 -203.337143
v -1.320801 -0.854410 -194.589783
v 7.322792 -1.217004 -185.946198
v 15.757095 -1.347861 -177.511871
v -79.757149 122.821274 -282.955139
v -77.995010 99.868317 -281.192993
v -75.070435 79.943916 -278.268433
v -71.088913 62.832943 -274.286896
v -66.155975 48.320278 -269.353943
v -60.377129 36.190754 -263.575134
v -53.857918 26.229254 -257.055908
v -46.703835 18.220644 -249.901825
v -39.020405 11.949783 -242.218399
v -30.913155 7.201540 -234.111160
v -22.487602 3.760778 -225.685608
v -13.849266 1.412362 -217.047256
v -5.103661 -0.058843 -208.301636
v 3.643700 -0.867972 -199.554291
v 12.287300 -1.230160 -190.910706
v 20.721611 -1.360543 -182.476395
v -74.792648 122.807541 -287.919647
v -73.030510 99.854073 -286.157532
v -70.105911 79.929214 -283.232941
v -66.124405 62.817883 -279.251404
v -61.191452 48.304920 -274.318481
v -55.412628 36.175182 -268.539642
v -48.893406 26.213537 -262.020416
v -41.739330 18.204853 -254.866333
v -34.055893 11.933990 -247.182922
v -25.948647 7.185820 -239.075668
v -17.523109 3.745206 -230.650101
v -8.884743 1.397010 -222.011765
v -0.139137 -0.073902 -213.266159
v 8.608208 -0.882665 -204.518799
v 17.251808 -1.244413 -195.875214
v 25.686104 -1.374283 -187.440918
v -69.828140 122.792747 -292.884155
v -68.066010 99.838715 -291.122009
v -65.141418 79.913399 -288.197449
v -61.159901 62.801670 -284.215881
v -56.226959 48.288395 -279.282959
v -50.448120 36.158417 -273.504150
v -43.928902 26.196609 -266.984924
v -36.774834 18.187847 -259.830811
v -29.091393 11.916984 -252.147415
v -20.984146 7.168894 -244.040161
v -12.558594 3.728436 -235.614624
v -3.920258 1.380477 -226.976257
v 4.825356 -0.090119 -218.230667
v 13.572701 -0.898487 -209.483292
v 22.216309 -1.259762 -200.839722
v 30.650612 -1.389080 -192.405396
v -64.863617 122.776894 -297.848663
v -63.101501 99.822273 -296.086517
v -60.176914 79.896454 -293.161957
v -56.195396 62.784290 -289.180420
v -51.262444 48.270679 -284.247498
v -45.483608 36.140450 -278.468658
v -38.964394 26.178474 -271.949432
v -31.810318 18.169628 -264.795349
v -24.126877 11.898765 -257.111908
v -16.019646 7.150757 -249.004669
v -7.594093 3.710469 -240.579117
v 1.044243 1.362764 -231.940781
v 9.789871 -0.107494 -223.195160
v 18.537209 -0.915440 -214.447815
v 27.180824 -1.276207 -205.804214
v 35.615120 -1.404933 -197.369904
v -59.899113 122.759987 -302.813171
v -58.137001 99.804718 -301.051025
v -55.212399 79.878380 -298.126465
v -51.230881 62.765759 -294.144928
v -46.297935 48.251781 -289.211975
v -40.519112 36.121284 -283.433167
v -33.999901 26.159126 -276.913940
v -26.845810 18.150187 -269.759857
v -19.162392 11.879329 -262.076416
v -11.055138 7.131413 -253.969177
v -2.629585 3.691305 -245.543625
v 6.008766 1.343869 -236.905289
v 14.754372 -0.126028 -228.159668
v 23.501724 -0.933522 -219.412323
v 32.145332 -1.293749 -210.768738
v 40.579628 -1.421844 -202.334442
v -54.934612 122.742012 -307.777649
v -53.172474 99.786095 -306.015564
v -50.247898 79.859161 -303.090942
v -46.266380 62.746067 -299.109436
v -41.333431 48.231709 -294.176514
v -35.554604 36.100922 -288.397644
v -29.035393 26.138575 -281.878448
v -21.881317 18.129538 -274.724365
v -14.197876 11.858680 -267.040924
v -6.090622 7.110857 -258.933685
v 2.334923 3.670941 -250.508133
v 10.973259 1.323794 -241.869797
v 19.718887 -0.145720 -233.124176
v 28.466225 -0.952735 -224.376831
v 37.109825 -1.312387 -215.733231
v 45.544136 -1.439811 -207.298935
v -49.970108 122.722992 -312.742188
v -48.207973 99.766365 -310.980042
v -45.283394 79.838814 -308.055481
v -41.301865 62.725224 -304.073944
v -36.368935 48.210449 -299.140991
v -30.590088 36.079369 -293.362183
v -24.070862 26.116806 -286.842957
v -16.916794 18.107672 -279.688873
v -9.233368 11.836813 -272.005432
v -1.126106 7.089093 -263.898193
v 7.299438 3.649380 -255.472656
v 15.937759 1.302537 -246.834290
v 24.683372 -0.166571 -238.088684
v 33.430733 -0.973079 -229.341339
v 42.074348 -1.332121 -220.697754
v 50.508629 -1.458835 -212.263428
v -45.005600 122.702904 -317.706696
v -43.243458 99.745522 -315.944580
v -40.318878 79.817345 -313.019989
v -36.337364 62.703205 -309.038452
v -31.404411 48.188011 -304.105530
v -25.625580 36.056599 -298.326691
v -19.106361 26.093834 -291.807465
v -11.952301 18.084595 -284.653351
v -4.268867 11.813732 -276.969940
v 3.838394 7.066121 -268.862701
v 12.263947 3.626622 -260.437164
v 20.902275 1.280100 -251.798813
v 29.647896 -0.188579 -243.053192
v 38.395271 -0.994552 -234.305847
v 47.038841 -1.352952 -225.662247
v 55.473152 -1.478916 -217.227951
v -40.041092 122.681763 -322.671204
v -38.278969 99.723602 -320.909058
v -35.354378 79.794731 -317.984467
v -31.372856 62.680042 -314.002960
v -26.439919 48.164394 -309.070007
v -20.661079 36.032642 -303.291168
v -14.141853 26.069656 -296.771973
v -6.987785 18.060297 -289.617859
v 0.695641 11.789439 -281.934448
v 8.802895 7.041940 -273.827209
v 17.228447 3.602665 -265.401672
v 25.866783 1.256482 -256.763306
v 34.612404 -0.211747 -248.017700
v 43.359749 -1.017155 -239.270340
v 52.003349 -1.374879 -230.626755
v 60.437660 -1.500054 -222.192474
v -35.076591 122.659576 -327.635681
v -33.314445 99.700577 -325.873566
v -30.389870 79.770988 -322.948975
v -26.408371 62.655704 -318.967438
v -21.475418 48.139595 -314.034515
v -15.696587 36.007492 -308.255676
v -9.177353 26.044260 -301.736481
v -2.023285 18.034792 -294.582397
v 5.660149 11.763929 -286.898956
v 13.767410 7.016548 -278.791718
v 22.192955 3.577512 -270.366150
v 30.831276 1.231683 -261.727814
v 39.576912 -0.236072 -252.982208
v 48.324257 -1.040889 -244.234848
v 56.967842 -1.397903 -235.591248
v 65.402153 -1.522249 -227.156952
v -30.112068 122.636322 -332.600220
v -28.349945 99.676453 -330.838074
v -25.425346 79.746140 -327.913513
v -21.443840 62.630230 -323.931976
v -16.510880 48.113613 -318.999054
v -10.732071 35.981140 -313.220184
v -4.212837 26.017664 -306.700989
v 2.941231 18.008066 -299.546875
v 10.624664 11.737206 -291.863464
v 18.731911 6.989948 -283.756226
v 27.157463 3.551160 -275.330658
v 35.795799 1.205703 -266.692322
v 44.541405 -0.261556 -257.946716
v 53.288765 -1.065753 -249.199356
v 61.932365 -1.422022 -240.555771
v 70.366676 -1.545500 -232.121460
v -25.147636 122.612015 -337.564667
v -23.385506 99.651230 -335.802551
v -20.460907 79.720154 -332.877930
v -16.479393 62.603596 -328.896423
v -11.546448 48.086464 -323.963470
v -5.767601 35.953590 -318.184662
v 0.751610 25.989857 -311.665405
v 7.905701 17.980129 -304.511353
v 15.589111 11.709268 -296.827911
v 23.696365 6.962141 -288.720703
v 32.121910 3.523610 -280.295105
v 40.760262 1.178543 -271.656769
v 49.505882 -0.288198 -262.911194
v 58.253212 -1.091747 -254.163818
v 66.896812 -1.447238 -245.520218
v 75.331123 -1.569809 -237.085907
vt 0.000000 0.066667
vt 0.021277 0.066667
vt 0.021277 0.000000
vt 0.000000 0.000000
vt 0.000000 0.133333
vt 0.021277 0.133333
vt 0.000000 0.200000
vt 0.021277 0.200000
vt 0.000000 0.266667
vt 0.021277 0.266667
vt 0.000000 0.333333
vt 0.021277 0.333333
vt 0.000000 0.400000
vt 0.021277 0.400000
vt 0.000000 0.466667
vt 0.021277 0.466667
vt 0.000000 0.533333
vt 0.021277 0.533333
vt 0.000000 0.600000
vt 0.021277 0.600000
vt 0.000000 0.666667
vt 0.021277 0.666667
vt 0.000000 0.733333
vt 0.021277 0.733333
vt 0.000000 0.800000
vt 0.021277 0.800000
vt 0.000000 0.866667
vt 0.021277 0.866667
vt 0.000000 0.933333
vt 0.021277 0.933333
vt 0.000000 1.000000
vt 0.021277 1.000000
vt 0.042553 0.066667
vt 0.042553 0.000000
vt 0.042553 0.133333
vt 0.042553 0.200000
vt 0.042553 0.266667
vt 0.042553 0.333333
vt 0.042553 0.400000
vt 0.042553 0.466667
vt 0.042553 0.533333
vt 0.042553 0.600000
vt 0.042553 0.666667
vt 0.042553 0.733333
vt 0.042553 0.800000
vt 0.042553 0.866667
vt 0.042553 0.933333
vt 0.042553 1.000000
vt 0.063830 0.066667
vt 0.063830 0.000000
vt 0.063830 0.133333
vt 0.063830 0.200000
vt 0.063830 0.266667
vt 0.063830 0.333333
vt 0.063830 0.400000
vt 0.063830 0.466667
vt 0.063830 0.533333
vt 0.063830 0.600000
vt 0.063830 0.666667
vt 0.063830 0.733333
vt 0.063830 0.800000
vt 0.063830 0.866667
vt 0.063830 0.933333
vt 0.063830 1.000000
vt 0.085106 0.066667
vt 0.085106 0.000000
vt 0.085106 0.133333
vt 0.085106 0.200000
vt 0.085106 0.266667
vt 0.085106 0.333333
vt 0.085106 0.400000
vt 0.085106 0.466667
vt 0.085106 0.533333
vt 0.085106 0.600000
vt 0.085106 0.666667
vt 0.085106 0.733333
vt 0.085106 0.800000
vt 0.085106 0.866667
vt 0.085106 0.933333
vt 0.085106 1.000000
vt 0.106383 0.066667
vt 0.106383 0.000000
vt 0.106383 0.133333
vt 0.106383 0.200000
vt 0.106383 0.266667
vt 0.106383 0.333333
vt 0.106383 0.400000
vt 0.106383 0.466667
vt 0.106383 0.533333
vt 0.106383 0.600000
vt 0.106383 0.666667
vt 0.106383 0.733333
vt 0.106383 0.800000
vt 0.106383 0.866667
vt 0.106383 0.933333
vt 0.106383 1.000000
vt 0.127660 0.066667
vt 0.127660 0.000000
vt 0.127660 0.133333
vt 0.127660 0.200000
vt 0.127660 0.266667
vt 0.127660 0.333333
vt 0.127660 0.400000
vt 0.127660 0.466667
vt 0.127660 0.533333
vt 0.127660 0.600000
vt 0.127660 0.666667
vt 0.127660 0.733333
vt 0.127660 0.800000
vt 0.127660 0.866667
vt 0.127660 0.933333
vt 0.127660 1.000000
vt 0.148936 0.066667
vt 0.148936 0.000000
vt 0.148936 0.133333
vt 0.148936 0.200000
vt 0.148936 0.266667
vt 0.148936 0.333333
vt 0.148936 0.400000
vt 0.148936 0.466667
vt 0.148936 0.533333
vt 0.148936 0.600000
vt 0.148936 0.666667
vt 0.148936 0.733333
vt 0.148936 0.800000
vt 0.148936 0.866667
vt 0.148936 0.933333
vt 0.148936 1.000000
vt 0.170213 0.066667
vt 0.170213 0.000000
vt 0.170213 0.133333
vt 0.170213 0.200000
vt 0.170213 0.266667
vt 0.170213 0.333333
vt 0.170213 0.400000
vt 0.170213 0.466667
vt 0.170213 0.533333
vt 0.170213 0.600000
vt 0.170213 0.666667
vt 0.170213 0.733333
vt 0.170213 0.800000
vt 0.170213 0.866667
vt 0.170213 0.933333
vt 0.170213 1.000000
vt 0.191489 0.066667
vt 0.191489 0.000000
vt 0.191489 0.133333
vt 0.191489 0.200000
vt 0.191489 0.266667
vt 0.191489 0.333333
vt 0.191489 0.400000
vt 0.191489 0.466667
vt 0.191489 0.533333
vt 0.191489 0.600000
vt 0.191489 0.666667
vt 0.191489 0.733333
vt 0.191489 0.800000
vt 0.191489 0.866667
vt 0.191489 0.933333
vt 0.191489 1.000000
vt 0.212766 0.066667
vt 0.212766 0.000000
vt 0.212766 0.133333
vt 0.212766 0.200000
vt 0.212766 0.266667
vt 0.212766 0.333333
vt 0.212766 0.400000
vt 0.212766 0.466667
vt 0.212766 0.533333
vt 0.212766 0.600000
vt 0.212766 0.666667
vt 0.212766 0.733333
vt 0.212766 0.800000
vt 0.212766 0.866667
vt 0.212766 0.933333
vt 0.212766 1.000000
vt 0.234043 0.066667
vt 0.234043 0.000000
vt 0.234043 0.133333
vt 0.234043 0.200000
vt 0.234043 0.266667
vt 0.234043 0.333333
vt 0.234043 0.400000
vt 0.234043 0.466667
vt 0.234043 0.533333
vt 0.234043 0.600000
vt 0.234043 0.666667
vt 0.234043 0.733333
vt 0.234043 0.800000
vt 0.234043 0.866667
vt 0.234043 0.933333
vt 0.234043 1.000000
vt 0.255319 0.066667
vt 0.255319 0.000000
vt 0.255319 0.133333
vt 0.255319 0.200000
vt 0.255319 0.266667
vt 0.255319 0.333333
vt 0.255319 0.400000
vt 0.255319 0.466667
vt 0.255319 0.533333
vt 0.255319 0.600000
vt 0.255319 0.666667
vt 0.255319 0.733333
vt 0.255319 0.800000
vt 0.255319 0.866667
vt 0.255319 0.933333
vt 0.255319 1.000000
vt 0.276596 0.066667
vt 0.276596 0.000000
vt 0.276596 0.133333
vt 0.276596 0.200000
vt 0.276596 0.266667
vt 0.276596 0.333333
vt 0.276596 0.400000
vt 0.276596 0.466667
vt 0.276596 0.533333
vt 0.276596 0.600000
vt 0.276596 0.666667
vt 0.276596 0.733333
vt 0.276596 0.800000
vt 0.276596 0.866667
vt 0.276596 0.933333
vt 0.276596 1.000000
vt 0.297872 0.066667
vt 0.297872 0.000000
vt 0.297872 0.133333
vt 0.297872 0.200000
vt 0.297872 0.266667
vt 0.297872 0.333333
vt 0.297872 0.400000
vt 0.297872 0.466667
vt 0.297872 0.533333
vt 0.297872 0.600000
vt 0.297872 0.666667
vt 0.297872 0.733333
vt 0.297872 0.800000
vt 0.297872 0.866667
vt 0.297872 0.933333
vt 0.297872 1.000000
vt 0.319149 0.066667
vt 0.319149 0.000000
vt 0.319149 0.133333
vt 0.319149 0.200000
vt 0.319149 0.266667
vt 0.319149 0.333333
vt 0.319149 0.400000
vt 0.319149 0.466667
vt 0.319149 0.533333
vt 0.319149 0.600000
vt 0.319149 0.666667
vt 0.319149 0.733333
vt 0.319149 0.800000
vt 0.319149 0.866667
vt 0.319149 0.933333
vt 0.319149 1.000000
vt 0.340426 0.066667
vt 0.340426 0.000000
vt 0.340426 0.133333
vt 0.340426 0.200000
vt 0.340426 0.266667
vt 0.340426 0.333333
vt 0.340426 0.400000
vt 0.340426 0.466667
vt 0.340426 0.533333
vt 0.340426 0.600000
vt 0.340426 0.666667
vt 0.340426 0.733333
vt 0.340426 0.800000
vt 0.340426 0.866667
vt 0.340426 0.933333
vt 0.340426 1.000000
vt 0.361702 0.066667
vt 0.361702 0.000000
vt 0.361702 0.133333
vt 0.361702 0.200000
vt 0.361702 0.266667
vt 0.361702 0.333333
vt 0.361702 0.400000
vt 0.361702 0.466667
vt 0.361702 0.533333
vt 0.361702 0.600000
vt 0.361702 0.666667
vt 0.361702 0.733333
vt 0.361702 0.800000
vt 0.361702 0.866667
vt 0.361702 0.933333
vt 0.361702 1.000000
vt 0.382979 0.066667
vt 0.382979 0.000000
vt 0.382979 0.133333
vt 0.382979 0.200000
vt 0.382979 0.266667
vt 0.382979 0.333333
vt 0.382979 0.400000
vt 0.382979 0.466667
vt 0.382979 0.533333
vt 0.382979 0.600000
vt 0.382979 0.666667
vt 0.382979 0.733333
vt 0.382979 0.800000
vt 0.382979 0.866667
vt 0.382979 0.933333
vt 0.382979 1.000000
vt 0.404255 0.066667
vt 0.404255 0.000000
vt 0.404255 0.133333
vt 0.404255 0.200000
vt 0.404255 0.266667
vt 0.404255 0.333333
vt 0.404255 0.400000
vt 0.404255 0.466667
vt 0.404255 0.533333
vt 0.404255 0.600000
vt 0.404255 0.666667
vt 0.404255 0.733333
vt 0.404255 0.800000
vt 0.404255 0.866667
vt 0.404255 0.933333
vt 0.404255 1.000000
vt 0.425532 0.066667
vt 0.425532 0.000000
vt 0.425532 0.133333
vt 0.425532 0.200000
vt 0.425532 0.266667
vt 0.425532 0.333333
vt 0.425532 0.400000
vt 0.425532 0.466667
vt 0.425532 0.533333
vt 0.425532 0.600000
vt 0.425532 0.666667
vt 0.425532 0.733333
vt 0.425532 0.800000
vt 0.425532 0.866667
vt 0.425532 0.933333
vt 0.425532 1.000000
vt 0.446809 0.066667
vt 0.446809 0.000000
vt 0.446809 0.133333
vt 0.446809 0.200000
vt 0.446809 0.266667
vt 0.446809 0.333333
vt 0.446809 0.400000
vt 0.446809 0.466667
vt 0.446809 0.533333
vt 0.446809 0.600000
vt 0.446809 0.666667
vt 0.446809 0.733333
vt 0.446809 0.800000
vt 0.446809 0.866667
vt 0.446809 0.933333
vt 0.446809 1.000000
vt 0.468085 0.066667
vt 0.468085 0.000000
vt 0.468085 0.133333
vt 0.468085 0.200000
vt 0.468085 0.266667
vt 0.468085 0.333333
vt 0.468085 0.400000
vt 0.468085 0.466667
vt 0.468085 0.533333
vt 0.468085 0.600000
vt 0.468085 0.666667
vt 0.468085 0.733333
vt 0.468085 0.800000
vt 0.468085 0.866667
vt 0.468085 0.933333
vt 0.468085 1.000000
vt 0.489362 0.066667
vt 0.489362 0.000000
vt 0.489362 0.133333
vt 0.489362 0.200000
vt 0.489362 0.266667
vt 0.489362 0.333333
vt 0.489362 0.400000
vt 0.489362 0.466667
vt 0.489362 0.533333
vt 0.489362 0.600000
vt 0.489362 0.666667
vt 0.489362 0.733333
vt 0.489362 0.800000
vt 0.489362 0.866667
vt 0.489362 0.933333
vt 0.489362 1.000000
vt 0.510638 0.066667
vt 0.510638 0.000000
vt 0.510638 0.133333
vt 0.510638 0.200000
vt 0.510638 0.266667
vt 0.510638 0.333333
vt 0.510638 0.400000
vt 0.510638 0.466667
vt 0.510638 0.533333
vt 0.510638 0.600000
vt 0.510638 0.666667
vt 0.510638 0.733333
vt 0.510638 0.800000
vt 0.510638 0.866667
vt 0.510638 0.933333
vt 0.510638 1.000000
vt 0.531915 0.066667
vt 0.531915 0.000000
vt 0.531915 0.133333
vt 0.531915 0.200000
vt 0.531915 0.266667
vt 0.531915 0.333333
vt 0.531915 0.400000
vt 0.531915 0.466667
vt 0.531915 0.533333
vt 0.531915 0.600000
vt 0.531915 0.666667
vt 0.531915 0.733333
vt 0.531915 0.800000
vt 0.531915 0.866667
vt 0.531915 0.933333
vt 0.531915 1.000000
vt 0.553191 0.066667
vt 0.553191 0.000000
vt 0.553191 0.133333
vt 0.553191 0.200000
vt 0.553191 0.266667
vt 0.553191 0.333333
vt 0.553191 0.400000
vt 0.553191 0.466667
vt 0.553191 0.533333
vt 0.553191 0.600000
vt 0.553191 0.666667
vt 0.553191 0.733333
vt 0.553191 0.800000
vt 0.553191 0.866667
vt 0.553191 0.933333
vt 0.553191 1.000000
vt 0.574468 0.066667
vt 0.574468 0.000000
vt 0.574468 0.133333
vt 0.574468 0.200000
vt 0.574468 0.266667
vt 0.574468 0.333333
vt 0.574468 0.400000
vt 0.574468 0.466667
vt 0.574468 0.533333
vt 0.574468 0.600000
vt 0.574468 0.666667
vt 0.574468 0.733333
vt 0.574468 0.800000
vt 0.574468 0.866667
vt 0.574468 0.933333
vt 0.574468 1.000000
vt 0.595745 0.066667
vt 0.595745 0.000000
vt 0.595745 0.133333
vt 0.595745 0.200000
vt 0.595745 0.266667
vt 0.595745 0.333333
vt 0.595745 0.400000
vt 0.595745 0.466667
vt 0.595745 0.533333
vt 0.595745 0.600000
vt 0.595745 0.666667
vt 0.595745 0.733333
vt 0.595745 0.800000
vt 0.595745 0.866667
vt 0.595745 0.933333
vt 0.595745 1.000000
vt 0.617021 0.066667
vt 0.617021 0.000000
vt 0.617021 0.133333
vt 0.617021 0.200000
vt 0.617021 0.266667
vt 0.617021 0.333333
vt 0.617021 0.400000
vt 0.617021 0.466667
vt 0.617021 0.533333
vt 0.617021 0.600000
vt 0.617021 0.666667
vt 0.617021 0.733333
vt 0.617021 0.800000
vt 0.617021 0.866667
vt 0.617021 0.933333
vt 0.617021 1.000000
vt 0.638298 0.066667
vt 0.638298 0.000000
vt 0.638298 0.133333
vt 0.638298 0.200000
vt 0.638298 0.266667
vt 0.638298 0.333333
vt 0.638298 0.400000
vt 0.638298 0.466667
vt 0.638298 0.533333
vt 0.638298 0.600000
vt 0.638298 0.666667
vt 0.638298 0.733333
vt 0.638298 0.800000
vt 0.638298 0.866667
vt 0.638298 0.933333
vt 0.638298 1.000000
vt 0.659574 0.066667
vt 0.659574 0.000000
vt 0.659574 0.133333
vt 0.659574 0.200000
vt 0.659574 0.266667
vt 0.659574 0.333333
vt 0.659574 0.400000
vt 0.659574 0.466667
vt 0.659574 0.533333
vt 0.659574 0.600000
vt 0.659574 0.666667
vt 0.659574 0.733333
vt 0.659574 0.800000
vt 0.659574 0.866667
vt 0.659574 0.933333
vt 0.659574 1.000000
vt 0.680851 0.066667
vt 0.680851 0.000000
vt 0.680851 0.133333
vt 0.680851 0.200000
vt 0.680851 0.266667
vt 0.680851 0.333333
vt 0.680851 0.400000
vt 0.680851 0.466667
vt 0.680851 0.533333
vt 0.680851 0.600000
vt 0.680851 0.666667
vt 0.680851 0.733333
vt 0.680851 0.800000
vt 0.680851 0.866667
vt 0.680851 0.933333
vt 0.680851 1.000000
vt 0.702128 0.066667
vt 0.702128 0.000000
vt 0.702128 0.133333
vt 0.702128 0.200000
vt 0.702128 0.266667
vt 0.702128 0.333333
vt 0.702128 0.400000
vt 0.702128 0.466667
vt 0.702128 0.533333
vt 0.702128 0.600000
vt 0.702128 0.666667
vt 0.702128 0.733333
vt 0.702128 0.800000
vt 0.702128 0.866667
vt 0.702128 0.933333
vt 0.702128 1.000000
vt 0.723404 0.066667
vt 0.723404 0.000000
vt 0.723404 0.133333
vt 0.723404 0.200000
vt 0.723404 0.266667
vt 0.723404 0.333333
vt 0.723404 0.400000
vt 0.723404 0.466667
vt 0.723404 0.533333
vt 0.723404 0.600000
vt 0.723404 0.666667
vt 0.723404 0.733333
vt 0.723404 0.800000
vt 0.723404 0.866667
vt 0.723404 0.933333
vt 0.723404 1.000000
vt 0.744681 0.066667
vt 0.744681 0.000000
vt 0.744681 0.133333
vt 0.744681 0.200000
vt 0.744681 0.266667
vt 0.744681 0.333333
vt 0.744681 0.400000
vt 0.744681 0.466667
vt 0.744681 0.533333
vt 0.744681 0.600000
vt 0.744681 0.666667
vt 0.744681 0.733333
vt 0.744681 0.800000
vt 0.744681 0.866667
vt 0.744681 0.933333
vt 0.744681 1.000000
vt 0.765957 0.066667
vt 0.765957 0.000000
vt 0.765957 0.133333
vt 0.765957 0.200000
vt 0.765957 0.266667
vt 0.765957 0.333333
vt 0.765957 0.400000
vt 0.765957 0.466667
vt 0.765957 0.533333
vt 0.765957 0.600000
vt 0.765957 0.666667
vt 0.765957 0.733333
vt 0.765957 0.800000
vt 0.765957 0.866667
vt 0.765957 0.933333
vt 0.765957 1.000000
vt 0.787234 0.066667
vt 0.787234 0.000000
vt 0.787234 0.133333
vt 0.787234 0.200000
vt 0.787234 0.266667
vt 0.787234 0.333333
vt 0.787234 0.400000
vt 0.787234 0.466667
vt 0.787234 0.533333
vt 0.787234 0.600000
vt 0.787234 0.666667
vt 0.787234 0.733333
vt 0.787234 0.800000
vt 0.787234 0.866667
vt 0.787234 0.933333
vt 0.787234 1.000000
vt 0.808511 0.066667
vt 0.808511 0.000000
vt 0.808511 0.133333
vt 0.808511 0.200000
vt 0.808511 0.266667
vt 0.808511 0.333333
vt 0.808511 0.400000
vt 0.808511 0.466667
vt 0.808511 0.533333
vt 0.808511 0.600000
vt 0.808511 0.666667
vt 0.808511 0.733333
vt 0.808511 0.800000
vt 0.808511 0.866667
vt 0.808511 0.933333
vt 0.808511 1.000000
vt 0.829787 0.066667
vt 0.829787 0.000000
vt 0.829787 0.133333
vt 0.829787 0.200000
vt 0.829787 0.266667
vt 0.829787 0.333333
vt 0.829787 0.400000
vt 0.829787 0.466667
vt 0.829787 0.533333
vt 0.829787 0.600000
vt 0.829787 0.666667
vt 0.829787 0.733333
vt 0.829787 0.800000
vt 0.829787 0.866667
vt 0.829787 0.933333
vt 0.829787 1.000000
vt 0.851064 0.066667
vt 0.851064 0.000000
vt 0.851064 0.133333
vt 0.851064 0.200000
vt 0.851064 0.266667
vt 0.851064 0.333333
vt 0.851064 0.400000
vt 0.851064 0.466667
vt 0.851064 0.533333
vt 0.851064 0.600000
vt 0.851064 0.666667
vt 0.851064 0.733333
vt 0.851064 0.800000
vt 0.851064 0.866667
vt 0.851064 0.933333
vt 0.851064 1.000000
vt 0.872340 0.066667
vt 0.872340 0.000000
vt 0.872340 0.133333
vt 0.872340 0.200000
vt 0.872340 0.266667
vt 0.872340 0.333333
vt 0.872340 0.400000
vt 0.872340 0.466667
vt 0.872340 0.533333
vt 0.872340 0.600000
vt 0.872340 0.666667
vt 0.872340 0.733333
vt 0.872340 0.800000
vt 0.872340 0.866667
vt 0.872340 0.933333
vt 0.872340 1.000000
vt 0.893617 0.066667
vt 0.893617 0.000000
vt 0.893617 0.133333
vt 0.893617 0.200000
vt 0.893617 0.266667
vt 0.893617 0.333333
vt 0.893617 0.400000
vt 0.893617 0.466667
vt 0.893617 0.533333
vt 0.893617 0.600000
vt 0.893617 0.666667
vt 0.893617 0.733333
vt 0.893617 0.800000
vt 0.893617 0.866667
vt 0.893617 0.933333
vt 0.893617 1.000000
vt 0.914894 0.066667
vt 0.914894 0.000000
vt 0.914894 0.133333
vt 0.914894 0.200000
vt 0.914894 0.266667
vt 0.914894 0.333333
vt 0.914894 0.400000
vt 0.914894 0.466667
vt 0.914894 0.533333
vt 0.914894 0.600000
vt 0.914894 0.666667
vt 0.914894 0.733333
vt 0.914894 0.800000
vt 0.914894 0.866667
vt 0.914894 0.933333
vt 0.914894 1.000000
vt 0.936170 0.066667
vt 0.936170 0.000000
vt 0.936170 0.133333
vt 0.936170 0.200000
vt 0.936170 0.266667
vt 0.936170 0.333333
vt 0.936170 0.400000
vt 0.936170 0.466667
vt 0.936170 0.533333
vt 0.936170 0.600000
vt 0.936170 0.666667
vt 0.936170 0.733333
vt 0.936170 0.800000
vt 0.936170 0.866667
vt 0.936170 0.933333
vt 0.936170 1.000000
vt 0.957447 0.066667
vt 0.957447 0.000000
vt 0.957447 0.133333
vt 0.957447 0.200000
vt 0.957447 0.266667
vt 0.957447 0.333333
vt 0.957447 0.400000
vt 0.957447 0.466667
vt 0.957447 0.533333
vt 0.957447 0.600000
vt 0.957447 0.666667
vt 0.957447 0.733333
vt 0.957447 0.800000
vt 0.957447 0.866667
vt 0.957447 0.933333
vt 0.957447 1.000000
vt 0.978723 0.066667
vt 0.978723 0.000000
vt 0.978723 0.133333
vt 0.978723 0.200000
vt 0.978723 0.266667
vt 0.978723 0.333333
vt 0.978723 0.400000
vt 0.978723 0.466667
vt 0.978723 0.533333
vt 0.978723 0.600000
vt 0.978723 0.666667
vt 0.978723 0.733333
vt 0.978723 0.800000
vt 0.978723 0.866667
vt 0.978723 0.933333
vt 0.978723 1.000000
vt 1.000000 0.066667
vt 1.000000 0.000000
vt 1.000000 0.133333
vt 1.000000 0.200000
vt 1.000000 0.266667
vt 1.000000 0.333333
vt 1.000000 0.400000
vt 1.000000 0.466667
vt 1.000000 0.533333
vt 1.000000 0.600000
vt 1.000000 0.666667
vt 1.000000 0.733333
vt 1.000000 0.800000
vt 1.000000 0.866667
vt 1.000000 0.933333
vt 1.000000 1.000000
vn 0.6980 0.1558 0.6988
vn 0.6981 0.1557 0.6988
vn 0.7027 0.1079 0.7032
vn 0.6824 0.2584 0.6838
vn 0.6825 0.2582 0.6838
vn 0.6548 0.3737 0.6568
vn 0.6549 0.3736 0.6569
vn 0.6121 0.4973 0.6148
vn 0.6122 0.4972 0.6148
vn 0.5526 0.6209 0.5560
vn 0.5527 0.6207 0.5560
vn 0.4783 0.7339 0.4823
vn 0.4783 0.7338 0.4824
vn 0.3948 0.8273 0.3995
vn 0.3949 0.8273 0.3995
vn 0.3101 0.8970 0.3151
vn 0.3102 0.8969 0.3151
vn 0.2310 0.9438 0.2362
vn 0.2311 0.9438 0.2362
vn 0.1621 0.9724 0.1675
vn 0.1622 0.9724 0.1675
vn 0.1057 0.9882 0.1111
vn 0.1057 0.9882 0.1110
vn 0.0619 0.9958 0.0672
vn 0.0620 0.9958 0.0672
vn 0.0306 0.9989 0.0358
vn 0.0307 0.9989 0.0358
vn 0.0114 0.9998 0.0164
vn 0.0115 0.9998 0.0164
vn 0.0048 0.9999 0.0098
vn 0.0049 0.9999 0.0097
vn 0.6825 0.2582 0.6837
vn 0.6550 0.3736 0.6568
vn 0.5528 0.6207 0.5560
vn 0.4784 0.7338 0.4823
vn 0.3950 0.8273 0.3994
vn 0.3103 0.8969 0.3150
vn 0.2312 0.9438 0.2361
vn 0.1624 0.9724 0.1674
vn 0.1059 0.9882 0.1109
vn 0.0621 0.9958 0.0671
vn 0.0308 0.9989 0.0357
vn 0.0116 0.9998 0.0164
vn 0.0050 0.9999 0.0097
vn 0.6123 0.4972 0.6147
vn 0.5528 0.6208 0.5559
vn 0.4785 0.7338 0.4822
vn 0.3952 0.8273 0.3993
vn 0.3104 0.8969 0.3149
vn 0.2313 0.9438 0.2360
vn 0.1625 0.9724 0.1673
vn 0.1060 0.9882 0.1108
vn 0.0623 0.9958 0.0670
vn 0.0310 0.9989 0.0356
vn 0.0118 0.9998 0.0163
vn 0.0052 0.9999 0.0096
vn 0.6825 0.2583 0.6837
vn 0.6550 0.3736 0.6567
vn 0.6123 0.4972 0.6146
vn 0.5529 0.6208 0.5558
vn 0.4786 0.7338 0.4821
vn 0.3952 0.8273 0.3992
vn 0.3105 0.8969 0.3148
vn 0.2314 0.9438 0.2359
vn 0.1626 0.9724 0.1672
vn 0.1061 0.9882 0.1107
vn 0.0624 0.9958 0.0670
vn 0.0311 0.9989 0.0356
vn 0.0119 0.9998 0.0162
vn 0.0053 0.9999 0.0096
vn 0.6825 0.2583 0.6836
vn 0.6551 0.3736 0.6567
vn 0.6124 0.4972 0.6146
vn 0.5529 0.6208 0.5557
vn 0.4787 0.7338 0.4820
vn 0.3953 0.8273 0.3991
vn 0.3106 0.8969 0.3147
vn 0.2315 0.9438 0.2358
vn 0.1628 0.9724 0.1671
vn 0.1063 0.9882 0.1106
vn 0.0626 0.9958 0.0669
vn 0.0313 0.9989 0.0355
vn 0.0121 0.9998 0.0162
vn 0.0055 0.9999 0.0095
vn 0.6982 0.1557 0.6988
vn 0.6826 0.2583 0.6836
vn 0.6551 0.3736 0.6566
vn 0.6124 0.4972 0.6145
vn 0.5530 0.6208 0.5557
vn 0.4788 0.7338 0.4819
vn 0.3954 0.8273 0.3990
vn 0.3107 0.8969 0.3146
vn 0.2317 0.9438 0.2357
vn 0.1629 0.9724 0.1670
vn 0.1064 0.9881 0.1105
vn 0.0627 0.9958 0.0668
vn 0.0314 0.9989 0.0354
vn 0.0122 0.9998 0.0161
vn 0.0056 0.9999 0.0094
vn 0.7028 0.1079 0.7031
vn 0.6551 0.3737 0.6566
vn 0.6125 0.4973 0.6144
vn 0.5531 0.6208 0.5556
vn 0.4789 0.7338 0.4818
vn 0.3956 0.8273 0.3989
vn 0.3108 0.8969 0.3145
vn 0.2318 0.9438 0.2356
vn 0.1630 0.9724 0.1669
vn 0.1066 0.9881 0.1104
vn 0.0628 0.9958 0.0667
vn 0.0316 0.9989 0.0353
vn 0.0124 0.9998 0.0160
vn 0.0058 0.9999 0.0094
vn 0.6982 0.1557 0.6987
vn 0.6552 0.3737 0.6565
vn 0.5531 0.6208 0.5555
vn 0.4790 0.7338 0.4817
vn 0.3956 0.8273 0.3988
vn 0.3110 0.8969 0.3143
vn 0.2319 0.9438 0.2355
vn 0.1631 0.9724 0.1668
vn 0.1067 0.9881 0.1103
vn 0.0630 0.9958 0.0666
vn 0.0317 0.9989 0.0352
vn 0.0125 0.9998 0.0159
vn 0.0059 0.9999 0.0093
vn 0.6827 0.2583 0.6835
vn 0.6126 0.4973 0.6143
vn 0.5532 0.6208 0.5554
vn 0.4790 0.7338 0.4816
vn 0.3957 0.8273 0.3987
vn 0.3110 0.8969 0.3142
vn 0.2320 0.9438 0.2354
vn 0.1633 0.9724 0.1667
vn 0.1068 0.9881 0.1102
vn 0.0631 0.9958 0.0665
vn 0.0318 0.9989 0.0351
vn 0.0127 0.9998 0.0159
vn 0.0061 0.9999 0.0092
vn 0.6982 0.1558 0.6987
vn 0.6553 0.3737 0.6565
vn 0.6127 0.4973 0.6142
vn 0.5533 0.6208 0.5553
vn 0.4791 0.7338 0.4816
vn 0.3958 0.8273 0.3986
vn 0.3112 0.8969 0.3141
vn 0.2322 0.9438 0.2353
vn 0.1634 0.9724 0.1666
vn 0.1070 0.9881 0.1101
vn 0.0633 0.9958 0.0664
vn 0.0320 0.9989 0.0350
vn 0.0128 0.9998 0.0158
vn 0.0062 0.9999 0.0092
vn 0.6553 0.3737 0.6564
vn 0.5534 0.6208 0.5553
vn 0.4792 0.7338 0.4815
vn 0.3959 0.8273 0.3985
vn 0.3113 0.8969 0.3140
vn 0.2323 0.9438 0.2351
vn 0.1635 0.9724 0.1664
vn 0.1071 0.9881 0.1100
vn 0.0634 0.9958 0.0663
vn 0.0321 0.9989 0.0349
vn 0.0129 0.9998 0.0157
vn 0.0063 0.9999 0.0091
vn 0.6983 0.1558 0.6987
vn 0.6828 0.2583 0.6834
vn 0.6554 0.3737 0.6564
vn 0.6128 0.4973 0.6141
vn 0.5535 0.6208 0.5552
vn 0.4793 0.7338 0.4813
vn 0.3960 0.8273 0.3984
vn 0.3114 0.8969 0.3139
vn 0.2324 0.9438 0.2350
vn 0.1636 0.9724 0.1663
vn 0.1072 0.9881 0.1099
vn 0.0635 0.9958 0.0662
vn 0.0323 0.9988 0.0349
vn 0.0131 0.9998 0.0156
vn 0.0065 0.9999 0.0090
vn 0.6983 0.1558 0.6986
vn 0.6554 0.3737 0.6563
vn 0.5535 0.6208 0.5551
vn 0.4794 0.7338 0.4812
vn 0.3961 0.8273 0.3983
vn 0.3115 0.8969 0.3138
vn 0.2325 0.9438 0.2349
vn 0.1638 0.9724 0.1662
vn 0.1074 0.9881 0.1098
vn 0.0637 0.9958 0.0661
vn 0.0324 0.9988 0.0348
vn 0.0132 0.9998 0.0155
vn 0.0066 0.9999 0.0089
vn 0.6129 0.4973 0.6140
vn 0.5536 0.6208 0.5550
vn 0.4795 0.7338 0.4812
vn 0.3963 0.8273 0.3981
vn 0.3116 0.8969 0.3137
vn 0.2326 0.9438 0.2348
vn 0.1639 0.9724 0.1661
vn 0.1075 0.9881 0.1097
vn 0.0638 0.9958 0.0660
vn 0.0325 0.9988 0.0347
vn 0.0133 0.9998 0.0154
vn 0.0068 0.9999 0.0088
vn 0.7029 0.1079 0.7031
vn 0.6829 0.2583 0.6833
vn 0.6555 0.3737 0.6562
vn 0.6129 0.4973 0.6139
vn 0.5537 0.6208 0.5549
vn 0.4796 0.7338 0.4811
vn 0.3117 0.8969 0.3136
vn 0.2328 0.9438 0.2347
vn 0.1640 0.9724 0.1660
vn 0.1076 0.9881 0.1096
vn 0.0639 0.9958 0.0659
vn 0.0327 0.9988 0.0346
vn 0.0135 0.9998 0.0154
vn 0.0069 0.9999 0.0087
vn 0.6130 0.4973 0.6139
vn 0.4797 0.7338 0.4810
vn 0.3964 0.8273 0.3980
vn 0.3118 0.8969 0.3135
vn 0.2329 0.9438 0.2346
vn 0.1641 0.9724 0.1659
vn 0.1077 0.9881 0.1095
vn 0.0641 0.9958 0.0658
vn 0.0328 0.9988 0.0345
vn 0.0136 0.9998 0.0153
vn 0.0070 0.9999 0.0086
vn 0.6984 0.1558 0.6986
vn 0.7029 0.1079 0.7030
vn 0.6556 0.3737 0.6561
vn 0.6131 0.4973 0.6138
vn 0.5538 0.6209 0.5548
vn 0.4797 0.7338 0.4809
vn 0.3965 0.8273 0.3978
vn 0.3120 0.8969 0.3134
vn 0.2330 0.9438 0.2345
vn 0.1643 0.9724 0.1658
vn 0.1079 0.9881 0.1094
vn 0.0642 0.9958 0.0657
vn 0.0329 0.9988 0.0344
vn 0.0137 0.9998 0.0152
vn 0.0071 0.9999 0.0085
vn 0.6984 0.1558 0.6985
vn 0.6829 0.2583 0.6832
vn 0.5539 0.6209 0.5547
vn 0.4798 0.7338 0.4808
vn 0.3966 0.8273 0.3977
vn 0.3121 0.8969 0.3133
vn 0.2331 0.9438 0.2344
vn 0.1644 0.9724 0.1657
vn 0.1080 0.9881 0.1093
vn 0.0643 0.9958 0.0656
vn 0.0330 0.9988 0.0343
vn 0.0139 0.9998 0.0151
vn 0.0073 0.9999 0.0085
vn 0.6557 0.3737 0.6561
vn 0.6132 0.4973 0.6137
vn 0.5539 0.6209 0.5546
vn 0.4799 0.7338 0.4807
vn 0.3967 0.8273 0.3977
vn 0.3122 0.8969 0.3132
vn 0.2332 0.9438 0.2343
vn 0.1645 0.9724 0.1656
vn 0.1081 0.9881 0.1092
vn 0.0644 0.9958 0.0655
vn 0.0331 0.9988 0.0342
vn 0.0140 0.9998 0.0150
vn 0.0074 0.9999 0.0084
vn 0.6830 0.2583 0.6832
vn 0.6557 0.3737 0.6560
vn 0.6132 0.4973 0.6136
vn 0.5540 0.6209 0.5546
vn 0.4800 0.7338 0.4806
vn 0.3968 0.8273 0.3975
vn 0.3123 0.8969 0.3131
vn 0.2333 0.9438 0.2341
vn 0.1646 0.9724 0.1654
vn 0.1082 0.9881 0.1090
vn 0.0645 0.9958 0.0653
vn 0.0333 0.9988 0.0341
vn 0.0141 0.9998 0.0149
vn 0.0075 0.9999 0.0083
vn 0.6558 0.3737 0.6560
vn 0.6133 0.4973 0.6136
vn 0.5541 0.6209 0.5545
vn 0.4801 0.7338 0.4805
vn 0.3970 0.8273 0.3974
vn 0.3124 0.8969 0.3129
vn 0.2335 0.9438 0.2340
vn 0.1647 0.9724 0.1653
vn 0.1083 0.9881 0.1089
vn 0.0647 0.9958 0.0652
vn 0.0334 0.9988 0.0340
vn 0.0142 0.9998 0.0148
vn 0.0076 0.9999 0.0081
vn 0.6830 0.2583 0.6831
vn 0.6558 0.3737 0.6559
vn 0.6134 0.4973 0.6135
vn 0.5542 0.6209 0.5544
vn 0.4802 0.7338 0.4805
vn 0.3125 0.8969 0.3128
vn 0.2336 0.9438 0.2339
vn 0.1649 0.9724 0.1652
vn 0.1085 0.9881 0.1088
vn 0.0648 0.9958 0.0651
vn 0.0335 0.9988 0.0338
vn 0.0143 0.9998 0.0146
vn 0.0077 0.9999 0.0081
vn 0.7030 0.1079 0.7030
vn 0.6831 0.2583 0.6831
vn 0.5542 0.6209 0.5543
vn 0.4803 0.7338 0.4804
vn 0.3971 0.8273 0.3973
vn 0.3126 0.8969 0.3127
vn 0.2337 0.9438 0.2338
vn 0.1650 0.9724 0.1651
vn 0.1086 0.9881 0.1087
vn 0.0649 0.9958 0.0650
vn 0.0336 0.9988 0.0337
vn 0.0144 0.9998 0.0146
vn 0.0078 0.9999 0.0079
vn 0.6985 0.1558 0.6984
vn 0.6559 0.3737 0.6558
vn 0.6135 0.4973 0.6134
vn 0.5543 0.6209 0.5542
vn 0.4804 0.7338 0.4803
vn 0.3973 0.8273 0.3971
vn 0.3127 0.8969 0.3126
vn 0.2338 0.9438 0.2337
vn 0.1651 0.9724 0.1650
vn 0.1087 0.9881 0.1086
vn 0.0650 0.9958 0.0649
vn 0.0337 0.9988 0.0336
vn 0.0146 0.9998 0.0144
vn 0.0079 0.9999 0.0078
vn 0.7030 0.1079 0.7029
vn 0.6831 0.2583 0.6830
vn 0.5544 0.6209 0.5542
vn 0.4805 0.7338 0.4802
vn 0.3974 0.8273 0.3970
vn 0.3128 0.8969 0.3125
vn 0.2339 0.9438 0.2336
vn 0.1652 0.9724 0.1649
vn 0.1088 0.9881 0.1085
vn 0.0651 0.9958 0.0648
vn 0.0338 0.9988 0.0335
vn 0.0146 0.9998 0.0143
vn 0.0081 0.9999 0.0077
vn 0.6832 0.2583 0.6830
vn 0.6560 0.3737 0.6558
vn 0.6136 0.4973 0.6133
vn 0.5545 0.6209 0.5541
vn 0.4805 0.7338 0.4801
vn 0.3129 0.8969 0.3124
vn 0.2340 0.9438 0.2335
vn 0.1653 0.9724 0.1647
vn 0.1089 0.9881 0.1083
vn 0.0652 0.9958 0.0647
vn 0.0340 0.9988 0.0334
vn 0.0148 0.9998 0.0142
vn 0.0081 0.9999 0.0076
vn 0.6560 0.3737 0.6557
vn 0.6136 0.4973 0.6132
vn 0.5546 0.6209 0.5540
vn 0.4806 0.7338 0.4800
vn 0.3975 0.8273 0.3968
vn 0.3131 0.8969 0.3123
vn 0.2341 0.9438 0.2333
vn 0.1654 0.9724 0.1646
vn 0.1090 0.9881 0.1082
vn 0.0653 0.9958 0.0645
vn 0.0341 0.9988 0.0333
vn 0.0149 0.9998 0.0141
vn 0.0083 0.9999 0.0075
vn 0.6832 0.2583 0.6829
vn 0.6561 0.3737 0.6557
vn 0.6137 0.4973 0.6132
vn 0.5546 0.6209 0.5539
vn 0.4807 0.7338 0.4799
vn 0.3977 0.8273 0.3967
vn 0.3132 0.8969 0.3122
vn 0.2343 0.9438 0.2332
vn 0.1656 0.9724 0.1645
vn 0.1092 0.9881 0.1081
vn 0.0655 0.9958 0.0644
vn 0.0342 0.9988 0.0331
vn 0.0150 0.9998 0.0140
vn 0.0084 0.9999 0.0074
vn 0.6561 0.3737 0.6556
vn 0.6138 0.4973 0.6131
vn 0.5547 0.6209 0.5539
vn 0.4808 0.7338 0.4798
vn 0.3977 0.8273 0.3966
vn 0.3133 0.8969 0.3121
vn 0.2344 0.9438 0.2331
vn 0.1657 0.9724 0.1644
vn 0.1093 0.9881 0.1080
vn 0.0656 0.9958 0.0643
vn 0.0343 0.9988 0.0330
vn 0.0151 0.9998 0.0139
vn 0.0085 0.9999 0.0073
vn 0.6986 0.1558 0.6984
vn 0.6833 0.2583 0.6829
vn 0.5548 0.6209 0.5538
vn 0.4809 0.7338 0.4798
vn 0.3978 0.8273 0.3965
vn 0.3134 0.8969 0.3120
vn 0.2345 0.9438 0.2330
vn 0.1658 0.9724 0.1643
vn 0.1094 0.9881 0.1079
vn 0.0657 0.9958 0.0642
vn 0.0344 0.9988 0.0329
vn 0.0152 0.9998 0.0137
vn 0.0085 0.9999 0.0071
vn 0.6986 0.1558 0.6983
vn 0.7031 0.1079 0.7029
vn 0.6562 0.3737 0.6555
vn 0.6139 0.4973 0.6130
vn 0.5549 0.6208 0.5537
vn 0.4810 0.7338 0.4797
vn 0.3980 0.8273 0.3964
vn 0.3135 0.8969 0.3118
vn 0.2346 0.9438 0.2329
vn 0.1659 0.9724 0.1642
vn 0.1095 0.9881 0.1077
vn 0.0658 0.9958 0.0641
vn 0.0345 0.9988 0.0328
vn 0.0153 0.9998 0.0136
vn 0.0086 0.9999 0.0070
vn 0.6139 0.4973 0.6129
vn 0.4811 0.7338 0.4796
vn 0.3981 0.8273 0.3963
vn 0.3136 0.8969 0.3117
vn 0.2347 0.9438 0.2328
vn 0.1660 0.9724 0.1640
vn 0.1096 0.9881 0.1076
vn 0.0659 0.9958 0.0639
vn 0.0346 0.9988 0.0327
vn 0.0154 0.9998 0.0135
vn 0.0087 0.9999 0.0069
vn 0.7031 0.1079 0.7028
vn 0.6834 0.2583 0.6828
vn 0.6563 0.3737 0.6554
vn 0.6140 0.4973 0.6129
vn 0.5550 0.6208 0.5536
vn 0.4812 0.7338 0.4795
vn 0.3137 0.8969 0.3116
vn 0.2348 0.9438 0.2326
vn 0.1661 0.9724 0.1639
vn 0.1097 0.9881 0.1075
vn 0.0660 0.9958 0.0638
vn 0.0347 0.9988 0.0325
vn 0.0154 0.9998 0.0133
vn 0.0088 0.9999 0.0068
vn 0.6141 0.4973 0.6128
vn 0.5551 0.6208 0.5535
vn 0.4812 0.7338 0.4794
vn 0.3983 0.8273 0.3961
vn 0.3138 0.8969 0.3115
vn 0.2349 0.9438 0.2325
vn 0.1662 0.9724 0.1638
vn 0.1098 0.9881 0.1074
vn 0.0661 0.9958 0.0637
vn 0.0348 0.9988 0.0324
vn 0.0155 0.9998 0.0132
vn 0.0089 0.9999 0.0066
vn 0.6987 0.1558 0.6983
vn 0.6564 0.3737 0.6554
vn 0.5552 0.6208 0.5535
vn 0.4813 0.7338 0.4793
vn 0.3984 0.8273 0.3960
vn 0.3139 0.8969 0.3114
vn 0.2350 0.9438 0.2324
vn 0.1663 0.9724 0.1636
vn 0.1099 0.9881 0.1072
vn 0.0662 0.9958 0.0635
vn 0.0349 0.9988 0.0323
vn 0.0156 0.9998 0.0131
vn 0.0090 0.9999 0.0065
vn 0.6987 0.1558 0.6982
vn 0.6835 0.2583 0.6827
vn 0.6564 0.3737 0.6553
vn 0.6142 0.4973 0.6127
vn 0.5553 0.6208 0.5534
vn 0.4815 0.7338 0.4792
vn 0.3985 0.8273 0.3959
vn 0.3140 0.8969 0.3113
vn 0.2351 0.9438 0.2323
vn 0.1664 0.9724 0.1635
vn 0.1100 0.9881 0.1071
vn 0.0663 0.9958 0.0634
vn 0.0349 0.9989 0.0321
vn 0.0157 0.9998 0.0129
vn 0.0091 0.9999 0.0063
vn 0.6565 0.3737 0.6553
vn 0.5553 0.6208 0.5533
vn 0.4816 0.7338 0.4791
vn 0.3986 0.8273 0.3958
vn 0.3141 0.8969 0.3112
vn 0.2353 0.9438 0.2322
vn 0.1666 0.9724 0.1634
vn 0.1101 0.9881 0.1070
vn 0.0664 0.9958 0.0633
vn 0.0350 0.9989 0.0320
vn 0.0158 0.9998 0.0128
vn 0.0092 0.9999 0.0062
vn 0.6987 0.1557 0.6982
vn 0.6565 0.3737 0.6552
vn 0.6143 0.4973 0.6126
vn 0.5554 0.6208 0.5532
vn 0.4816 0.7338 0.4790
vn 0.3987 0.8273 0.3957
vn 0.3142 0.8969 0.3110
vn 0.2354 0.9438 0.2320
vn 0.1667 0.9724 0.1633
vn 0.1102 0.9881 0.1068
vn 0.0665 0.9958 0.0631
vn 0.0351 0.9989 0.0318
vn 0.0159 0.9998 0.0127
vn 0.0092 0.9999 0.0061
vn 0.6836 0.2583 0.6826
vn 0.6144 0.4973 0.6125
vn 0.5555 0.6208 0.5531
vn 0.4817 0.7338 0.4790
vn 0.3988 0.8273 0.3956
vn 0.3143 0.8969 0.3110
vn 0.2355 0.9438 0.2319
vn 0.1668 0.9724 0.1631
vn 0.1103 0.9881 0.1067
vn 0.0666 0.9958 0.0630
vn 0.0352 0.9989 0.0317
vn 0.0159 0.9998 0.0125
vn 0.0093 0.9999 0.0059
vn 0.6988 0.1557 0.6982
vn 0.6566 0.3737 0.6551
vn 0.5556 0.6208 0.5531
vn 0.4818 0.7338 0.4789
vn 0.3989 0.8273 0.3956
vn 0.3145 0.8969 0.3108
vn 0.2356 0.9438 0.2318
vn 0.1669 0.9724 0.1630
vn 0.1104 0.9881 0.1066
vn 0.0667 0.9958 0.0628
vn 0.0353 0.9989 0.0316
vn 0.0160 0.9998 0.0124
vn 0.0094 0.9999 0.0058
vn 0.7032 0.1079 0.7027
vn 0.6566 0.3736 0.6551
vn 0.6145 0.4972 0.6124
vn 0.5557 0.6208 0.5530
vn 0.4819 0.7338 0.4788
vn 0.3990 0.8273 0.3954
vn 0.3146 0.8969 0.3107
vn 0.2357 0.9438 0.2317
vn 0.1670 0.9724 0.1629
vn 0.1105 0.9881 0.1064
vn 0.0668 0.9958 0.0627
vn 0.0354 0.9989 0.0314
vn 0.0161 0.9998 0.0122
vn 0.0094 0.9999 0.0056
vn 0.6988 0.1557 0.6981
vn 0.6836 0.2583 0.6825
vn 0.6567 0.3736 0.6551
vn 0.6146 0.4972 0.6124
vn 0.5557 0.6208 0.5529
vn 0.4820 0.7338 0.4787
vn 0.3991 0.8273 0.3953
vn 0.3147 0.8969 0.3106
vn 0.2358 0.9438 0.2315
vn 0.1671 0.9724 0.1628
vn 0.1106 0.9882 0.1063
vn 0.0669 0.9958 0.0626
vn 0.0355 0.9989 0.0313
vn 0.0162 0.9998 0.0121
vn 0.0095 0.9999 0.0055
vn 0.6837 0.2583 0.6825
vn 0.6567 0.3736 0.6550
vn 0.6146 0.4972 0.6123
vn 0.5558 0.6208 0.5529
vn 0.4821 0.7338 0.4786
vn 0.3992 0.8273 0.3952
vn 0.3148 0.8969 0.3105
vn 0.2359 0.9438 0.2314
vn 0.1672 0.9724 0.1626
vn 0.1107 0.9882 0.1061
vn 0.0670 0.9958 0.0624
vn 0.0356 0.9989 0.0311
vn 0.0162 0.9998 0.0119
vn 0.0096 0.9999 0.0053
vn 0.6837 0.2582 0.6825
vn 0.6568 0.3736 0.6550
vn 0.6147 0.4972 0.6123
vn 0.5559 0.6208 0.5528
vn 0.4822 0.7338 0.4785
vn 0.3993 0.8273 0.3952
vn 0.3149 0.8969 0.3104
vn 0.2360 0.9438 0.2313
vn 0.1673 0.9724 0.1625
vn 0.1108 0.9882 0.1060
vn 0.0670 0.9958 0.0623
vn 0.0356 0.9989 0.0310
vn 0.0163 0.9998 0.0118
vn 0.0096 0.9999 0.0052
vn 0.6148 0.4972 0.6122
vn 0.5560 0.6207 0.5528
vn 0.4823 0.7338 0.4784
vn 0.3994 0.8273 0.3950
vn 0.3150 0.8969 0.3103
vn 0.2361 0.9438 0.2312
vn 0.1674 0.9724 0.1624
vn 0.1109 0.9882 0.1059
vn 0.0671 0.9958 0.0621
vn 0.0357 0.9989 0.0308
vn 0.0164 0.9998 0.0116
vn 0.0097 0.9999 0.0050
vn 0.6838 0.2582 0.6825
vn 0.6569 0.3736 0.6549
vn 0.5560 0.6207 0.5527
vn 0.4824 0.7338 0.4783
vn 0.3995 0.8273 0.3949
vn 0.3151 0.8969 0.3102
vn 0.2362 0.9438 0.2311
vn 0.1675 0.9724 0.1622
vn 0.1110 0.9882 0.1057
vn 0.0672 0.9958 0.0620
vn 0.0358 0.9989 0.0307
vn 0.0164 0.9998 0.0115
vn 0.0097 0.9999 0.0049
vn 0.6988 0.1558 0.6980
vn 0.6838 0.2584 0.6824
vn 0.6568 0.3737 0.6548
vn 0.6148 0.4973 0.6121
vn 0.5560 0.6209 0.5526
vn 0.4823 0.7339 0.4783
vn 0.3995 0.8273 0.3948
vn 0.3151 0.8970 0.3101
vn 0.2362 0.9438 0.2310
vn 0.1675 0.9724 0.1621
vn 0.1111 0.9882 0.1057
vn 0.0672 0.9958 0.0619
vn 0.0358 0.9989 0.0306
vn 0.0164 0.9998 0.0114
vn 0.0098 0.9999 0.0048
usemtl Material.001
s 1
f 1542/1541/1296 1558/1542/1297 1557/1543/1298 1541/1544/1298
f 1543/1545/1299 1559/1546/1300 1558/1542/1297 1542/1541/1296
f 1544/1547/1301 1560/1548/1302 1559/1546/1300 1543/1545/1299
f 1545/1549/1303 1561/1550/1304 1560/1548/1302 1544/1547/1301
f 1546/1551/1305 1562/1552/1306 1561/1550/1304 1545/1549/1303
f 1547/1553/1307 1563/1554/1308 1562/1552/1306 1546/1551/1305
f 1548/1555/1309 1564/1556/1310 1563/1554/1308 1547/1553/1307
f 1549/1557/1311 1565/1558/1312 1564/1556/1310 1548/1555/1309
f 1550/1559/1313 1566/1560/1314 1565/1558/1312 1549/1557/1311
f 1551/1561/1315 1567/1562/1316 1566/1560/1314 1550/1559/1313
f 1552/1563/1317 1568/1564/1318 1567/1562/1316 1551/1561/1315
f 1553/1565/1319 1569/1566/1320 1568/1564/1318 1552/1563/1317
f 1554/1567/1321 1570/1568/1322 1569/1566/1320 1553/1565/1319
f 1555/1569/1323 1571/1570/1324 1570/1568/1322 1554/1567/1321
f 1556/1571/1325 1572/1572/1326 1571/1570/1324 1555/1569/1323
f 1558/1542/1297 1574/1573/1297 1573/1574/1298 1557/1543/1298
f 1559/1546/1300 1575/1575/1327 1574/1573/1297 1558/1542/1297
f 1560/1548/1302 1576/1576/1328 1575/1575/1327 1559/1546/1300
f 1561/1550/1304 1577/1577/1304 1576/1576/1328 1560/1548/1302
f 1562/1552/1306 1578/1578/1329 1577/1577/1304 1561/1550/1304
f 1563/1554/1308 1579/1579/1330 1578/1578/1329 1562/1552/1306
f 1564/1556/1310 1580/1580/1331 1579/1579/1330 1563/1554/1308
f 1565/1558/1312 1581/1581/1332 1580/1580/1331 1564/1556/1310
f 1566/1560/1314 1582/1582/1333 1581/1581/1332 1565/1558/1312
f 1567/1562/1316 1583/1583/1334 1582/1582/1333 1566/1560/1314
f 1568/1564/1318 1584/1584/1335 1583/1583/1334 1567/1562/1316
f 1569/1566/1320 1585/1585/1336 1584/1584/1335 1568/1564/1318
f 1570/1568/1322 1586/1586/1337 1585/1585/1336 1569/1566/1320
f 1571/1570/1324 1587/1587/1338 1586/1586/1337 1570/1568/1322
f 1572/1572/1326 1588/1588/1339 1587/1587/1338 1571/1570/1324
f 1574/1573/1297 1590/1589/1297 1589/1590/1298 1573/1574/1298
f 1575/1575/1327 1591/1591/1327 1590/1589/1297 1574/1573/1297
f 1576/1576/1328 1592/1592/1328 1591/1591/1327 1575/1575/1327
f 1577/1577/1304 1593/1593/1340 1592/1592/1328 1576/1576/1328
f 1578/1578/1329 1594/1594/1341 1593/1593/1340 1577/1577/1304
f 1579/1579/1330 1595/1595/1342 1594/1594/1341 1578/1578/1329
f 1580/1580/1331 1596/1596/1343 1595/1595/1342 1579/1579/1330
f 1581/1581/1332 1597/1597/1344 1596/1596/1343 1580/1580/1331
f 1582/1582/1333 1598/1598/1345 1597/1597/1344 1581/1581/1332
f 1583/1583/1334 1599/1599/1346 1598/1598/1345 1582/1582/1333
f 1584/1584/1335 1600/1600/1347 1599/1599/1346 1583/1583/1334
f 1585/1585/1336 1601/1601/1348 1600/1600/1347 1584/1584/1335
f 1586/1586/1337 1602/1602/1349 1601/1601/1348 1585/1585/1336
f 1587/1587/1338 1603/1603/1350 1602/1602/1349 1586/1586/1337
f 1588/1588/1339 1604/1604/1351 1603/1603/1350 1587/1587/1338
f 1590/1589/1297 1606/1605/1297 1605/1606/1298 1589/1590/1298
f 1591/1591/1327 1607/1607/1352 1606/1605/1297 1590/1589/1297
f 1592/1592/1328 1608/1608/1353 1607/1607/1352 1591/1591/1327
f 1593/1593/1340 1609/1609/1354 1608/1608/1353 1592/1592/1328
f 1594/1594/1341 1610/1610/1355 1609/1609/1354 1593/1593/1340
f 1595/1595/1342 1611/1611/1356 1610/1610/1355 1594/1594/1341
f 1596/1596/1343 1612/1612/1357 1611/1611/1356 1595/1595/1342
f 1597/1597/1344 1613/1613/1358 1612/1612/1357 1596/1596/1343
f 1598/1598/1345 1614/1614/1359 1613/1613/1358 1597/1597/1344
f 1599/1599/1346 1615/1615/1360 1614/1614/1359 1598/1598/1345
f 1600/1600/1347 1616/1616/1361 1615/1615/1360 1599/1599/1346
f 1601/1601/1348 1617/1617/1362 1616/1616/1361 1600/1600/1347
f 1602/1602/1349 1618/1618/1363 1617/1617/1362 1601/1601/1348
f 1603/1603/1350 1619/1619/1364 1618/1618/1363 1602/1602/1349
f 1604/1604/1351 1620/1620/1365 1619/1619/1364 1603/1603/1350
f 1606/1605/1297 1622/1621/1297 1621/1622/1298 1605/1606/1298
f 1607/1607/1352 1623/1623/1366 1622/1621/1297 1606/1605/1297
f 1608/1608/1353 1624/1624/1367 1623/1623/1366 1607/1607/1352
f 1609/1609/1354 1625/1625/1368 1624/1624/1367 1608/1608/1353
f 1610/1610/1355 1626/1626/1369 1625/1625/1368 1609/1609/1354
f 1611/1611/1356 1627/1627/1370 1626/1626/1369 1610/1610/1355
f 1612/1612/1357 1628/1628/1371 1627/1627/1370 1611/1611/1356
f 1613/1613/1358 1629/1629/1372 1628/1628/1371 1612/1612/1357
f 1614/1614/1359 1630/1630/1373 1629/1629/1372 1613/1613/1358
f 1615/1615/1360 1631/1631/1374 1630/1630/1373 1614/1614/1359
f 1616/1616/1361 1632/1632/1375 1631/1631/1374 1615/1615/1360
f 1617/1617/1362 1633/1633/1376 1632/1632/1375 1616/1616/1361
f 1618/1618/1363 1634/1634/1377 1633/1633/1376 1617/1617/1362
f 1619/1619/1364 1635/1635/1378 1634/1634/1377 1618/1618/1363
f 1620/1620/1365 1636/1636/1379 1635/1635/1378 1619/1619/1364
f 1622/1621/1297 1638/1637/1380 1637/1638/1298 1621/1622/1298
f 1623/1623/1366 1639/1639/1381 1638/1637/1380 1622/1621/1297
f 1624/1624/1367 1640/1640/1382 1639/1639/1381 1623/1623/1366
f 1625/1625/1368 1641/1641/1383 1640/1640/1382 1624/1624/1367
f 1626/1626/1369 1642/1642/1384 1641/1641/1383 1625/1625/1368
f 1627/1627/1370 1643/1643/1385 1642/1642/1384 1626/1626/1369
f 1628/1628/1371 1644/1644/1386 1643/1643/1385 1627/1627/1370
f 1629/1629/1372 1645/1645/1387 1644/1644/1386 1628/1628/1371
f 1630/1630/1373 1646/1646/1388 1645/1645/1387 1629/1629/1372
f 1631/1631/1374 1647/1647/1389 1646/1646/1388 1630/1630/1373
f 1632/1632/1375 1648/1648/1390 1647/1647/1389 1631/1631/1374
f 1633/1633/1376 1649/1649/1391 1648/1648/1390 1632/1632/1375
f 1634/1634/1377 1650/1650/1392 1649/1649/1391 1633/1633/1376
f 1635/1635/1378 1651/1651/1393 1650/1650/1392 1634/1634/1377
f 1636/1636/1379 1652/1652/1394 1651/1651/1393 1635/1635/1378
f 1638/1637/1380 1654/1653/1380 1653/1654/1395 1637/1638/1298
f 1639/1639/1381 1655/1655/1381 1654/1653/1380 1638/1637/1380
f 1640/1640/1382 1656/1656/1396 1655/1655/1381 1639/1639/1381
f 1641/1641/1383 1657/1657/1397 1656/1656/1396 1640/1640/1382
f 1642/1642/1384 1658/1658/1398 1657/1657/1397 1641/1641/1383
f 1643/1643/1385 1659/1659/1399 1658/1658/1398 1642/1642/1384
f 1644/1644/1386 1660/1660/1400 1659/1659/1399 1643/1643/1385
f 1645/1645/1387 1661/1661/1401 1660/1660/1400 1644/1644/1386
f 1646/1646/1388 1662/1662/1402 1661/1661/1401 1645/1645/1387
f 1647/1647/1389 1663/1663/1403 1662/1662/1402 1646/1646/1388
f 1648/1648/1390 1664/1664/1404 1663/1663/1403 1647/1647/1389
f 1649/1649/1391 1665/1665/1405 1664/1664/1404 1648/1648/1390
f 1650/1650/1392 1666/1666/1406 1665/1665/1405 1649/1649/1391
f 1651/1651/1393 1667/1667/1407 1666/1666/1406 1650/1650/1392
f 1652/1652/1394 1668/1668/1408 1667/1667/1407 1651/1651/1393
f 1654/1653/1380 1670/1669/1409 1669/1670/1395 1653/1654/1395
f 1655/1655/1381 1671/1671/1381 1670/1669/1409 1654/1653/1380
f 1656/1656/1396 1672/1672/1410 1671/1671/1381 1655/1655/1381
f 1657/1657/1397 1673/1673/1397 1672/1672/1410 1656/1656/1396
f 1658/1658/1398 1674/1674/1411 1673/1673/1397 1657/1657/1397
f 1659/1659/1399 1675/1675/1412 1674/1674/1411 1658/1658/1398
f 1660/1660/1400 1676/1676/1413 1675/1675/1412 1659/1659/1399
f 1661/1661/1401 1677/1677/1414 1676/1676/1413 1660/1660/1400
f 1662/1662/1402 1678/1678/1415 1677/1677/1414 1661/1661/1401
f 1663/1663/1403 1679/1679/1416 1678/1678/1415 1662/1662/1402
f 1664/1664/1404 1680/1680/1417 1679/1679/1416 1663/1663/1403
f 1665/1665/1405 1681/1681/1418 1680/1680/1417 1664/1664/1404
f 1666/1666/1406 1682/1682/1419 1681/1681/1418 1665/1665/1405
f 1667/1667/1407 1683/1683/1420 1682/1682/1419 1666/1666/1406
f 1668/1668/1408 1684/1684/1421 1683/1683/1420 1667/1667/1407
f 1670/1669/1409 1686/1685/1409 1685/1686/1395 1669/1670/1395
f 1671/1671/1381 1687/1687/1422 1686/1685/1409 1670/1669/1409
f 1672/1672/1410 1688/1688/1410 1687/1687/1422 1671/1671/1381
f 1673/1673/1397 1689/1689/1423 1688/1688/1410 1672/1672/1410
f 1674/1674/1411 1690/1690/1424 1689/1689/1423 1673/1673/1397
f 1675/1675/1412 1691/1691/1425 1690/1690/1424 1674/1674/1411
f 1676/1676/1413 1692/1692/1426 1691/1691/1425 1675/1675/1412
f 1677/1677/1414 1693/1693/1427 1692/1692/1426 1676/1676/1413
f 1678/1678/1415 1694/1694/1428 1693/1693/1427 1677/1677/1414
f 1679/1679/1416 1695/1695/1429 1694/1694/1428 1678/1678/1415
f 1680/1680/1417 1696/1696/1430 1695/1695/1429 1679/1679/1416
f 1681/1681/1418 1697/1697/1431 1696/1696/1430 1680/1680/1417
f 1682/1682/1419 1698/1698/1432 1697/1697/1431 1681/1681/1418
f 1683/1683/1420 1699/1699/1433 1698/1698/1432 1682/1682/1419
f 1684/1684/1421 1700/1700/1434 1699/1699/1433 1683/1683/1420
f 1686/1685/1409 1702/1701/1435 1701/1702/1395 1685/1686/1395
f 1687/1687/1422 1703/1703/1422 1702/1701/1435 1686/1685/1409
f 1688/1688/1410 1704/1704/1436 1703/1703/1422 1687/1687/1422
f 1689/1689/1423 1705/1705/1437 1704/1704/1436 1688/1688/1410
f 1690/1690/1424 1706/1706/1438 1705/1705/1437 1689/1689/1423
f 1691/1691/1425 1707/1707/1439 1706/1706/1438 1690/1690/1424
f 1692/1692/1426 1708/1708/1440 1707/1707/1439 1691/1691/1425
f 1693/1693/1427 1709/1709/1441 1708/1708/1440 1692/1692/1426
f 1694/1694/1428 1710/1710/1442 1709/1709/1441 1693/1693/1427
f 1695/1695/1429 1711/1711/1443 1710/1710/1442 1694/1694/1428
f 1696/1696/1430 1712/1712/1444 1711/1711/1443 1695/1695/1429
f 1697/1697/1431 1713/1713/1445 1712/1712/1444 1696/1696/1430
f 1698/1698/1432 1714/1714/1446 1713/1713/1445 1697/1697/1431
f 1699/1699/1433 1715/1715/1447 1714/1714/1446 1698/1698/1432
f 1700/1700/1434 1716/1716/1448 1715/1715/1447 1699/1699/1433
f 1702/1701/1435 1718/1717/1435 1717/1718/1395 1701/1702/1395
f 1703/1703/1422 1719/1719/1422 1718/1717/1435 1702/1701/1435
f 1704/1704/1436 1720/1720/1449 1719/1719/1422 1703/1703/1422
f 1705/1705/1437 1721/1721/1437 1720/1720/1449 1704/1704/1436
f 1706/1706/1438 1722/1722/1450 1721/1721/1437 1705/1705/1437
f 1707/1707/1439 1723/1723/1451 1722/1722/1450 1706/1706/1438
f 1708/1708/1440 1724/1724/1452 1723/1723/1451 1707/1707/1439
f 1709/1709/1441 1725/1725/1453 1724/1724/1452 1708/1708/1440
f 1710/1710/1442 1726/1726/1454 1725/1725/1453 1709/1709/1441
f 1711/1711/1443 1727/1727/1455 1726/1726/1454 1710/1710/1442
f 1712/1712/1444 1728/1728/1456 1727/1727/1455 1711/1711/1443
f 1713/1713/1445 1729/1729/1457 1728/1728/1456 1712/1712/1444
f 1714/1714/1446 1730/1730/1458 1729/1729/1457 1713/1713/1445
f 1715/1715/1447 1731/1731/1459 1730/1730/1458 1714/1714/1446
f 1716/1716/1448 1732/1732/1460 1731/1731/1459 1715/1715/1447
f 1718/1717/1435 1734/1733/1461 1733/1734/1395 1717/1718/1395
f 1719/1719/1422 1735/1735/1462 1734/1733/1461 1718/1717/1435
f 1720/1720/1449 1736/1736/1463 1735/1735/1462 1719/1719/1422
f 1721/1721/1437 1737/1737/1464 1736/1736/1463 1720/1720/1449
f 1722/1722/1450 1738/1738/1465 1737/1737/1464 1721/1721/1437
f 1723/1723/1451 1739/1739/1466 1738/1738/1465 1722/1722/1450
f 1724/1724/1452 1740/1740/1467 1739/1739/1466 1723/1723/1451
f 1725/1725/1453 1741/1741/1468 1740/1740/1467 1724/1724/1452
f 1726/1726/1454 1742/1742/1469 1741/1741/1468 1725/1725/1453
f 1727/1727/1455 1743/1743/1470 1742/1742/1469 1726/1726/1454
f 1728/1728/1456 1744/1744/1471 1743/1743/1470 1727/1727/1455
f 1729/1729/1457 1745/1745/1472 1744/1744/1471 1728/1728/1456
f 1730/1730/1458 1746/1746/1473 1745/1745/1472 1729/1729/1457
f 1731/1731/1459 1747/1747/1474 1746/1746/1473 1730/1730/1458
f 1732/1732/1460 1748/1748/1475 1747/1747/1474 1731/1731/1459
f 1734/1733/1461 1750/1749/1476 1749/1750/1395 1733/1734/1395
f 1735/1735/1462 1751/1751/1462 1750/1749/1476 1734/1733/1461
f 1736/1736/1463 1752/1752/1477 1751/1751/1462 1735/1735/1462
f 1737/1737/1464 1753/1753/1464 1752/1752/1477 1736/1736/1463
f 1738/1738/1465 1754/1754/1478 1753/1753/1464 1737/1737/1464
f 1739/1739/1466 1755/1755/1479 1754/1754/1478 1738/1738/1465
f 1740/1740/1467 1756/1756/1480 1755/1755/1479 1739/1739/1466
f 1741/1741/1468 1757/1757/1481 1756/1756/1480 1740/1740/1467
f 1742/1742/1469 1758/1758/1482 1757/1757/1481 1741/1741/1468
f 1743/1743/1470 1759/1759/1483 1758/1758/1482 1742/1742/1469
f 1744/1744/1471 1760/1760/1484 1759/1759/1483 1743/1743/1470
f 1745/1745/1472 1761/1761/1485 1760/1760/1484 1744/1744/1471
f 1746/1746/1473 1762/1762/1486 1761/1761/1485 1745/1745/1472
f 1747/1747/1474 1763/1763/1487 1762/1762/1486 1746/1746/1473
f 1748/1748/1475 1764/1764/1488 1763/1763/1487 1747/1747/1474
f 1750/1749/1476 1766/1765/1476 1765/1766/1395 1749/1750/1395
f 1751/1751/1462 1767/1767/1462 1766/1765/1476 1750/1749/1476
f 1752/1752/1477 1768/1768/1477 1767/1767/1462 1751/1751/1462
f 1753/1753/1464 1769/1769/1489 1768/1768/1477 1752/1752/1477
f 1754/1754/1478 1770/1770/1490 1769/1769/1489 1753/1753/1464
f 1755/1755/1479 1771/1771/1491 1770/1770/1490 1754/1754/1478
f 1756/1756/1480 1772/1772/1492 1771/1771/1491 1755/1755/1479
f 1757/1757/1481 1773/1773/1493 1772/1772/1492 1756/1756/1480
f 1758/1758/1482 1774/1774/1494 1773/1773/1493 1757/1757/1481
f 1759/1759/1483 1775/1775/1495 1774/1774/1494 1758/1758/1482
f 1760/1760/1484 1776/1776/1496 1775/1775/1495 1759/1759/1483
f 1761/1761/1485 1777/1777/1497 1776/1776/1496 1760/1760/1484
f 1762/1762/1486 1778/1778/1498 1777/1777/1497 1761/1761/1485
f 1763/1763/1487 1779/1779/1499 1778/1778/1498 1762/1762/1486
f 1764/1764/1488 1780/1780/1500 1779/1779/1499 1763/1763/1487
f 1766/1765/1476 1782/1781/1476 1781/1782/1501 1765/1766/1395
f 1767/1767/1462 1783/1783/1502 1782/1781/1476 1766/1765/1476
f 1768/1768/1477 1784/1784/1503 1783/1783/1502 1767/1767/1462
f 1769/1769/1489 1785/1785/1504 1784/1784/1503 1768/1768/1477
f 1770/1770/1490 1786/1786/1505 1785/1785/1504 1769/1769/1489
f 1771/1771/1491 1787/1787/1506 1786/1786/1505 1770/1770/1490
f 1772/1772/1492 1788/1788/1492 1787/1787/1506 1771/1771/1491
f 1773/1773/1493 1789/1789/1507 1788/1788/1492 1772/1772/1492
f 1774/1774/1494 1790/1790/1508 1789/1789/1507 1773/1773/1493
f 1775/1775/1495 1791/1791/1509 1790/1790/1508 1774/1774/1494
f 1776/1776/1496 1792/1792/1510 1791/1791/1509 1775/1775/1495
f 1777/1777/1497 1793/1793/1511 1792/1792/1510 1776/1776/1496
f 1778/1778/1498 1794/1794/1512 1793/1793/1511 1777/1777/1497
f 1779/1779/1499 1795/1795/1513 1794/1794/1512 1778/1778/1498
f 1780/1780/1500 1796/1796/1514 1795/1795/1513 1779/1779/1499
f 1782/1781/1476 1798/1797/1476 1797/1798/1501 1781/1782/1501
f 1783/1783/1502 1799/1799/1502 1798/1797/1476 1782/1781/1476
f 1784/1784/1503 1800/1800/1503 1799/1799/1502 1783/1783/1502
f 1785/1785/1504 1801/1801/1515 1800/1800/1503 1784/1784/1503
f 1786/1786/1505 1802/1802/1505 1801/1801/1515 1785/1785/1504
f 1787/1787/1506 1803/1803/1516 1802/1802/1505 1786/1786/1505
f 1788/1788/1492 1804/1804/1517 1803/1803/1516 1787/1787/1506
f 1789/1789/1507 1805/1805/1518 1804/1804/1517 1788/1788/1492
f 1790/1790/1508 1806/1806/1519 1805/1805/1518 1789/1789/1507
f 1791/1791/1509 1807/1807/1520 1806/1806/1519 1790/1790/1508
f 1792/1792/1510 1808/1808/1521 1807/1807/1520 1791/1791/1509
f 1793/1793/1511 1809/1809/1522 1808/1808/1521 1792/1792/1510
f 1794/1794/1512 1810/1810/1523 1809/1809/1522 1793/1793/1511
f 1795/1795/1513 1811/1811/1524 1810/1810/1523 1794/1794/1512
f 1796/1796/1514 1812/1812/1525 1811/1811/1524 1795/1795/1513
f 1798/1797/1476 1814/1813/1526 1813/1814/1527 1797/1798/1501
f 1799/1799/1502 1815/1815/1502 1814/1813/1526 1798/1797/1476
f 1800/1800/1503 1816/1816/1528 1815/1815/1502 1799/1799/1502
f 1801/1801/1515 1817/1817/1529 1816/1816/1528 1800/1800/1503
f 1802/1802/1505 1818/1818/1530 1817/1817/1529 1801/1801/1515
f 1803/1803/1516 1819/1819/1531 1818/1818/1530 1802/1802/1505
f 1804/1804/1517 1820/1820/1532 1819/1819/1531 1803/1803/1516
f 1805/1805/1518 1821/1821/1533 1820/1820/1532 1804/1804/1517
f 1806/1806/1519 1822/1822/1534 1821/1821/1533 1805/1805/1518
f 1807/1807/1520 1823/1823/1535 1822/1822/1534 1806/1806/1519
f 1808/1808/1521 1824/1824/1536 1823/1823/1535 1807/1807/1520
f 1809/1809/1522 1825/1825/1537 1824/1824/1536 1808/1808/1521
f 1810/1810/1523 1826/1826/1538 1825/1825/1537 1809/1809/1522
f 1811/1811/1524 1827/1827/1539 1826/1826/1538 1810/1810/1523
f 1812/1812/1525 1828/1828/1540 1827/1827/1539 1811/1811/1524
f 1814/1813/1526 1830/1829/1541 1829/1830/1527 1813/1814/1527
f 1815/1815/1502 1831/1831/1542 1830/1829/1541 1814/1813/1526
f 1816/1816/1528 1832/1832/1528 1831/1831/1542 1815/1815/1502
f 1817/1817/1529 1833/1833/1529 1832/1832/1528 1816/1816/1528
f 1818/1818/1530 1834/1834/1543 1833/1833/1529 1817/1817/1529
f 1819/1819/1531 1835/1835/1544 1834/1834/1543 1818/1818/1530
f 1820/1820/1532 1836/1836/1545 1835/1835/1544 1819/1819/1531
f 1821/1821/1533 1837/1837/1546 1836/1836/1545 1820/1820/1532
f 1822/1822/1534 1838/1838/1547 1837/1837/1546 1821/1821/1533
f 1823/1823/1535 1839/1839/1548 1838/1838/1547 1822/1822/1534
f 1824/1824/1536 1840/1840/1549 1839/1839/1548 1823/1823/1535
f 1825/1825/1537 1841/1841/1550 1840/1840/1549 1824/1824/1536
f 1826/1826/1538 1842/1842/1551 1841/1841/1550 1825/1825/1537
f 1827/1827/1539 1843/1843/1552 1842/1842/1551 1826/1826/1538
f 1828/1828/1540 1844/1844/1553 1843/1843/1552 1827/1827/1539
f 1830/1829/1541 1846/1845/1541 1845/1846/1527 1829/1830/1527
f 1831/1831/1542 1847/1847/1542 1846/1845/1541 1830/1829/1541
f 1832/1832/1528 1848/1848/1554 1847/1847/1542 1831/1831/1542
f 1833/1833/1529 1849/1849/1555 1848/1848/1554 1832/1832/1528
f 1834/1834/1543 1850/1850/1556 1849/1849/1555 1833/1833/1529
f 1835/1835/1544 1851/1851/1557 1850/1850/1556 1834/1834/1543
f 1836/1836/1545 1852/1852/1558 1851/1851/1557 1835/1835/1544
f 1837/1837/1546 1853/1853/1559 1852/1852/1558 1836/1836/1545
f 1838/1838/1547 1854/1854/1560 1853/1853/1559 1837/1837/1546
f 1839/1839/1548 1855/1855/1561 1854/1854/1560 1838/1838/1547
f 1840/1840/1549 1856/1856/1562 1855/1855/1561 1839/1839/1548
f 1841/1841/1550 1857/1857/1563 1856/1856/1562 1840/1840/1549
f 1842/1842/1551 1858/1858/1564 1857/1857/1563 1841/1841/1550
f 1843/1843/1552 1859/1859/1565 1858/1858/1564 1842/1842/1551
f 1844/1844/1553 1860/1860/1566 1859/1859/1565 1843/1843/1552
f 1846/1845/1541 1862/1861/1541 1861/1862/1527 1845/1846/1527
f 1847/1847/1542 1863/1863/1567 1862/1861/1541 1846/1845/1541
f 1848/1848/1554 1864/1864/1568 1863/1863/1567 1847/1847/1542
f 1849/1849/1555 1865/1865/1569 1864/1864/1568 1848/1848/1554
f 1850/1850/1556 1866/1866/1570 1865/1865/1569 1849/1849/1555
f 1851/1851/1557 1867/1867/1571 1866/1866/1570 1850/1850/1556
f 1852/1852/1558 1868/1868/1572 1867/1867/1571 1851/1851/1557
f 1853/1853/1559 1869/1869/1573 1868/1868/1572 1852/1852/1558
f 1854/1854/1560 1870/1870/1574 1869/1869/1573 1853/1853/1559
f 1855/1855/1561 1871/1871/1575 1870/1870/1574 1854/1854/1560
f 1856/1856/1562 1872/1872/1576 1871/1871/1575 1855/1855/1561
f 1857/1857/1563 1873/1873/1577 1872/1872/1576 1856/1856/1562
f 1858/1858/1564 1874/1874/1578 1873/1873/1577 1857/1857/1563
f 1859/1859/1565 1875/1875/1579 1874/1874/1578 1858/1858/1564
f 1860/1860/1566 1876/1876/1580 1875/1875/1579 1859/1859/1565
f 1862/1861/1541 1878/1877/1541 1877/1878/1527 1861/1862/1527
f 1863/1863/1567 1879/1879/1567 1878/1877/1541 1862/1861/1541
f 1864/1864/1568 1880/1880/1581 1879/1879/1567 1863/1863/1567
f 1865/1865/1569 1881/1881/1582 1880/1880/1581 1864/1864/1568
f 1866/1866/1570 1882/1882/1583 1881/1881/1582 1865/1865/1569
f 1867/1867/1571 1883/1883/1584 1882/1882/1583 1866/1866/1570
f 1868/1868/1572 1884/1884/1585 1883/1883/1584 1867/1867/1571
f 1869/1869/1573 1885/1885/1586 1884/1884/1585 1868/1868/1572
f 1870/1870/1574 1886/1886/1587 1885/1885/1586 1869/1869/1573
f 1871/1871/1575 1887/1887/1588 1886/1886/1587 1870/1870/1574
f 1872/1872/1576 1888/1888/1589 1887/1887/1588 1871/1871/1575
f 1873/1873/1577 1889/1889/1590 1888/1888/1589 1872/1872/1576
f 1874/1874/1578 1890/1890/1591 1889/1889/1590 1873/1873/1577
f 1875/1875/1579 1891/1891/1592 1890/1890/1591 1874/1874/1578
f 1876/1876/1580 1892/1892/1593 1891/1891/1592 1875/1875/1579
f 1878/1877/1541 1894/1893/1541 1893/1894/1527 1877/1878/1527
f 1879/1879/1567 1895/1895/1594 1894/1893/1541 1878/1877/1541
f 1880/1880/1581 1896/1896/1595 1895/1895/1594 1879/1879/1567
f 1881/1881/1582 1897/1897/1596 1896/1896/1595 1880/1880/1581
f 1882/1882/1583 1898/1898/1597 1897/1897/1596 1881/1881/1582
f 1883/1883/1584 1899/1899/1598 1898/1898/1597 1882/1882/1583
f 1884/1884/1585 1900/1900/1585 1899/1899/1598 1883/1883/1584
f 1885/1885/1586 1901/1901/1599 1900/1900/1585 1884/1884/1585
f 1886/1886/1587 1902/1902/1600 1901/1901/1599 1885/1885/1586
f 1887/1887/1588 1903/1903/1601 1902/1902/1600 1886/1886/1587
f 1888/1888/1589 1904/1904/1602 1903/1903/1601 1887/1887/1588
f 1889/1889/1590 1905/1905/1603 1904/1904/1602 1888/1888/1589
f 1890/1890/1591 1906/1906/1604 1905/1905/1603 1889/1889/1590
f 1891/1891/1592 1907/1907/1605 1906/1906/1604 1890/1890/1591
f 1892/1892/1593 1908/1908/1606 1907/1907/1605 1891/1891/1592
f 1894/1893/1541 1910/1909/1541 1909/1910/1607 1893/1894/1527
f 1895/1895/1594 1911/1911/1608 1910/1909/1541 1894/1893/1541
f 1896/1896/1595 1912/1912/1595 1911/1911/1608 1895/1895/1594
f 1897/1897/1596 1913/1913/1596 1912/1912/1595 1896/1896/1595
f 1898/1898/1597 1914/1914/1609 1913/1913/1596 1897/1897/1596
f 1899/1899/1598 1915/1915/1610 1914/1914/1609 1898/1898/1597
f 1900/1900/1585 1916/1916/1611 1915/1915/1610 1899/1899/1598
f 1901/1901/1599 1917/1917/1612 1916/1916/1611 1900/1900/1585
f 1902/1902/1600 1918/1918/1613 1917/1917/1612 1901/1901/1599
f 1903/1903/1601 1919/1919/1614 1918/1918/1613 1902/1902/1600
f 1904/1904/1602 1920/1920/1615 1919/1919/1614 1903/1903/1601
f 1905/1905/1603 1921/1921/1616 1920/1920/1615 1904/1904/1602
f 1906/1906/1604 1922/1922/1617 1921/1921/1616 1905/1905/1603
f 1907/1907/1605 1923/1923/1618 1922/1922/1617 1906/1906/1604
f 1908/1908/1606 1924/1924/1619 1923/1923/1618 1907/1907/1605
f 1910/1909/1541 1926/1925/1620 1925/1926/1607 1909/1910/1607
f 1911/1911/1608 1927/1927/1608 1926/1925/1620 1910/1909/1541
f 1912/1912/1595 1928/1928/1621 1927/1927/1608 1911/1911/1608
f 1913/1913/1596 1929/1929/1622 1928/1928/1621 1912/1912/1595
f 1914/1914/1609 1930/1930/1623 1929/1929/1622 1913/1913/1596
f 1915/1915/1610 1931/1931/1624 1930/1930/1623 1914/1914/1609
f 1916/1916/1611 1932/1932/1625 1931/1931/1624 1915/1915/1610
f 1917/1917/1612 1933/1933/1626 1932/1932/1625 1916/1916/1611
f 1918/1918/1613 1934/1934/1627 1933/1933/1626 1917/1917/1612
f 1919/1919/1614 1935/1935/1628 1934/1934/1627 1918/1918/1613
f 1920/1920/1615 1936/1936/1629 1935/1935/1628 1919/1919/1614
f 1921/1921/1616 1937/1937/1630 1936/1936/1629 1920/1920/1615
f 1922/1922/1617 1938/1938/1631 1937/1937/1630 1921/1921/1616
f 1923/1923/1618 1939/1939/1632 1938/1938/1631 1922/1922/1617
f 1924/1924/1619 1940/1940/1633 1939/1939/1632 1923/1923/1618
f 1926/1925/1620 1942/1941/1620 1941/1942/1634 1925/1926/1607
f 1927/1927/1608 1943/1943/1635 1942/1941/1620 1926/1925/1620
f 1928/1928/1621 1944/1944/1621 1943/1943/1635 1927/1927/1608
f 1929/1929/1622 1945/1945/1622 1944/1944/1621 1928/1928/1621
f 1930/1930/1623 1946/1946/1636 1945/1945/1622 1929/1929/1622
f 1931/1931/1624 1947/1947/1637 1946/1946/1636 1930/1930/1623
f 1932/1932/1625 1948/1948/1638 1947/1947/1637 1931/1931/1624
f 1933/1933/1626 1949/1949/1639 1948/1948/1638 1932/1932/1625
f 1934/1934/1627 1950/1950/1640 1949/1949/1639 1933/1933/1626
f 1935/1935/1628 1951/1951/1641 1950/1950/1640 1934/1934/1627
f 1936/1936/1629 1952/1952/1642 1951/1951/1641 1935/1935/1628
f 1937/1937/1630 1953/1953/1643 1952/1952/1642 1936/1936/1629
f 1938/1938/1631 1954/1954/1644 1953/1953/1643 1937/1937/1630
f 1939/1939/1632 1955/1955/1645 1954/1954/1644 1938/1938/1631
f 1940/1940/1633 1956/1956/1646 1955/1955/1645 1939/1939/1632
f 1942/1941/1620 1958/1957/1620 1957/1958/1634 1941/1942/1634
f 1943/1943/1635 1959/1959/1647 1958/1957/1620 1942/1941/1620
f 1944/1944/1621 1960/1960/1648 1959/1959/1647 1943/1943/1635
f 1945/1945/1622 1961/1961/1649 1960/1960/1648 1944/1944/1621
f 1946/1946/1636 1962/1962/1650 1961/1961/1649 1945/1945/1622
f 1947/1947/1637 1963/1963/1651 1962/1962/1650 1946/1946/1636
f 1948/1948/1638 1964/1964/1638 1963/1963/1651 1947/1947/1637
f 1949/1949/1639 1965/1965/1652 1964/1964/1638 1948/1948/1638
f 1950/1950/1640 1966/1966/1653 1965/1965/1652 1949/1949/1639
f 1951/1951/1641 1967/1967/1654 1966/1966/1653 1950/1950/1640
f 1952/1952/1642 1968/1968/1655 1967/1967/1654 1951/1951/1641
f 1953/1953/1643 1969/1969/1656 1968/1968/1655 1952/1952/1642
f 1954/1954/1644 1970/1970/1657 1969/1969/1656 1953/1953/1643
f 1955/1955/1645 1971/1971/1658 1970/1970/1657 1954/1954/1644
f 1956/1956/1646 1972/1972/1659 1971/1971/1658 1955/1955/1645
f 1958/1957/1620 1974/1973/1620 1973/1974/1634 1957/1958/1634
f 1959/1959/1647 1975/1975/1647 1974/1973/1620 1958/1957/1620
f 1960/1960/1648 1976/1976/1660 1975/1975/1647 1959/1959/1647
f 1961/1961/1649 1977/1977/1661 1976/1976/1660 1960/1960/1648
f 1962/1962/1650 1978/1978/1662 1977/1977/1661 1961/1961/1649
f 1963/1963/1651 1979/1979/1663 1978/1978/1662 1962/1962/1650
f 1964/1964/1638 1980/1980/1664 1979/1979/1663 1963/1963/1651
f 1965/1965/1652 1981/1981/1665 1980/1980/1664 1964/1964/1638
f 1966/1966/1653 1982/1982/1666 1981/1981/1665 1965/1965/1652
f 1967/1967/1654 1983/1983/1667 1982/1982/1666 1966/1966/1653
f 1968/1968/1655 1984/1984/1668 1983/1983/1667 1967/1967/1654
f 1969/1969/1656 1985/1985/1669 1984/1984/1668 1968/1968/1655
f 1970/1970/1657 1986/1986/1670 1985/1985/1669 1969/1969/1656
f 1971/1971/1658 1987/1987/1671 1986/1986/1670 1970/1970/1657
f 1972/1972/1659 1988/1988/1672 1987/1987/1671 1971/1971/1658
f 1974/1973/1620 1990/1989/1620 1989/1990/1634 1973/1974/1634
f 1975/1975/1647 1991/1991/1673 1990/1989/1620 1974/1973/1620
f 1976/1976/1660 1992/1992/1674 1991/1991/1673 1975/1975/1647
f 1977/1977/1661 1993/1993/1675 1992/1992/1674 1976/1976/1660
f 1978/1978/1662 1994/1994/1676 1993/1993/1675 1977/1977/1661
f 1979/1979/1663 1995/1995/1677 1994/1994/1676 1978/1978/1662
f 1980/1980/1664 1996/1996/1678 1995/1995/1677 1979/1979/1663
f 1981/1981/1665 1997/1997/1679 1996/1996/1678 1980/1980/1664
f 1982/1982/1666 1998/1998/1680 1997/1997/1679 1981/1981/1665
f 1983/1983/1667 1999/1999/1681 1998/1998/1680 1982/1982/1666
f 1984/1984/1668 2000/2000/1682 1999/1999/1681 1983/1983/1667
f 1985/1985/1669 2001/2001/1683 2000/2000/1682 1984/1984/1668
f 1986/1986/1670 2002/2002/1684 2001/2001/1683 1985/1985/1669
f 1987/1987/1671 2003/2003/1685 2002/2002/1684 1986/1986/1670
f 1988/1988/1672 2004/2004/1686 2003/2003/1685 1987/1987/1671
f 1990/1989/1620 2006/2005/1620 2005/2006/1634 1989/1990/1634
f 1991/1991/1673 2007/2007/1673 2006/2005/1620 1990/1989/1620
f 1992/1992/1674 2008/2008/1687 2007/2007/1673 1991/1991/1673
f 1993/1993/1675 2009/2009/1688 2008/2008/1687 1992/1992/1674
f 1994/1994/1676 2010/2010/1689 2009/2009/1688 1993/1993/1675
f 1995/1995/1677 2011/2011/1690 2010/2010/1689 1994/1994/1676
f 1996/1996/1678 2012/2012/1691 2011/2011/1690 1995/1995/1677
f 1997/1997/1679 2013/2013/1692 2012/2012/1691 1996/1996/1678
f 1998/1998/1680 2014/2014/1693 2013/2013/1692 1997/1997/1679
f 1999/1999/1681 2015/2015/1694 2014/2014/1693 1998/1998/1680
f 2000/2000/1682 2016/2016/1695 2015/2015/1694 1999/1999/1681
f 2001/2001/1683 2017/2017/1696 2016/2016/1695 2000/2000/1682
f 2002/2002/1684 2018/2018/1697 2017/2017/1696 2001/2001/1683
f 2003/2003/1685 2019/2019/1698 2018/2018/1697 2002/2002/1684
f 2004/2004/1686 2020/2020/1699 2019/2019/1698 2003/2003/1685
f 2006/2005/1620 2022/2021/1700 2021/2022/1634 2005/2006/1634
f 2007/2007/1673 2023/2023/1701 2022/2021/1700 2006/2005/1620
f 2008/2008/1687 2024/2024/1687 2023/2023/1701 2007/2007/1673
f 2009/2009/1688 2025/2025/1688 2024/2024/1687 2008/2008/1687
f 2010/2010/1689 2026/2026/1702 2025/2025/1688 2009/2009/1688
f 2011/2011/1690 2027/2027/1703 2026/2026/1702 2010/2010/1689
f 2012/2012/1691 2028/2028/1704 2027/2027/1703 2011/2011/1690
f 2013/2013/1692 2029/2029/1705 2028/2028/1704 2012/2012/1691
f 2014/2014/1693 2030/2030/1706 2029/2029/1705 2013/2013/1692
f 2015/2015/1694 2031/2031/1707 2030/2030/1706 2014/2014/1693
f 2016/2016/1695 2032/2032/1708 2031/2031/1707 2015/2015/1694
f 2017/2017/1696 2033/2033/1709 2032/2032/1708 2016/2016/1695
f 2018/2018/1697 2034/2034/1710 2033/2033/1709 2017/2017/1696
f 2019/2019/1698 2035/2035/1711 2034/2034/1710 2018/2018/1697
f 2020/2020/1699 2036/2036/1712 2035/2035/1711 2019/2019/1698
f 2022/2021/1700 2038/2037/1713 2037/2038/1714 2021/2022/1634
f 2023/2023/1701 2039/2039/1701 2038/2037/1713 2022/2021/1700
f 2024/2024/1687 2040/2040/1715 2039/2039/1701 2023/2023/1701
f 2025/2025/1688 2041/2041/1716 2040/2040/1715 2024/2024/1687
f 2026/2026/1702 2042/2042/1717 2041/2041/1716 2025/2025/1688
f 2027/2027/1703 2043/2043/1718 2042/2042/1717 2026/2026/1702
f 2028/2028/1704 2044/2044/1719 2043/2043/1718 2027/2027/1703
f 2029/2029/1705 2045/2045/1720 2044/2044/1719 2028/2028/1704
f 2030/2030/1706 2046/2046/1721 2045/2045/1720 2029/2029/1705
f 2031/2031/1707 2047/2047/1722 2046/2046/1721 2030/2030/1706
f 2032/2032/1708 2048/2048/1723 2047/2047/1722 2031/2031/1707
f 2033/2033/1709 2049/2049/1724 2048/2048/1723 2032/2032/1708
f 2034/2034/1710 2050/2050/1725 2049/2049/1724 2033/2033/1709
f 2035/2035/1711 2051/2051/1726 2050/2050/1725 2034/2034/1710
f 2036/2036/1712 2052/2052/1727 2051/2051/1726 2035/2035/1711
f 2038/2037/1713 2054/2053/1713 2053/2054/1714 2037/2038/1714
f 2039/2039/1701 2055/2055/1701 2054/2053/1713 2038/2037/1713
f 2040/2040/1715 2056/2056/1715 2055/2055/1701 2039/2039/1701
f 2041/2041/1716 2057/2057/1728 2056/2056/1715 2040/2040/1715
f 2042/2042/1717 2058/2058/1717 2057/2057/1728 2041/2041/1716
f 2043/2043/1718 2059/2059/1729 2058/2058/1717 2042/2042/1717
f 2044/2044/1719 2060/2060/1730 2059/2059/1729 2043/2043/1718
f 2045/2045/1720 2061/2061/1731 2060/2060/1730 2044/2044/1719
f 2046/2046/1721 2062/2062/1732 2061/2061/1731 2045/2045/1720
f 2047/2047/1722 2063/2063/1733 2062/2062/1732 2046/2046/1721
f 2048/2048/1723 2064/2064/1734 2063/2063/1733 2047/2047/1722
f 2049/2049/1724 2065/2065/1735 2064/2064/1734 2048/2048/1723
f 2050/2050/1725 2066/2066/1736 2065/2065/1735 2049/2049/1724
f 2051/2051/1726 2067/2067/1737 2066/2066/1736 2050/2050/1725
f 2052/2052/1727 2068/2068/1738 2067/2067/1737 2051/2051/1726
f 2054/2053/1713 2070/2069/1713 2069/2070/1739 2053/2054/1714
f 2055/2055/1701 2071/2071/1740 2070/2069/1713 2054/2053/1713
f 2056/2056/1715 2072/2072/1741 2071/2071/1740 2055/2055/1701
f 2057/2057/1728 2073/2073/1742 2072/2072/1741 2056/2056/1715
f 2058/2058/1717 2074/2074/1743 2073/2073/1742 2057/2057/1728
f 2059/2059/1729 2075/2075/1744 2074/2074/1743 2058/2058/1717
f 2060/2060/1730 2076/2076/1730 2075/2075/1744 2059/2059/1729
f 2061/2061/1731 2077/2077/1745 2076/2076/1730 2060/2060/1730
f 2062/2062/1732 2078/2078/1746 2077/2077/1745 2061/2061/1731
f 2063/2063/1733 2079/2079/1747 2078/2078/1746 2062/2062/1732
f 2064/2064/1734 2080/2080/1748 2079/2079/1747 2063/2063/1733
f 2065/2065/1735 2081/2081/1749 2080/2080/1748 2064/2064/1734
f 2066/2066/1736 2082/2082/1750 2081/2081/1749 2065/2065/1735
f 2067/2067/1737 2083/2083/1751 2082/2082/1750 2066/2066/1736
f 2068/2068/1738 2084/2084/1752 2083/2083/1751 2067/2067/1737
f 2070/2069/1713 2086/2085/1713 2085/2086/1739 2069/2070/1739
f 2071/2071/1740 2087/2087/1740 2086/2085/1713 2070/2069/1713
f 2072/2072/1741 2088/2088/1741 2087/2087/1740 2071/2071/1740
f 2073/2073/1742 2089/2089/1753 2088/2088/1741 2072/2072/1741
f 2074/2074/1743 2090/2090/1754 2089/2089/1753 2073/2073/1742
f 2075/2075/1744 2091/2091/1755 2090/2090/1754 2074/2074/1743
f 2076/2076/1730 2092/2092/1756 2091/2091/1755 2075/2075/1744
f 2077/2077/1745 2093/2093/1757 2092/2092/1756 2076/2076/1730
f 2078/2078/1746 2094/2094/1758 2093/2093/1757 2077/2077/1745
f 2079/2079/1747 2095/2095/1759 2094/2094/1758 2078/2078/1746
f 2080/2080/1748 2096/2096/1760 2095/2095/1759 2079/2079/1747
f 2081/2081/1749 2097/2097/1761 2096/2096/1760 2080/2080/1748
f 2082/2082/1750 2098/2098/1762 2097/2097/1761 2081/2081/1749
f 2083/2083/1751 2099/2099/1763 2098/2098/1762 2082/2082/1750
f 2084/2084/1752 2100/2100/1764 2099/2099/1763 2083/2083/1751
f 2086/2085/1713 2102/2101/1765 2101/2102/1739 2085/2086/1739
f 2087/2087/1740 2103/2103/1740 2102/2101/1765 2086/2085/1713
f 2088/2088/1741 2104/2104/1766 2103/2103/1740 2087/2087/1740
f 2089/2089/1753 2105/2105/1753 2104/2104/1766 2088/2088/1741
f 2090/2090/1754 2106/2106/1767 2105/2105/1753 2089/2089/1753
f 2091/2091/1755 2107/2107/1768 2106/2106/1767 2090/2090/1754
f 2092/2092/1756 2108/2108/1769 2107/2107/1768 2091/2091/1755
f 2093/2093/1757 2109/2109/1770 2108/2108/1769 2092/2092/1756
f 2094/2094/1758 2110/2110/1771 2109/2109/1770 2093/2093/1757
f 2095/2095/1759 2111/2111/1772 2110/2110/1771 2094/2094/1758
f 2096/2096/1760 2112/2112/1773 2111/2111/1772 2095/2095/1759
f 2097/2097/1761 2113/2113/1774 2112/2112/1773 2096/2096/1760
f 2098/2098/1762 2114/2114/1775 2113/2113/1774 2097/2097/1761
f 2099/2099/1763 2115/2115/1776 2114/2114/1775 2098/2098/1762
f 2100/2100/1764 2116/2116/1777 2115/2115/1776 2099/2099/1763
f 2102/2101/1765 2118/2117/1778 2117/2118/1739 2101/2102/1739
f 2103/2103/1740 2119/2119/1779 2118/2117/1778 2102/2101/1765
f 2104/2104/1766 2120/2120/1780 2119/2119/1779 2103/2103/1740
f 2105/2105/1753 2121/2121/1781 2120/2120/1780 2104/2104/1766
f 2106/2106/1767 2122/2122/1782 2121/2121/1781 2105/2105/1753
f 2107/2107/1768 2123/2123/1783 2122/2122/1782 2106/2106/1767
f 2108/2108/1769 2124/2124/1784 2123/2123/1783 2107/2107/1768
f 2109/2109/1770 2125/2125/1785 2124/2124/1784 2108/2108/1769
f 2110/2110/1771 2126/2126/1786 2125/2125/1785 2109/2109/1770
f 2111/2111/1772 2127/2127/1787 2126/2126/1786 2110/2110/1771
f 2112/2112/1773 2128/2128/1788 2127/2127/1787 2111/2111/1772
f 2113/2113/1774 2129/2129/1789 2128/2128/1788 2112/2112/1773
f 2114/2114/1775 2130/2130/1790 2129/2129/1789 2113/2113/1774
f 2115/2115/1776 2131/2131/1791 2130/2130/1790 2114/2114/1775
f 2116/2116/1777 2132/2132/1792 2131/2131/1791 2115/2115/1776
f 2118/2117/1778 2134/2133/1778 2133/2134/1739 2117/2118/1739
f 2119/2119/1779 2135/2135/1779 2134/2133/1778 2118/2117/1778
f 2120/2120/1780 2136/2136/1793 2135/2135/1779 2119/2119/1779
f 2121/2121/1781 2137/2137/1781 2136/2136/1793 2120/2120/1780
f 2122/2122/1782 2138/2138/1794 2137/2137/1781 2121/2121/1781
f 2123/2123/1783 2139/2139/1795 2138/2138/1794 2122/2122/1782
f 2124/2124/1784 2140/2140/1796 2139/2139/1795 2123/2123/1783
f 2125/2125/1785 2141/2141/1797 2140/2140/1796 2124/2124/1784
f 2126/2126/1786 2142/2142/1798 2141/2141/1797 2125/2125/1785
f 2127/2127/1787 2143/2143/1799 2142/2142/1798 2126/2126/1786
f 2128/2128/1788 2144/2144/1800 2143/2143/1799 2127/2127/1787
f 2129/2129/1789 2145/2145/1801 2144/2144/1800 2128/2128/1788
f 2130/2130/1790 2146/2146/1802 2145/2145/1801 2129/2129/1789
f 2131/2131/1791 2147/2147/1803 2146/2146/1802 2130/2130/1790
f 2132/2132/1792 2148/2148/1804 2147/2147/1803 2131/2131/1791
f 2134/2133/1778 2150/2149/1805 2149/2150/1739 2133/2134/1739
f 2135/2135/1779 2151/2151/1779 2150/2149/1805 2134/2133/1778
f 2136/2136/1793 2152/2152/1806 2151/2151/1779 2135/2135/1779
f 2137/2137/1781 2153/2153/1807 2152/2152/1806 2136/2136/1793
f 2138/2138/1794 2154/2154/1808 2153/2153/1807 2137/2137/1781
f 2139/2139/1795 2155/2155/1809 2154/2154/1808 2138/2138/1794
f 2140/2140/1796 2156/2156/1810 2155/2155/1809 2139/2139/1795
f 2141/2141/1797 2157/2157/1811 2156/2156/1810 2140/2140/1796
f 2142/2142/1798 2158/2158/1812 2157/2157/1811 2141/2141/1797
f 2143/2143/1799 2159/2159/1813 2158/2158/1812 2142/2142/1798
f 2144/2144/1800 2160/2160/1814 2159/2159/1813 2143/2143/1799
f 2145/2145/1801 2161/2161/1815 2160/2160/1814 2144/2144/1800
f 2146/2146/1802 2162/2162/1816 2161/2161/1815 2145/2145/1801
f 2147/2147/1803 2163/2163/1817 2162/2162/1816 2146/2146/1802
f 2148/2148/1804 2164/2164/1818 2163/2163/1817 2147/2147/1803
f 2150/2149/1805 2166/2165/1805 2165/2166/1739 2149/2150/1739
f 2151/2151/1779 2167/2167/1819 2166/2165/1805 2150/2149/1805
f 2152/2152/1806 2168/2168/1806 2167/2167/1819 2151/2151/1779
f 2153/2153/1807 2169/2169/1820 2168/2168/1806 2152/2152/1806
f 2154/2154/1808 2170/2170/1821 2169/2169/1820 2153/2153/1807
f 2155/2155/1809 2171/2171/1822 2170/2170/1821 2154/2154/1808
f 2156/2156/1810 2172/2172/1823 2171/2171/1822 2155/2155/1809
f 2157/2157/1811 2173/2173/1824 2172/2172/1823 2156/2156/1810
f 2158/2158/1812 2174/2174/1825 2173/2173/1824 2157/2157/1811
f 2159/2159/1813 2175/2175/1826 2174/2174/1825 2158/2158/1812
f 2160/2160/1814 2176/2176/1827 2175/2175/1826 2159/2159/1813
f 2161/2161/1815 2177/2177/1828 2176/2176/1827 2160/2160/1814
f 2162/2162/1816 2178/2178/1829 2177/2177/1828 2161/2161/1815
f 2163/2163/1817 2179/2179/1830 2178/2178/1829 2162/2162/1816
f 2164/2164/1818 2180/2180/1831 2179/2179/1830 2163/2163/1817
f 2166/2165/1805 2182/2181/1832 2181/2182/1739 2165/2166/1739
f 2167/2167/1819 2183/2183/1819 2182/2181/1832 2166/2165/1805
f 2168/2168/1806 2184/2184/1833 2183/2183/1819 2167/2167/1819
f 2169/2169/1820 2185/2185/1820 2184/2184/1833 2168/2168/1806
f 2170/2170/1821 2186/2186/1834 2185/2185/1820 2169/2169/1820
f 2171/2171/1822 2187/2187/1835 2186/2186/1834 2170/2170/1821
f 2172/2172/1823 2188/2188/1836 2187/2187/1835 2171/2171/1822
f 2173/2173/1824 2189/2189/1837 2188/2188/1836 2172/2172/1823
f 2174/2174/1825 2190/2190/1838 2189/2189/1837 2173/2173/1824
f 2175/2175/1826 2191/2191/1839 2190/2190/1838 2174/2174/1825
f 2176/2176/1827 2192/2192/1840 2191/2191/1839 2175/2175/1826
f 2177/2177/1828 2193/2193/1841 2192/2192/1840 2176/2176/1827
f 2178/2178/1829 2194/2194/1842 2193/2193/1841 2177/2177/1828
f 2179/2179/1830 2195/2195/1843 2194/2194/1842 2178/2178/1829
f 2180/2180/1831 2196/2196/1844 2195/2195/1843 2179/2179/1830
f 2182/2181/1832 2198/2197/1832 2197/2198/1845 2181/2182/1739
f 2183/2183/1819 2199/2199/1819 2198/2197/1832 2182/2181/1832
f 2184/2184/1833 2200/2200/1846 2199/2199/1819 2183/2183/1819
f 2185/2185/1820 2201/2201/1847 2200/2200/1846 2184/2184/1833
f 2186/2186/1834 2202/2202/1848 2201/2201/1847 2185/2185/1820
f 2187/2187/1835 2203/2203/1849 2202/2202/1848 2186/2186/1834
f 2188/2188/1836 2204/2204/1850 2203/2203/1849 2187/2187/1835
f 2189/2189/1837 2205/2205/1851 2204/2204/1850 2188/2188/1836
f 2190/2190/1838 2206/2206/1852 2205/2205/1851 2189/2189/1837
f 2191/2191/1839 2207/2207/1853 2206/2206/1852 2190/2190/1838
f 2192/2192/1840 2208/2208/1854 2207/2207/1853 2191/2191/1839
f 2193/2193/1841 2209/2209/1855 2208/2208/1854 2192/2192/1840
f 2194/2194/1842 2210/2210/1856 2209/2209/1855 2193/2193/1841
f 2195/2195/1843 2211/2211/1857 2210/2210/1856 2194/2194/1842
f 2196/2196/1844 2212/2212/1858 2211/2211/1857 2195/2195/1843
f 2198/2197/1832 2214/2213/1859 2213/2214/1845 2197/2198/1845
f 2199/2199/1819 2215/2215/1860 2214/2213/1859 2198/2197/1832
f 2200/2200/1846 2216/2216/1861 2215/2215/1860 2199/2199/1819
f 2201/2201/1847 2217/2217/1862 2216/2216/1861 2200/2200/1846
f 2202/2202/1848 2218/2218/1863 2217/2217/1862 2201/2201/1847
f 2203/2203/1849 2219/2219/1864 2218/2218/1863 2202/2202/1848
f 2204/2204/1850 2220/2220/1865 2219/2219/1864 2203/2203/1849
f 2205/2205/1851 2221/2221/1866 2220/2220/1865 2204/2204/1850
f 2206/2206/1852 2222/2222/1867 2221/2221/1866 2205/2205/1851
f 2207/2207/1853 2223/2223/1868 2222/2222/1867 2206/2206/1852
f 2208/2208/1854 2224/2224/1869 2223/2223/1868 2207/2207/1853
f 2209/2209/1855 2225/2225/1870 2224/2224/1869 2208/2208/1854
f 2210/2210/1856 2226/2226/1871 2225/2225/1870 2209/2209/1855
f 2211/2211/1857 2227/2227/1872 2226/2226/1871 2210/2210/1856
f 2212/2212/1858 2228/2228/1873 2227/2227/1872 2211/2211/1857
f 2214/2213/1859 2230/2229/1859 2229/2230/1845 2213/2214/1845
f 2215/2215/1860 2231/2231/1874 2230/2229/1859 2214/2213/1859
f 2216/2216/1861 2232/2232/1875 2231/2231/1874 2215/2215/1860
f 2217/2217/1862 2233/2233/1876 2232/2232/1875 2216/2216/1861
f 2218/2218/1863 2234/2234/1877 2233/2233/1876 2217/2217/1862
f 2219/2219/1864 2235/2235/1878 2234/2234/1877 2218/2218/1863
f 2220/2220/1865 2236/2236/1879 2235/2235/1878 2219/2219/1864
f 2221/2221/1866 2237/2237/1880 2236/2236/1879 2220/2220/1865
f 2222/2222/1867 2238/2238/1881 2237/2237/1880 2221/2221/1866
f 2223/2223/1868 2239/2239/1882 2238/2238/1881 2222/2222/1867
f 2224/2224/1869 2240/2240/1883 2239/2239/1882 2223/2223/1868
f 2225/2225/1870 2241/2241/1884 2240/2240/1883 2224/2224/1869
f 2226/2226/1871 2242/2242/1885 2241/2241/1884 2225/2225/1870
f 2227/2227/1872 2243/2243/1886 2242/2242/1885 2226/2226/1871
f 2228/2228/1873 2244/2244/1887 2243/2243/1886 2227/2227/1872
f 2230/2229/1859 2246/2245/1859 2245/2246/1845 2229/2230/1845
f 2231/2231/1874 2247/2247/1888 2246/2245/1859 2230/2229/1859
f 2232/2232/1875 2248/2248/1889 2247/2247/1888 2231/2231/1874
f 2233/2233/1876 2249/2249/1890 2248/2248/1889 2232/2232/1875
f 2234/2234/1877 2250/2250/1891 2249/2249/1890 2233/2233/1876
f 2235/2235/1878 2251/2251/1892 2250/2250/1891 2234/2234/1877
f 2236/2236/1879 2252/2252/1893 2251/2251/1892 2235/2235/1878
f 2237/2237/1880 2253/2253/1894 2252/2252/1893 2236/2236/1879
f 2238/2238/1881 2254/2254/1895 2253/2253/1894 2237/2237/1880
f 2239/2239/1882 2255/2255/1896 2254/2254/1895 2238/2238/1881
f 2240/2240/1883 2256/2256/1897 2255/2255/1896 2239/2239/1882
f 2241/2241/1884 2257/2257/1898 2256/2256/1897 2240/2240/1883
f 2242/2242/1885 2258/2258/1899 2257/2257/1898 2241/2241/1884
f 2243/2243/1886 2259/2259/1900 2258/2258/1899 2242/2242/1885
f 2244/2244/1887 2260/2260/1901 2259/2259/1900 2243/2243/1886
f 2246/2245/1859 2262/2261/1859 2261/2262/1845 2245/2246/1845
f 2247/2247/1888 2263/2263/1888 2262/2261/1859 2246/2245/1859
f 2248/2248/1889 2264/2264/1889 2263/2263/1888 2247/2247/1888
f 2249/2249/1890 2265/2265/1902 2264/2264/1889 2248/2248/1889
f 2250/2250/1891 2266/2266/1903 2265/2265/1902 2249/2249/1890
f 2251/2251/1892 2267/2267/1904 2266/2266/1903 2250/2250/1891
f 2252/2252/1893 2268/2268/1905 2267/2267/1904 2251/2251/1892
f 2253/2253/1894 2269/2269/1906 2268/2268/1905 2252/2252/1893
f 2254/2254/1895 2270/2270/1907 2269/2269/1906 2253/2253/1894
f 2255/2255/1896 2271/2271/1908 2270/2270/1907 2254/2254/1895
f 2256/2256/1897 2272/2272/1909 2271/2271/1908 2255/2255/1896
f 2257/2257/1898 2273/2273/1910 2272/2272/1909 2256/2256/1897
f 2258/2258/1899 2274/2274/1911 2273/2273/1910 2257/2257/1898
f 2259/2259/1900 2275/2275/1912 2274/2274/1911 2258/2258/1899
f 2260/2260/1901 2276/2276/1913 2275/2275/1912 2259/2259/1900
f 2262/2261/1859 2278/2277/1859 2277/2278/1845 2261/2262/1845
f 2263/2263/1888 2279/2279/1914 2278/2277/1859 2262/2261/1859
f 2264/2264/1889 2280/2280/1915 2279/2279/1914 2263/2263/1888
f 2265/2265/1902 2281/2281/1902 2280/2280/1915 2264/2264/1889
f 2266/2266/1903 2282/2282/1916 2281/2281/1902 2265/2265/1902
f 2267/2267/1904 2283/2283/1917 2282/2282/1916 2266/2266/1903
f 2268/2268/1905 2284/2284/1918 2283/2283/1917 2267/2267/1904
f 2269/2269/1906 2285/2285/1919 2284/2284/1918 2268/2268/1905
f 2270/2270/1907 2286/2286/1920 2285/2285/1919 2269/2269/1906
f 2271/2271/1908 2287/2287/1921 2286/2286/1920 2270/2270/1907
f 2272/2272/1909 2288/2288/1922 2287/2287/1921 2271/2271/1908
f 2273/2273/1910 2289/2289/1923 2288/2288/1922 2272/2272/1909
f 2274/2274/1911 2290/2290/1924 2289/2289/1923 2273/2273/1910
f 2275/2275/1912 2291/2291/1925 2290/2290/1924 2274/2274/1911
f 2276/2276/1913 2292/2292/1926 2291/2291/1925 2275/2275/1912
f 2278/2277/1859 2294/2293/1927 2293/2294/1845 2277/2278/1845
f 2279/2279/1914 2295/2295/1928 2294/2293/1927 2278/2277/1859
f 2280/2280/1915 2296/2296/1929 2295/2295/1928 2279/2279/1914
f 2281/2281/1902 2297/2297/1930 2296/2296/1929 2280/2280/1915
f 2282/2282/1916 2298/2298/1931 2297/2297/1930 2281/2281/1902
f 2283/2283/1917 2299/2299/1932 2298/2298/1931 2282/2282/1916
f 2284/2284/1918 2300/2300/1933 2299/2299/1932 2283/2283/1917
f 2285/2285/1919 2301/2301/1934 2300/2300/1933 2284/2284/1918
f 2286/2286/1920 2302/2302/1935 2301/2301/1934 2285/2285/1919
f 2287/2287/1921 2303/2303/1936 2302/2302/1935 2286/2286/1920
f 2288/2288/1922 2304/2304/1937 2303/2303/1936 2287/2287/1921
f 2289/2289/1923 2305/2305/1938 2304/2304/1937 2288/2288/1922
f 2290/2290/1924 2306/2306/1939 2305/2305/1938 2289/2289/1923
f 2291/2291/1925 2307/2307/1940 2306/2306/1939 2290/2290/1924
f 2292/2292/1926 2308/2308/1941 2307/2307/1940 2291/2291/1925
o SurfPatch.003
v -80.861473 122.612038 240.505920
v -80.861458 99.651245 238.013885
v -80.861443 79.720161 233.877884
v -80.861458 62.603596 228.247162
v -80.861443 48.086464 221.270935
v -80.861458 35.953590 213.098419
v -80.861473 25.989864 203.878845
v -80.861443 17.980137 193.761459
v -80.861473 11.709273 182.895447
v -80.861473 6.962147 171.430069
v -80.861458 3.523617 159.514542
v -80.861458 1.178550 147.298080
v -80.861473 -0.288191 134.929901
v -80.861473 -1.091740 122.559273
v -80.861458 -1.447232 110.335388
v -80.861473 -1.569803 98.407478
v -73.840599 122.636322 240.505905
v -73.840569 99.676453 238.013870
v -73.840584 79.746147 233.877884
v -73.840569 62.630238 228.247162
v -73.840599 48.113628 221.270935
v -73.840569 35.981144 213.098419
v -73.840569 26.017668 203.878845
v -73.840569 18.008074 193.761459
v -73.840584 11.737211 182.895447
v -73.840569 6.989955 171.430069
v -73.840599 3.551167 159.514526
v -73.840569 1.205710 147.298080
v -73.840569 -0.261549 134.929916
v -73.840569 -1.065746 122.559280
v -73.840584 -1.422016 110.335396
v -73.840584 -1.545494 98.407494
v -66.819695 122.659569 240.505890
v -66.819710 99.700584 238.013870
v -66.819725 79.771004 233.877884
v -66.819679 62.655712 228.247162
v -66.819695 48.139603 221.270920
v -66.819695 36.007496 213.098419
v -66.819725 26.044268 203.878845
v -66.819710 18.034794 193.761459
v -66.819695 11.763937 182.895447
v -66.819725 7.016554 171.430069
v -66.819695 3.577518 159.514526
v -66.819695 1.231689 147.298080
v -66.819695 -0.236066 134.929916
v -66.819710 -1.040883 122.559280
v -66.819695 -1.397897 110.335411
v -66.819695 -1.522243 98.407494
v -59.798836 122.681763 240.505905
v -59.798836 99.723610 238.013870
v -59.798820 79.794746 233.877884
v -59.798820 62.680050 228.247162
v -59.798820 48.164398 221.270920
v -59.798851 36.032646 213.098419
v -59.798820 26.069662 203.878845
v -59.798836 18.060303 193.761459
v -59.798820 11.789446 182.895447
v -59.798851 7.041946 171.430069
v -59.798851 3.602672 159.514526
v -59.798820 1.256488 147.298080
v -59.798836 -0.211740 134.929916
v -59.798820 -1.017149 122.559280
v -59.798851 -1.374874 110.335396
v -59.798836 -1.500048 98.407478
v -52.777977 122.702927 240.505920
v -52.777977 99.745529 238.013885
v -52.777962 79.817329 233.877899
v -52.777962 62.703213 228.247162
v -52.777977 48.188019 221.270935
v -52.777962 36.056610 213.098419
v -52.777977 26.093845 203.878845
v -52.777946 18.084602 193.761444
v -52.777962 11.813743 182.895447
v -52.777962 7.066127 171.430069
v -52.777977 3.626629 159.514526
v -52.777946 1.280106 147.298065
v -52.777962 -0.188574 134.929916
v -52.777962 -0.994546 122.559273
v -52.777962 -1.352947 110.335396
v -52.777977 -1.478911 98.407478
v -45.757088 122.723000 240.505890
v -45.757088 99.766357 238.013870
v -45.757088 79.838821 233.877884
v -45.757072 62.725216 228.247162
v -45.757072 48.210453 221.270920
v -45.757088 36.079361 213.098434
v -45.757072 26.116817 203.878845
v -45.757088 18.107677 193.761444
v -45.757088 11.836818 182.895447
v -45.757088 7.089099 171.430069
v -45.757103 3.649385 159.514526
v -45.757072 1.302543 147.298065
v -45.757088 -0.166565 134.929916
v -45.757072 -0.973073 122.559280
v -45.757072 -1.332116 110.335396
v -45.757072 -1.458830 98.407494
v -38.736214 122.742012 240.505905
v -38.736214 99.786110 238.013855
v -38.736229 79.859154 233.877869
v -38.736214 62.746067 228.247162
v -38.736206 48.231716 221.270920
v -38.736214 36.100922 213.098419
v -38.736214 26.138577 203.878845
v -38.736191 18.129541 193.761459
v -38.736214 11.858685 182.895447
v -38.736214 7.110863 171.430084
v -38.736206 3.670946 159.514526
v -38.736206 1.323799 147.298065
v -38.736214 -0.145715 134.929916
v -38.736214 -0.952730 122.559280
v -38.736214 -1.312382 110.335396
v -38.736206 -1.439806 98.407494
v -31.715340 122.759987 240.505905
v -31.715340 99.804726 238.013870
v -31.715347 79.878395 233.877884
v -31.715340 62.765766 228.247162
v -31.715347 48.251789 221.270920
v -31.715355 36.121284 213.098419
v -31.715332 26.159134 203.878860
v -31.715347 18.150194 193.761459
v -31.715340 11.879335 182.895447
v -31.715340 7.131417 171.430069
v -31.715347 3.691309 159.514526
v -31.715317 1.343875 147.298065
v -31.715340 -0.126023 134.929901
v -31.715355 -0.933518 122.559265
v -31.715340 -1.293744 110.335403
v -31.715347 -1.421839 98.407494
v -24.694466 122.776901 240.505890
v -24.694458 99.822281 238.013855
v -24.694466 79.896454 233.877884
v -24.694443 62.784298 228.247162
v -24.694481 48.270683 221.270935
v -24.694481 36.140450 213.098419
v -24.694473 26.178478 203.878860
v -24.694443 18.169628 193.761444
v -24.694458 11.898770 182.895447
v -24.694458 7.150762 171.430069
v -24.694466 3.710473 159.514526
v -24.694458 1.362768 147.298065
v -24.694466 -0.107490 134.929901
v -24.694466 -0.915435 122.559280
v -24.694458 -1.276203 110.335396
v -24.694458 -1.404929 98.407494
v -17.673592 122.792763 240.505890
v -17.673576 99.838730 238.013870
v -17.673569 79.913406 233.877869
v -17.673569 62.801678 228.247162
v -17.673592 48.288395 221.270920
v -17.673592 36.158421 213.098419
v -17.673576 26.196613 203.878845
v -17.673561 18.187851 193.761444
v -17.673592 11.916990 182.895447
v -17.673592 7.168898 171.430069
v -17.673592 3.728441 159.514526
v -17.673576 1.380482 147.298080
v -17.673592 -0.090115 134.929901
v -17.673592 -0.898483 122.559280
v -17.673592 -1.259758 110.335396
v -17.673576 -1.389076 98.407478
v -10.652725 122.807541 240.505905
v -10.652733 99.854080 238.013885
v -10.652748 79.929245 233.877869
v -10.652718 62.817898 228.247162
v -10.652748 48.304932 221.270920
v -10.652733 36.175190 213.098419
v -10.652725 26.213541 203.878845
v -10.652725 18.204857 193.761444
v -10.652725 11.933998 182.895447
v -10.652725 7.185827 171.430069
v -10.652733 3.745209 159.514526
v -10.652718 1.397014 147.298065
v -10.652733 -0.073898 134.929901
v -10.652725 -0.882661 122.559265
v -10.652725 -1.244409 110.335396
v -10.652725 -1.374279 98.407478
v -3.631844 122.821281 240.505890
v -3.631851 99.868317 238.013870
v -3.631851 79.943916 233.877899
v -3.631828 62.832951 228.247162
v -3.631844 48.320278 221.270935
v -3.631851 36.190762 213.098419
v -3.631851 26.229258 203.878845
v -3.631821 18.220650 193.761444
v -3.631844 11.949786 182.895447
v -3.631844 7.201543 171.430069
v -3.631844 3.760781 159.514526
v -3.631844 1.412365 147.298065
v -3.631844 -0.058840 134.929901
v -3.631844 -0.867968 122.559280
v -3.631844 -1.230157 110.335403
v -3.631844 -1.360540 98.407478
v 3.389030 122.833961 240.505890
v 3.389038 99.881462 238.013855
v 3.389038 79.957497 233.877884
v 3.389038 62.846844 228.247162
v 3.389030 48.334446 221.270920
v 3.389038 36.205135 213.098419
v 3.389030 26.243767 203.878845
v 3.389030 18.235222 193.761459
v 3.389038 11.964364 182.895447
v 3.389038 7.216052 171.430069
v 3.389046 3.775155 159.514526
v 3.389030 1.426536 147.298065
v 3.389046 -0.044940 134.929916
v 3.389038 -0.854407 122.559280
v 3.389046 -1.217001 110.335403
v 3.389038 -1.347857 98.407494
v 10.409904 122.845596 240.505890
v 10.409912 99.893539 238.013885
v 10.409904 79.969910 233.877884
v 10.409912 62.859585 228.247162
v 10.409920 48.347443 221.270935
v 10.409920 36.218311 213.098419
v 10.409904 26.257067 203.878845
v 10.409920 18.248590 193.761459
v 10.409912 11.977726 182.895447
v 10.409912 7.229352 171.430069
v 10.409904 3.788332 159.514526
v 10.409889 1.439526 147.298065
v 10.409904 -0.032197 134.929901
v 10.409904 -0.841975 122.559280
v 10.409904 -1.204941 110.335388
v 10.409904 -1.336232 98.407471
v 17.430794 122.856163 240.505890
v 17.430779 99.904503 238.013885
v 17.430786 79.981209 233.877884
v 17.430771 62.871174 228.247162
v 17.430779 48.359245 221.270935
v 17.430779 36.230289 213.098419
v 17.430779 26.269156 203.878845
v 17.430786 18.260731 193.761459
v 17.430786 11.989873 182.895447
v 17.430786 7.241443 171.430069
v 17.430779 3.800310 159.514526
v 17.430794 1.451334 147.298065
v 17.430794 -0.020614 134.929901
v 17.430779 -0.830673 122.559280
v 17.430794 -1.193978 110.335381
v 17.430779 -1.325663 98.407471
v 24.451653 122.865662 240.505890
v 24.451660 99.914368 238.013855
v 24.451649 79.991386 233.877869
v 24.451664 62.881603 228.247147
v 24.451660 48.369881 221.270935
v 24.451649 36.241062 213.098419
v 24.451649 26.280039 203.878845
v 24.451660 18.271666 193.761444
v 24.451649 12.000805 182.895447
v 24.451645 7.252323 171.430069
v 24.451649 3.811089 159.514542
v 24.451656 1.461963 147.298080
v 24.451653 -0.010189 134.929901
v 24.451653 -0.820502 122.559280
v 24.451641 -1.184111 110.335396
v 24.451645 -1.316151 98.407486
v 31.472549 122.874138 240.505905
v 31.472538 99.923157 238.013855
v 31.472534 80.000427 233.877884
v 31.472534 62.890865 228.247162
v 31.472530 48.379318 221.270920
v 31.472530 36.250652 213.098419
v 31.472530 26.289711 203.878845
v 31.472534 18.281382 193.761459
v 31.472534 12.010524 182.895447
v 31.472538 7.261997 171.430069
v 31.472534 3.820671 159.514542
v 31.472546 1.471409 147.298065
v 31.472534 -0.000923 134.929901
v 31.472530 -0.811461 122.559280
v 31.472527 -1.175340 110.335388
v 31.472534 -1.307696 98.407486
v 38.493412 122.881538 240.505905
v 38.493408 99.930817 238.013855
v 38.493404 80.008347 233.877884
v 38.493412 62.898968 228.247162
v 38.493408 48.387585 221.270935
v 38.493408 36.259029 213.098419
v 38.493412 26.298172 203.878845
v 38.493401 18.289885 193.761444
v 38.493412 12.019027 182.895432
v 38.493404 7.270460 171.430069
v 38.493401 3.829055 159.514526
v 38.493408 1.479676 147.298065
v 38.493389 0.007186 134.929901
v 38.493404 -0.803550 122.559280
v 38.493389 -1.167666 110.335388
v 38.493404 -1.300298 98.407471
v 45.514286 122.887886 240.505905
v 45.514278 99.937401 238.013870
v 45.514282 80.015114 233.877884
v 45.514275 62.905933 228.247162
v 45.514278 48.394676 221.270920
v 45.514286 36.266216 213.098419
v 45.514282 26.305428 203.878845
v 45.514282 18.297174 193.761444
v 45.514282 12.026314 182.895447
v 45.514275 7.277714 171.430069
v 45.514278 3.836242 159.514526
v 45.514282 1.486761 147.298065
v 45.514275 0.014136 134.929901
v 45.514278 -0.796769 122.559273
v 45.514278 -1.161088 110.335388
v 45.514275 -1.293957 98.407471
v 52.535156 122.893166 240.505905
v 52.535145 99.942871 238.013870
v 52.535149 80.020767 233.877884
v 52.535156 62.911724 228.247162
v 52.535156 48.400578 221.270920
v 52.535152 36.272217 213.098419
v 52.535141 26.311480 203.878845
v 52.535145 18.303247 193.761444
v 52.535149 12.032388 182.895447
v 52.535137 7.283761 171.430054
v 52.535145 3.842232 159.514526
v 52.535149 1.492665 147.298065
v 52.535141 0.019928 134.929901
v 52.535149 -0.791118 122.559265
v 52.535149 -1.155607 110.335388
v 52.535141 -1.288673 98.407471
v 59.556038 122.897392 240.505905
v 59.556046 99.947258 238.013855
v 59.556038 80.025299 233.877884
v 59.556038 62.916348 228.247162
v 59.556038 48.405308 221.270920
v 59.556046 36.276997 213.098419
v 59.556042 26.316309 203.878845
v 59.556046 18.308105 193.761444
v 59.556042 12.037245 182.895447
v 59.556046 7.288596 171.430069
v 59.556034 3.847023 159.514526
v 59.556034 1.497388 147.298065
v 59.556034 0.024560 134.929901
v 59.556038 -0.786598 122.559273
v 59.556034 -1.151221 110.335403
v 59.556030 -1.284445 98.407471
v 66.576897 122.900551 240.505890
v 66.576904 99.950546 238.013870
v 66.576904 80.028671 233.877869
v 66.576904 62.919819 228.247162
v 66.576897 48.408848 221.270935
v 66.576904 36.280594 213.098419
v 66.576897 26.319935 203.878845
v 66.576904 18.311747 193.761459
v 66.576904 12.040890 182.895447
v 66.576897 7.292223 171.430069
v 66.576897 3.850616 159.514526
v 66.576897 1.500931 147.298065
v 66.576897 0.028036 134.929901
v 66.576897 -0.783208 122.559273
v 66.576889 -1.147932 110.335388
v 66.576889 -1.281275 98.407471
v 73.597771 122.902664 240.505890
v 73.597763 99.952744 238.013870
v 73.597771 80.030945 233.877869
v 73.597771 62.922131 228.247162
v 73.597771 48.411201 221.270920
v 73.597771 36.282986 213.098419
v 73.597771 26.322353 203.878845
v 73.597763 18.314178 193.761444
v 73.597763 12.043321 182.895447
v 73.597771 7.294640 171.430054
v 73.597771 3.853011 159.514526
v 73.597771 1.503293 147.298065
v 73.597763 0.030352 134.929901
v 73.597763 -0.780947 122.559265
v 73.597755 -1.145740 110.335388
v 73.597755 -1.279161 98.407486
v 80.618645 122.903725 240.505890
v 80.618645 99.953842 238.013870
v 80.618645 80.032066 233.877884
v 80.618645 62.923298 228.247162
v 80.618645 48.412392 221.270920
v 80.618645 36.284184 213.098419
v 80.618645 26.323563 203.878845
v 80.618637 18.315393 193.761444
v 80.618645 12.044533 182.895447
v 80.618645 7.295850 171.430069
v 80.618637 3.854208 159.514526
v 80.618645 1.504474 147.298065
v 80.618637 0.031510 134.929901
v 80.618645 -0.779817 122.559280
v 80.618637 -1.144644 110.335388
v 80.618645 -1.278104 98.407471
v 87.639526 122.903732 240.505890
v 87.639526 99.953827 238.013855
v 87.639526 80.032074 233.877884
v 87.639526 62.923298 228.247162
v 87.639526 48.412392 221.270920
v 87.639519 36.284187 213.098419
v 87.639534 26.323565 203.878830
v 87.639519 18.315390 193.761444
v 87.639526 12.044532 182.895432
v 87.639526 7.295848 171.430069
v 87.639526 3.854208 159.514526
v 87.639526 1.504473 147.298065
v 87.639526 0.031510 134.929901
v 87.639526 -0.779817 122.559273
v 87.639519 -1.144644 110.335396
v 87.639526 -1.278104 98.407471
v 94.660408 122.902657 240.505890
v 94.660400 99.952728 238.013870
v 94.660408 80.030937 233.877869
v 94.660400 62.922131 228.247162
v 94.660400 48.411201 221.270920
v 94.660408 36.282982 213.098419
v 94.660408 26.322355 203.878845
v 94.660400 18.314177 193.761444
v 94.660400 12.043320 182.895447
v 94.660400 7.294640 171.430069
v 94.660400 3.853010 159.514526
v 94.660400 1.503292 147.298065
v 94.660400 0.030351 134.929901
v 94.660400 -0.780948 122.559273
v 94.660400 -1.145740 110.335388
v 94.660400 -1.279161 98.407471
v 101.681290 122.900566 240.505905
v 101.681274 99.950554 238.013870
v 101.681282 80.028671 233.877869
v 101.681290 62.919819 228.247162
v 101.681290 48.408840 221.270920
v 101.681282 36.280598 213.098419
v 101.681282 26.319939 203.878845
v 101.681282 18.311749 193.761444
v 101.681274 12.040891 182.895432
v 101.681282 7.292222 171.430054
v 101.681282 3.850615 159.514526
v 101.681274 1.500930 147.298065
v 101.681282 0.028035 134.929901
v 101.681282 -0.783208 122.559273
v 101.681274 -1.147933 110.335388
v 101.681274 -1.281275 98.407486
v 108.702148 122.897392 240.505890
v 108.702148 99.947258 238.013870
v 108.702148 80.025291 233.877884
v 108.702148 62.916348 228.247147
v 108.702148 48.405304 221.270920
v 108.702148 36.276997 213.098419
v 108.702148 26.316313 203.878845
v 108.702148 18.308105 193.761444
v 108.702148 12.037244 182.895432
v 108.702148 7.288595 171.430054
v 108.702148 3.847020 159.514526
v 108.702141 1.497387 147.298065
v 108.702141 0.024559 134.929901
v 108.702148 -0.786599 122.559273
v 108.702133 -1.151222 110.335381
v 108.702141 -1.284446 98.407486
v 115.723030 122.893158 240.505905
v 115.723038 99.942871 238.013855
v 115.723038 80.020767 233.877869
v 115.723038 62.911716 228.247162
v 115.723038 48.400578 221.270935
v 115.723038 36.272213 213.098419
v 115.723030 26.311474 203.878845
v 115.723030 18.303244 193.761444
v 115.723030 12.032386 182.895432
v 115.723038 7.283759 171.430054
v 115.723030 3.842230 159.514526
v 115.723022 1.492664 147.298065
v 115.723030 0.019926 134.929901
v 115.723030 -0.791120 122.559265
v 115.723038 -1.155608 110.335388
v 115.723022 -1.288674 98.407486
v 122.743896 122.887856 240.505890
v 122.743896 99.937386 238.013870
v 122.743889 80.015114 233.877884
v 122.743889 62.905926 228.247162
v 122.743889 48.394676 221.270920
v 122.743896 36.266212 213.098419
v 122.743896 26.305426 203.878845
v 122.743896 18.297171 193.761444
v 122.743889 12.026311 182.895432
v 122.743896 7.277712 171.430069
v 122.743889 3.836240 159.514526
v 122.743896 1.486759 147.298065
v 122.743881 0.014134 134.929901
v 122.743881 -0.796771 122.559280
v 122.743881 -1.161090 110.335388
v 122.743881 -1.293958 98.407486
v 129.764771 122.881531 240.505890
v 129.764786 99.930817 238.013855
v 129.764786 80.008339 233.877869
v 129.764771 62.898975 228.247162
v 129.764771 48.387585 221.270935
v 129.764771 36.259029 213.098404
v 129.764786 26.298174 203.878845
v 129.764771 18.289885 193.761444
v 129.764771 12.019024 182.895432
v 129.764771 7.270459 171.430069
v 129.764771 3.829054 159.514526
v 129.764771 1.479674 147.298065
v 129.764771 0.007184 134.929901
v 129.764771 -0.803552 122.559265
v 129.764771 -1.167668 110.335388
v 129.764771 -1.300300 98.407471
v 136.785645 122.874115 240.505890
v 136.785645 99.923141 238.013870
v 136.785660 80.000435 233.877869
v 136.785645 62.890865 228.247162
v 136.785645 48.379318 221.270935
v 136.785645 36.250652 213.098419
v 136.785645 26.289709 203.878845
v 136.785645 18.281380 193.761444
v 136.785645 12.010519 182.895432
v 136.785645 7.261994 171.430054
v 136.785645 3.820668 159.514526
v 136.785645 1.471408 147.298065
v 136.785645 -0.000925 134.929901
v 136.785629 -0.811463 122.559265
v 136.785645 -1.175342 110.335388
v 136.785645 -1.307698 98.407471
v 143.806519 122.865669 240.505890
v 143.806519 99.914368 238.013855
v 143.806534 79.991402 233.877869
v 143.806519 62.881596 228.247147
v 143.806519 48.369873 221.270920
v 143.806519 36.241058 213.098419
v 143.806519 26.280035 203.878845
v 143.806519 18.271664 193.761444
v 143.806519 12.000804 182.895447
v 143.806519 7.252322 171.430069
v 143.806519 3.811086 159.514526
v 143.806519 1.461960 147.298065
v 143.806519 -0.010192 134.929901
v 143.806519 -0.820505 122.559265
v 143.806519 -1.184113 110.335381
v 143.806519 -1.316154 98.407486
v 150.827393 122.856155 240.505890
v 150.827393 99.904488 238.013870
v 150.827393 79.981201 233.877869
v 150.827393 62.871166 228.247147
v 150.827393 48.359241 221.270920
v 150.827393 36.230278 213.098404
v 150.827393 26.269150 203.878845
v 150.827393 18.260729 193.761444
v 150.827393 11.989870 182.895432
v 150.827393 7.241439 171.430069
v 150.827393 3.800306 159.514526
v 150.827377 1.451331 147.298065
v 150.827393 -0.020617 134.929901
v 150.827393 -0.830676 122.559273
v 150.827393 -1.193981 110.335396
v 150.827393 -1.325666 98.407486
v 157.848267 122.845589 240.505905
v 157.848267 99.893524 238.013855
v 157.848267 79.969910 233.877869
v 157.848267 62.859577 228.247131
v 157.848267 48.347431 221.270905
v 157.848267 36.218307 213.098419
v 157.848267 26.257067 203.878845
v 157.848267 18.248579 193.761444
v 157.848267 11.977721 182.895447
v 157.848282 7.229349 171.430054
v 157.848267 3.788328 159.514526
v 157.848267 1.439523 147.298065
v 157.848267 -0.032201 134.929901
v 157.848267 -0.841978 122.559273
v 157.848267 -1.204944 110.335396
v 157.848267 -1.336235 98.407486
v 164.869141 122.833961 240.505890
v 164.869141 99.881462 238.013855
v 164.869141 79.957489 233.877869
v 164.869141 62.846844 228.247147
v 164.869141 48.334442 221.270920
v 164.869141 36.205124 213.098404
v 164.869141 26.243761 203.878845
v 164.869141 18.235222 193.761444
v 164.869141 11.964358 182.895432
v 164.869141 7.216049 171.430054
v 164.869141 3.775151 159.514526
v 164.869141 1.426532 147.298065
v 164.869141 -0.044943 134.929901
v 164.869141 -0.854410 122.559265
v 164.869141 -1.217004 110.335388
v 164.869141 -1.347861 98.407471
v 171.890015 122.821274 240.505890
v 171.890015 99.868317 238.013855
v 171.890015 79.943916 233.877869
v 171.890015 62.832943 228.247147
v 171.890015 48.320278 221.270920
v 171.890015 36.190754 213.098404
v 171.890015 26.229254 203.878845
v 171.890015 18.220644 193.761444
v 171.890015 11.949783 182.895432
v 171.890015 7.201540 171.430054
v 171.890015 3.760778 159.514526
v 171.890015 1.412362 147.298065
v 171.890015 -0.058843 134.929901
v 171.890015 -0.867972 122.559265
v 171.890015 -1.230160 110.335381
v 171.890015 -1.360543 98.407463
v 178.910889 122.807541 240.505905
v 178.910889 99.854073 238.013855
v 178.910889 79.929214 233.877869
v 178.910889 62.817883 228.247147
v 178.910889 48.304920 221.270920
v 178.910889 36.175182 213.098419
v 178.910889 26.213537 203.878845
v 178.910889 18.204853 193.761444
v 178.910889 11.933990 182.895432
v 178.910889 7.185820 171.430069
v 178.910889 3.745206 159.514526
v 178.910889 1.397010 147.298065
v 178.910889 -0.073902 134.929901
v 178.910889 -0.882665 122.559273
v 178.910889 -1.244413 110.335388
v 178.910889 -1.374283 98.407486
v 185.931763 122.792747 240.505890
v 185.931763 99.838715 238.013870
v 185.931763 79.913399 233.877869
v 185.931732 62.801670 228.247131
v 185.931763 48.288395 221.270920
v 185.931763 36.158417 213.098419
v 185.931763 26.196609 203.878845
v 185.931732 18.187847 193.761444
v 185.931763 11.916984 182.895432
v 185.931763 7.168894 171.430054
v 185.931763 3.728436 159.514526
v 185.931763 1.380477 147.298065
v 185.931763 -0.090119 134.929901
v 185.931732 -0.898487 122.559280
v 185.931763 -1.259762 110.335381
v 185.931763 -1.389080 98.407463
v 192.952637 122.776894 240.505890
v 192.952637 99.822273 238.013855
v 192.952637 79.896454 233.877884
v 192.952637 62.784290 228.247147
v 192.952667 48.270679 221.270935
v 192.952667 36.140450 213.098419
v 192.952637 26.178474 203.878845
v 192.952637 18.169628 193.761444
v 192.952637 11.898765 182.895432
v 192.952637 7.150757 171.430054
v 192.952637 3.710469 159.514526
v 192.952637 1.362764 147.298065
v 192.952637 -0.107494 134.929901
v 192.952637 -0.915440 122.559280
v 192.952637 -1.276207 110.335381
v 192.952637 -1.404933 98.407478
v 199.973511 122.759987 240.505890
v 199.973511 99.804718 238.013855
v 199.973511 79.878380 233.877869
v 199.973511 62.765759 228.247147
v 199.973511 48.251781 221.270920
v 199.973511 36.121284 213.098419
v 199.973511 26.159126 203.878845
v 199.973511 18.150187 193.761444
v 199.973511 11.879329 182.895432
v 199.973511 7.131413 171.430054
v 199.973511 3.691305 159.514526
v 199.973511 1.343869 147.298065
v 199.973511 -0.126028 134.929901
v 199.973511 -0.933522 122.559273
v 199.973511 -1.293749 110.335381
v 199.973541 -1.421844 98.407478
v 206.994385 122.742012 240.505890
v 206.994385 99.786095 238.013855
v 206.994385 79.859161 233.877869
v 206.994385 62.746067 228.247162
v 206.994385 48.231709 221.270920
v 206.994385 36.100922 213.098419
v 206.994385 26.138575 203.878845
v 206.994385 18.129538 193.761444
v 206.994385 11.858680 182.895432
v 206.994385 7.110857 171.430054
v 206.994385 3.670941 159.514526
v 206.994385 1.323794 147.298065
v 206.994385 -0.145720 134.929901
v 206.994385 -0.952735 122.559273
v 206.994385 -1.312387 110.335381
v 206.994385 -1.439811 98.407478
v 214.015259 122.722992 240.505890
v 214.015259 99.766365 238.013870
v 214.015259 79.838814 233.877869
v 214.015259 62.725224 228.247147
v 214.015259 48.210449 221.270905
v 214.015259 36.079369 213.098404
v 214.015289 26.116806 203.878845
v 214.015259 18.107672 193.761444
v 214.015259 11.836813 182.895432
v 214.015289 7.089093 171.430054
v 214.015259 3.649380 159.514526
v 214.015228 1.302537 147.298065
v 214.015259 -0.166571 134.929901
v 214.015259 -0.973079 122.559273
v 214.015259 -1.332121 110.335381
v 214.015259 -1.458835 98.407478
v 221.036133 122.702904 240.505890
v 221.036133 99.745522 238.013855
v 221.036133 79.817345 233.877869
v 221.036133 62.703205 228.247147
v 221.036133 48.188011 221.270905
v 221.036133 36.056599 213.098404
v 221.036133 26.093834 203.878845
v 221.036102 18.084595 193.761444
v 221.036133 11.813732 182.895432
v 221.036133 7.066121 171.430054
v 221.036133 3.626622 159.514526
v 221.036133 1.280100 147.298065
v 221.036133 -0.188579 134.929901
v 221.036133 -0.994552 122.559258
v 221.036133 -1.352952 110.335381
v 221.036133 -1.478916 98.407478
v 228.057007 122.681763 240.505890
v 228.057007 99.723602 238.013855
v 228.057007 79.794731 233.877869
v 228.057007 62.680042 228.247162
v 228.057007 48.164394 221.270920
v 228.057007 36.032642 213.098404
v 228.057007 26.069656 203.878845
v 228.057007 18.060297 193.761429
v 228.057007 11.789439 182.895432
v 228.057007 7.041940 171.430054
v 228.057007 3.602665 159.514526
v 228.057007 1.256482 147.298065
v 228.057007 -0.211747 134.929901
v 228.057007 -1.017155 122.559265
v 228.057007 -1.374879 110.335381
v 228.057007 -1.500054 98.407486
v 235.077881 122.659576 240.505890
v 235.077881 99.700577 238.013855
v 235.077881 79.770988 233.877869
v 235.077850 62.655704 228.247147
v 235.077881 48.139595 221.270920
v 235.077850 36.007492 213.098404
v 235.077881 26.044260 203.878845
v 235.077881 18.034792 193.761444
v 235.077881 11.763929 182.895432
v 235.077881 7.016548 171.430054
v 235.077881 3.577512 159.514526
v 235.077850 1.231683 147.298065
v 235.077881 -0.236072 134.929901
v 235.077881 -1.040889 122.559265
v 235.077850 -1.397903 110.335381
v 235.077881 -1.522249 98.407478
v 242.098755 122.636322 240.505890
v 242.098755 99.676453 238.013855
v 242.098755 79.746140 233.877869
v 242.098755 62.630230 228.247162
v 242.098785 48.113613 221.270920
v 242.098755 35.981140 213.098404
v 242.098755 26.017664 203.878830
v 242.098755 18.008066 193.761444
v 242.098755 11.737206 182.895432
v 242.098755 6.989948 171.430054
v 242.098755 3.551160 159.514526
v 242.098755 1.205703 147.298050
v 242.098755 -0.261556 134.929901
v 242.098755 -1.065753 122.559265
v 242.098755 -1.422022 110.335388
v 242.098755 -1.545500 98.407463
v 249.119537 122.612015 240.505890
v 249.119537 99.651230 238.013870
v 249.119537 79.720154 233.877869
v 249.119537 62.603596 228.247147
v 249.119537 48.086464 221.270905
v 249.119568 35.953590 213.098419
v 249.119537 25.989857 203.878830
v 249.119568 17.980129 193.761444
v 249.119537 11.709268 182.895432
v 249.119568 6.962141 171.430069
v 249.119537 3.523610 159.514526
v 249.119537 1.178543 147.298065
v 249.119568 -0.288198 134.929901
v 249.119537 -1.091747 122.559265
v 249.119537 -1.447238 110.335381
v 249.119537 -1.569809 98.407463
vt 0.000000 0.066667
vt 0.000000 0.000000
vt 0.021277 0.000000
vt 0.021277 0.066667
vt 0.000000 0.133333
vt 0.021277 0.133333
vt 0.000000 0.200000
vt 0.021277 0.200000
vt 0.000000 0.266667
vt 0.021277 0.266667
vt 0.000000 0.333333
vt 0.021277 0.333333
vt 0.000000 0.400000
vt 0.021277 0.400000
vt 0.000000 0.466667
vt 0.021277 0.466667
vt 0.000000 0.533333
vt 0.021277 0.533333
vt 0.000000 0.600000
vt 0.021277 0.600000
vt 0.000000 0.666667
vt 0.021277 0.666667
vt 0.000000 0.733333
vt 0.021277 0.733333
vt 0.000000 0.800000
vt 0.021277 0.800000
vt 0.000000 0.866667
vt 0.021277 0.866667
vt 0.000000 0.933333
vt 0.021277 0.933333
vt 0.000000 1.000000
vt 0.021277 1.000000
vt 0.042553 0.000000
vt 0.042553 0.066667
vt 0.042553 0.133333
vt 0.042553 0.200000
vt 0.042553 0.266667
vt 0.042553 0.333333
vt 0.042553 0.400000
vt 0.042553 0.466667
vt 0.042553 0.533333
vt 0.042553 0.600000
vt 0.042553 0.666667
vt 0.042553 0.733333
vt 0.042553 0.800000
vt 0.042553 0.866667
vt 0.042553 0.933333
vt 0.042553 1.000000
vt 0.063830 0.000000
vt 0.063830 0.066667
vt 0.063830 0.133333
vt 0.063830 0.200000
vt 0.063830 0.266667
vt 0.063830 0.333333
vt 0.063830 0.400000
vt 0.063830 0.466667
vt 0.063830 0.533333
vt 0.063830 0.600000
vt 0.063830 0.666667
vt 0.063830 0.733333
vt 0.063830 0.800000
vt 0.063830 0.866667
vt 0.063830 0.933333
vt 0.063830 1.000000
vt 0.085106 0.000000
vt 0.085106 0.066667
vt 0.085106 0.133333
vt 0.085106 0.200000
vt 0.085106 0.266667
vt 0.085106 0.333333
vt 0.085106 0.400000
vt 0.085106 0.466667
vt 0.085106 0.533333
vt 0.085106 0.600000
vt 0.085106 0.666667
vt 0.085106 0.733333
vt 0.085106 0.800000
vt 0.085106 0.866667
vt 0.085106 0.933333
vt 0.085106 1.000000
vt 0.106383 0.000000
vt 0.106383 0.066667
vt 0.106383 0.133333
vt 0.106383 0.200000
vt 0.106383 0.266667
vt 0.106383 0.333333
vt 0.106383 0.400000
vt 0.106383 0.466667
vt 0.106383 0.533333
vt 0.106383 0.600000
vt 0.106383 0.666667
vt 0.106383 0.733333
vt 0.106383 0.800000
vt 0.106383 0.866667
vt 0.106383 0.933333
vt 0.106383 1.000000
vt 0.127660 0.000000
vt 0.127660 0.066667
vt 0.127660 0.133333
vt 0.127660 0.200000
vt 0.127660 0.266667
vt 0.127660 0.333333
vt 0.127660 0.400000
vt 0.127660 0.466667
vt 0.127660 0.533333
vt 0.127660 0.600000
vt 0.127660 0.666667
vt 0.127660 0.733333
vt 0.127660 0.800000
vt 0.127660 0.866667
vt 0.127660 0.933333
vt 0.127660 1.000000
vt 0.148936 0.000000
vt 0.148936 0.066667
vt 0.148936 0.133333
vt 0.148936 0.200000
vt 0.148936 0.266667
vt 0.148936 0.333333
vt 0.148936 0.400000
vt 0.148936 0.466667
vt 0.148936 0.533333
vt 0.148936 0.600000
vt 0.148936 0.666667
vt 0.148936 0.733333
vt 0.148936 0.800000
vt 0.148936 0.866667
vt 0.148936 0.933333
vt 0.148936 1.000000
vt 0.170213 0.000000
vt 0.170213 0.066667
vt 0.170213 0.133333
vt 0.170213 0.200000
vt 0.170213 0.266667
vt 0.170213 0.333333
vt 0.170213 0.400000
vt 0.170213 0.466667
vt 0.170213 0.533333
vt 0.170213 0.600000
vt 0.170213 0.666667
vt 0.170213 0.733333
vt 0.170213 0.800000
vt 0.170213 0.866667
vt 0.170213 0.933333
vt 0.170213 1.000000
vt 0.191489 0.000000
vt 0.191489 0.066667
vt 0.191489 0.133333
vt 0.191489 0.200000
vt 0.191489 0.266667
vt 0.191489 0.333333
vt 0.191489 0.400000
vt 0.191489 0.466667
vt 0.191489 0.533333
vt 0.191489 0.600000
vt 0.191489 0.666667
vt 0.191489 0.733333
vt 0.191489 0.800000
vt 0.191489 0.866667
vt 0.191489 0.933333
vt 0.191489 1.000000
vt 0.212766 0.000000
vt 0.212766 0.066667
vt 0.212766 0.133333
vt 0.212766 0.200000
vt 0.212766 0.266667
vt 0.212766 0.333333
vt 0.212766 0.400000
vt 0.212766 0.466667
vt 0.212766 0.533333
vt 0.212766 0.600000
vt 0.212766 0.666667
vt 0.212766 0.733333
vt 0.212766 0.800000
vt 0.212766 0.866667
vt 0.212766 0.933333
vt 0.212766 1.000000
vt 0.234043 0.000000
vt 0.234043 0.066667
vt 0.234043 0.133333
vt 0.234043 0.200000
vt 0.234043 0.266667
vt 0.234043 0.333333
vt 0.234043 0.400000
vt 0.234043 0.466667
vt 0.234043 0.533333
vt 0.234043 0.600000
vt 0.234043 0.666667
vt 0.234043 0.733333
vt 0.234043 0.800000
vt 0.234043 0.866667
vt 0.234043 0.933333
vt 0.234043 1.000000
vt 0.255319 0.000000
vt 0.255319 0.066667
vt 0.255319 0.133333
vt 0.255319 0.200000
vt 0.255319 0.266667
vt 0.255319 0.333333
vt 0.255319 0.400000
vt 0.255319 0.466667
vt 0.255319 0.533333
vt 0.255319 0.600000
vt 0.255319 0.666667
vt 0.255319 0.733333
vt 0.255319 0.800000
vt 0.255319 0.866667
vt 0.255319 0.933333
vt 0.255319 1.000000
vt 0.276596 0.000000
vt 0.276596 0.066667
vt 0.276596 0.133333
vt 0.276596 0.200000
vt 0.276596 0.266667
vt 0.276596 0.333333
vt 0.276596 0.400000
vt 0.276596 0.466667
vt 0.276596 0.533333
vt 0.276596 0.600000
vt 0.276596 0.666667
vt 0.276596 0.733333
vt 0.276596 0.800000
vt 0.276596 0.866667
vt 0.276596 0.933333
vt 0.276596 1.000000
vt 0.297872 0.000000
vt 0.297872 0.066667
vt 0.297872 0.133333
vt 0.297872 0.200000
vt 0.297872 0.266667
vt 0.297872 0.333333
vt 0.297872 0.400000
vt 0.297872 0.466667
vt 0.297872 0.533333
vt 0.297872 0.600000
vt 0.297872 0.666667
vt 0.297872 0.733333
vt 0.297872 0.800000
vt 0.297872 0.866667
vt 0.297872 0.933333
vt 0.297872 1.000000
vt 0.319149 0.000000
vt 0.319149 0.066667
vt 0.319149 0.133333
vt 0.319149 0.200000
vt 0.319149 0.266667
vt 0.319149 0.333333
vt 0.319149 0.400000
vt 0.319149 0.466667
vt 0.319149 0.533333
vt 0.319149 0.600000
vt 0.319149 0.666667
vt 0.319149 0.733333
vt 0.319149 0.800000
vt 0.319149 0.866667
vt 0.319149 0.933333
vt 0.319149 1.000000
vt 0.340426 0.000000
vt 0.340426 0.066667
vt 0.340426 0.133333
vt 0.340426 0.200000
vt 0.340426 0.266667
vt 0.340426 0.333333
vt 0.340426 0.400000
vt 0.340426 0.466667
vt 0.340426 0.533333
vt 0.340426 0.600000
vt 0.340426 0.666667
vt 0.340426 0.733333
vt 0.340426 0.800000
vt 0.340426 0.866667
vt 0.340426 0.933333
vt 0.340426 1.000000
vt 0.361702 0.000000
vt 0.361702 0.066667
vt 0.361702 0.133333
vt 0.361702 0.200000
vt 0.361702 0.266667
vt 0.361702 0.333333
vt 0.361702 0.400000
vt 0.361702 0.466667
vt 0.361702 0.533333
vt 0.361702 0.600000
vt 0.361702 0.666667
vt 0.361702 0.733333
vt 0.361702 0.800000
vt 0.361702 0.866667
vt 0.361702 0.933333
vt 0.361702 1.000000
vt 0.382979 0.000000
vt 0.382979 0.066667
vt 0.382979 0.133333
vt 0.382979 0.200000
vt 0.382979 0.266667
vt 0.382979 0.333333
vt 0.382979 0.400000
vt 0.382979 0.466667
vt 0.382979 0.533333
vt 0.382979 0.600000
vt 0.382979 0.666667
vt 0.382979 0.733333
vt 0.382979 0.800000
vt 0.382979 0.866667
vt 0.382979 0.933333
vt 0.382979 1.000000
vt 0.404255 0.000000
vt 0.404255 0.066667
vt 0.404255 0.133333
vt 0.404255 0.200000
vt 0.404255 0.266667
vt 0.404255 0.333333
vt 0.404255 0.400000
vt 0.404255 0.466667
vt 0.404255 0.533333
vt 0.404255 0.600000
vt 0.404255 0.666667
vt 0.404255 0.733333
vt 0.404255 0.800000
vt 0.404255 0.866667
vt 0.404255 0.933333
vt 0.404255 1.000000
vt 0.425532 0.000000
vt 0.425532 0.066667
vt 0.425532 0.133333
vt 0.425532 0.200000
vt 0.425532 0.266667
vt 0.425532 0.333333
vt 0.425532 0.400000
vt 0.425532 0.466667
vt 0.425532 0.533333
vt 0.425532 0.600000
vt 0.425532 0.666667
vt 0.425532 0.733333
vt 0.425532 0.800000
vt 0.425532 0.866667
vt 0.425532 0.933333
vt 0.425532 1.000000
vt 0.446809 0.000000
vt 0.446809 0.066667
vt 0.446809 0.133333
vt 0.446809 0.200000
vt 0.446809 0.266667
vt 0.446809 0.333333
vt 0.446809 0.400000
vt 0.446809 0.466667
vt 0.446809 0.533333
vt 0.446809 0.600000
vt 0.446809 0.666667
vt 0.446809 0.733333
vt 0.446809 0.800000
vt 0.446809 0.866667
vt 0.446809 0.933333
vt 0.446809 1.000000
vt 0.468085 0.000000
vt 0.468085 0.066667
vt 0.468085 0.133333
vt 0.468085 0.200000
vt 0.468085 0.266667
vt 0.468085 0.333333
vt 0.468085 0.400000
vt 0.468085 0.466667
vt 0.468085 0.533333
vt 0.468085 0.600000
vt 0.468085 0.666667
vt 0.468085 0.733333
vt 0.468085 0.800000
vt 0.468085 0.866667
vt 0.468085 0.933333
vt 0.468085 1.000000
vt 0.489362 0.000000
vt 0.489362 0.066667
vt 0.489362 0.133333
vt 0.489362 0.200000
vt 0.489362 0.266667
vt 0.489362 0.333333
vt 0.489362 0.400000
vt 0.489362 0.466667
vt 0.489362 0.533333
vt 0.489362 0.600000
vt 0.489362 0.666667
vt 0.489362 0.733333
vt 0.489362 0.800000
vt 0.489362 0.866667
vt 0.489362 0.933333
vt 0.489362 1.000000
vt 0.510638 0.000000
vt 0.510638 0.066667
vt 0.510638 0.133333
vt 0.510638 0.200000
vt 0.510638 0.266667
vt 0.510638 0.333333
vt 0.510638 0.400000
vt 0.510638 0.466667
vt 0.510638 0.533333
vt 0.510638 0.600000
vt 0.510638 0.666667
vt 0.510638 0.733333
vt 0.510638 0.800000
vt 0.510638 0.866667
vt 0.510638 0.933333
vt 0.510638 1.000000
vt 0.531915 0.000000
vt 0.531915 0.066667
vt 0.531915 0.133333
vt 0.531915 0.200000
vt 0.531915 0.266667
vt 0.531915 0.333333
vt 0.531915 0.400000
vt 0.531915 0.466667
vt 0.531915 0.533333
vt 0.531915 0.600000
vt 0.531915 0.666667
vt 0.531915 0.733333
vt 0.531915 0.800000
vt 0.531915 0.866667
vt 0.531915 0.933333
vt 0.531915 1.000000
vt 0.553191 0.000000
vt 0.553191 0.066667
vt 0.553191 0.133333
vt 0.553191 0.200000
vt 0.553191 0.266667
vt 0.553191 0.333333
vt 0.553191 0.400000
vt 0.553191 0.466667
vt 0.553191 0.533333
vt 0.553191 0.600000
vt 0.553191 0.666667
vt 0.553191 0.733333
vt 0.553191 0.800000
vt 0.553191 0.866667
vt 0.553191 0.933333
vt 0.553191 1.000000
vt 0.574468 0.000000
vt 0.574468 0.066667
vt 0.574468 0.133333
vt 0.574468 0.200000
vt 0.574468 0.266667
vt 0.574468 0.333333
vt 0.574468 0.400000
vt 0.574468 0.466667
vt 0.574468 0.533333
vt 0.574468 0.600000
vt 0.574468 0.666667
vt 0.574468 0.733333
vt 0.574468 0.800000
vt 0.574468 0.866667
vt 0.574468 0.933333
vt 0.574468 1.000000
vt 0.595745 0.000000
vt 0.595745 0.066667
vt 0.595745 0.133333
vt 0.595745 0.200000
vt 0.595745 0.266667
vt 0.595745 0.333333
vt 0.595745 0.400000
vt 0.595745 0.466667
vt 0.595745 0.533333
vt 0.595745 0.600000
vt 0.595745 0.666667
vt 0.595745 0.733333
vt 0.595745 0.800000
vt 0.595745 0.866667
vt 0.595745 0.933333
vt 0.595745 1.000000
vt 0.617021 0.000000
vt 0.617021 0.066667
vt 0.617021 0.133333
vt 0.617021 0.200000
vt 0.617021 0.266667
vt 0.617021 0.333333
vt 0.617021 0.400000
vt 0.617021 0.466667
vt 0.617021 0.533333
vt 0.617021 0.600000
vt 0.617021 0.666667
vt 0.617021 0.733333
vt 0.617021 0.800000
vt 0.617021 0.866667
vt 0.617021 0.933333
vt 0.617021 1.000000
vt 0.638298 0.000000
vt 0.638298 0.066667
vt 0.638298 0.133333
vt 0.638298 0.200000
vt 0.638298 0.266667
vt 0.638298 0.333333
vt 0.638298 0.400000
vt 0.638298 0.466667
vt 0.638298 0.533333
vt 0.638298 0.600000
vt 0.638298 0.666667
vt 0.638298 0.733333
vt 0.638298 0.800000
vt 0.638298 0.866667
vt 0.638298 0.933333
vt 0.638298 1.000000
vt 0.659574 0.000000
vt 0.659574 0.066667
vt 0.659574 0.133333
vt 0.659574 0.200000
vt 0.659574 0.266667
vt 0.659574 0.333333
vt 0.659574 0.400000
vt 0.659574 0.466667
vt 0.659574 0.533333
vt 0.659574 0.600000
vt 0.659574 0.666667
vt 0.659574 0.733333
vt 0.659574 0.800000
vt 0.659574 0.866667
vt 0.659574 0.933333
vt 0.659574 1.000000
vt 0.680851 0.000000
vt 0.680851 0.066667
vt 0.680851 0.133333
vt 0.680851 0.200000
vt 0.680851 0.266667
vt 0.680851 0.333333
vt 0.680851 0.400000
vt 0.680851 0.466667
vt 0.680851 0.533333
vt 0.680851 0.600000
vt 0.680851 0.666667
vt 0.680851 0.733333
vt 0.680851 0.800000
vt 0.680851 0.866667
vt 0.680851 0.933333
vt 0.680851 1.000000
vt 0.702128 0.000000
vt 0.702128 0.066667
vt 0.702128 0.133333
vt 0.702128 0.200000
vt 0.702128 0.266667
vt 0.702128 0.333333
vt 0.702128 0.400000
vt 0.702128 0.466667
vt 0.702128 0.533333
vt 0.702128 0.600000
vt 0.702128 0.666667
vt 0.702128 0.733333
vt 0.702128 0.800000
vt 0.702128 0.866667
vt 0.702128 0.933333
vt 0.702128 1.000000
vt 0.723404 0.000000
vt 0.723404 0.066667
vt 0.723404 0.133333
vt 0.723404 0.200000
vt 0.723404 0.266667
vt 0.723404 0.333333
vt 0.723404 0.400000
vt 0.723404 0.466667
vt 0.723404 0.533333
vt 0.723404 0.600000
vt 0.723404 0.666667
vt 0.723404 0.733333
vt 0.723404 0.800000
vt 0.723404 0.866667
vt 0.723404 0.933333
vt 0.723404 1.000000
vt 0.744681 0.000000
vt 0.744681 0.066667
vt 0.744681 0.133333
vt 0.744681 0.200000
vt 0.744681 0.266667
vt 0.744681 0.333333
vt 0.744681 0.400000
vt 0.744681 0.466667
vt 0.744681 0.533333
vt 0.744681 0.600000
vt 0.744681 0.666667
vt 0.744681 0.733333
vt 0.744681 0.800000
vt 0.744681 0.866667
vt 0.744681 0.933333
vt 0.744681 1.000000
vt 0.765957 0.000000
vt 0.765957 0.066667
vt 0.765957 0.133333
vt 0.765957 0.200000
vt 0.765957 0.266667
vt 0.765957 0.333333
vt 0.765957 0.400000
vt 0.765957 0.466667
vt 0.765957 0.533333
vt 0.765957 0.600000
vt 0.765957 0.666667
vt 0.765957 0.733333
vt 0.765957 0.800000
vt 0.765957 0.866667
vt 0.765957 0.933333
vt 0.765957 1.000000
vt 0.787234 0.000000
vt 0.787234 0.066667
vt 0.787234 0.133333
vt 0.787234 0.200000
vt 0.787234 0.266667
vt 0.787234 0.333333
vt 0.787234 0.400000
vt 0.787234 0.466667
vt 0.787234 0.533333
vt 0.787234 0.600000
vt 0.787234 0.666667
vt 0.787234 0.733333
vt 0.787234 0.800000
vt 0.787234 0.866667
vt 0.787234 0.933333
vt 0.787234 1.000000
vt 0.808511 0.000000
vt 0.808511 0.066667
vt 0.808511 0.133333
vt 0.808511 0.200000
vt 0.808511 0.266667
vt 0.808511 0.333333
vt 0.808511 0.400000
vt 0.808511 0.466667
vt 0.808511 0.533333
vt 0.808511 0.600000
vt 0.808511 0.666667
vt 0.808511 0.733333
vt 0.808511 0.800000
vt 0.808511 0.866667
vt 0.808511 0.933333
vt 0.808511 1.000000
vt 0.829787 0.000000
vt 0.829787 0.066667
vt 0.829787 0.133333
vt 0.829787 0.200000
vt 0.829787 0.266667
vt 0.829787 0.333333
vt 0.829787 0.400000
vt 0.829787 0.466667
vt 0.829787 0.533333
vt 0.829787 0.600000
vt 0.829787 0.666667
vt 0.829787 0.733333
vt 0.829787 0.800000
vt 0.829787 0.866667
vt 0.829787 0.933333
vt 0.829787 1.000000
vt 0.851064 0.000000
vt 0.851064 0.066667
vt 0.851064 0.133333
vt 0.851064 0.200000
vt 0.851064 0.266667
vt 0.851064 0.333333
vt 0.851064 0.400000
vt 0.851064 0.466667
vt 0.851064 0.533333
vt 0.851064 0.600000
vt 0.851064 0.666667
vt 0.851064 0.733333
vt 0.851064 0.800000
vt 0.851064 0.866667
vt 0.851064 0.933333
vt 0.851064 1.000000
vt 0.872340 0.000000
vt 0.872340 0.066667
vt 0.872340 0.133333
vt 0.872340 0.200000
vt 0.872340 0.266667
vt 0.872340 0.333333
vt 0.872340 0.400000
vt 0.872340 0.466667
vt 0.872340 0.533333
vt 0.872340 0.600000
vt 0.872340 0.666667
vt 0.872340 0.733333
vt 0.872340 0.800000
vt 0.872340 0.866667
vt 0.872340 0.933333
vt 0.872340 1.000000
vt 0.893617 0.000000
vt 0.893617 0.066667
vt 0.893617 0.133333
vt 0.893617 0.200000
vt 0.893617 0.266667
vt 0.893617 0.333333
vt 0.893617 0.400000
vt 0.893617 0.466667
vt 0.893617 0.533333
vt 0.893617 0.600000
vt 0.893617 0.666667
vt 0.893617 0.733333
vt 0.893617 0.800000
vt 0.893617 0.866667
vt 0.893617 0.933333
vt 0.893617 1.000000
vt 0.914894 0.000000
vt 0.914894 0.066667
vt 0.914894 0.133333
vt 0.914894 0.200000
vt 0.914894 0.266667
vt 0.914894 0.333333
vt 0.914894 0.400000
vt 0.914894 0.466667
vt 0.914894 0.533333
vt 0.914894 0.600000
vt 0.914894 0.666667
vt 0.914894 0.733333
vt 0.914894 0.800000
vt 0.914894 0.866667
vt 0.914894 0.933333
vt 0.914894 1.000000
vt 0.936170 0.000000
vt 0.936170 0.066667
vt 0.936170 0.133333
vt 0.936170 0.200000
vt 0.936170 0.266667
vt 0.936170 0.333333
vt 0.936170 0.400000
vt 0.936170 0.466667
vt 0.936170 0.533333
vt 0.936170 0.600000
vt 0.936170 0.666667
vt 0.936170 0.733333
vt 0.936170 0.800000
vt 0.936170 0.866667
vt 0.936170 0.933333
vt 0.936170 1.000000
vt 0.957447 0.000000
vt 0.957447 0.066667
vt 0.957447 0.133333
vt 0.957447 0.200000
vt 0.957447 0.266667
vt 0.957447 0.333333
vt 0.957447 0.400000
vt 0.957447 0.466667
vt 0.957447 0.533333
vt 0.957447 0.600000
vt 0.957447 0.666667
vt 0.957447 0.733333
vt 0.957447 0.800000
vt 0.957447 0.866667
vt 0.957447 0.933333
vt 0.957447 1.000000
vt 0.978723 0.000000
vt 0.978723 0.066667
vt 0.978723 0.133333
vt 0.978723 0.200000
vt 0.978723 0.266667
vt 0.978723 0.333333
vt 0.978723 0.400000
vt 0.978723 0.466667
vt 0.978723 0.533333
vt 0.978723 0.600000
vt 0.978723 0.666667
vt 0.978723 0.733333
vt 0.978723 0.800000
vt 0.978723 0.866667
vt 0.978723 0.933333
vt 0.978723 1.000000
vt 1.000000 0.000000
vt 1.000000 0.066667
vt 1.000000 0.133333
vt 1.000000 0.200000
vt 1.000000 0.266667
vt 1.000000 0.333333
vt 1.000000 0.400000
vt 1.000000 0.466667
vt 1.000000 0.533333
vt 1.000000 0.600000
vt 1.000000 0.666667
vt 1.000000 0.733333
vt 1.000000 0.800000
vt 1.000000 0.866667
vt 1.000000 0.933333
vt 1.000000 1.000000
vn -0.0005 0.1558 -0.9878
vn -0.0004 0.1079 -0.9941
vn -0.0005 0.1557 -0.9878
vn -0.0009 0.2584 -0.9660
vn -0.0009 0.2582 -0.9661
vn -0.0014 0.3737 -0.9275
vn -0.0014 0.3736 -0.9276
vn -0.0019 0.4973 -0.8675
vn -0.0019 0.4972 -0.8676
vn -0.0024 0.6209 -0.7839
vn -0.0024 0.6207 -0.7840
vn -0.0029 0.7339 -0.6793
vn -0.0028 0.7338 -0.6793
vn -0.0033 0.8273 -0.5617
vn -0.0032 0.8273 -0.5618
vn -0.0035 0.8970 -0.4421
vn -0.0035 0.8969 -0.4421
vn -0.0037 0.9438 -0.3304
vn -0.0036 0.9438 -0.3304
vn -0.0038 0.9724 -0.2331
vn -0.0037 0.9724 -0.2331
vn -0.0038 0.9882 -0.1532
vn -0.0037 0.9882 -0.1533
vn -0.0038 0.9958 -0.0913
vn -0.0037 0.9958 -0.0913
vn -0.0037 0.9989 -0.0470
vn -0.0036 0.9989 -0.0470
vn -0.0036 0.9998 -0.0197
vn -0.0035 0.9998 -0.0197
vn -0.0035 0.9999 -0.0103
vn -0.0034 0.9999 -0.0103
vn -0.0003 0.1079 -0.9941
vn -0.0013 0.3736 -0.9276
vn -0.0018 0.4972 -0.8676
vn -0.0023 0.6207 -0.7840
vn -0.0027 0.7338 -0.6793
vn -0.0031 0.8273 -0.5618
vn -0.0033 0.8969 -0.4421
vn -0.0035 0.9438 -0.3304
vn -0.0035 0.9724 -0.2332
vn -0.0035 0.9882 -0.1533
vn -0.0035 0.9958 -0.0914
vn -0.0034 0.9989 -0.0471
vn -0.0033 0.9998 -0.0198
vn -0.0033 0.9999 -0.0104
vn -0.0008 0.2582 -0.9661
vn -0.0013 0.3736 -0.9275
vn -0.0017 0.4972 -0.8676
vn -0.0022 0.6208 -0.7840
vn -0.0026 0.7338 -0.6793
vn -0.0029 0.8273 -0.5618
vn -0.0032 0.8969 -0.4422
vn -0.0033 0.9438 -0.3305
vn -0.0034 0.9724 -0.2332
vn -0.0034 0.9882 -0.1533
vn -0.0034 0.9958 -0.0914
vn -0.0033 0.9989 -0.0471
vn -0.0032 0.9998 -0.0199
vn -0.0031 0.9999 -0.0105
vn -0.0008 0.2583 -0.9661
vn -0.0012 0.3736 -0.9275
vn -0.0016 0.4972 -0.8676
vn -0.0020 0.6208 -0.7840
vn -0.0024 0.7338 -0.6793
vn -0.0028 0.8273 -0.5618
vn -0.0030 0.8969 -0.4422
vn -0.0031 0.9438 -0.3305
vn -0.0032 0.9724 -0.2332
vn -0.0032 0.9882 -0.1534
vn -0.0032 0.9958 -0.0915
vn -0.0031 0.9989 -0.0472
vn -0.0030 0.9998 -0.0199
vn -0.0030 0.9999 -0.0105
vn -0.0004 0.1557 -0.9878
vn -0.0011 0.3736 -0.9275
vn -0.0015 0.4972 -0.8676
vn -0.0023 0.7338 -0.6793
vn -0.0026 0.8273 -0.5618
vn -0.0028 0.8969 -0.4422
vn -0.0030 0.9438 -0.3305
vn -0.0031 0.9724 -0.2332
vn -0.0031 0.9882 -0.1534
vn -0.0030 0.9958 -0.0915
vn -0.0030 0.9989 -0.0472
vn -0.0029 0.9998 -0.0200
vn -0.0028 0.9999 -0.0106
vn -0.0007 0.2583 -0.9661
vn -0.0014 0.4972 -0.8676
vn -0.0018 0.6208 -0.7840
vn -0.0022 0.7338 -0.6793
vn -0.0025 0.8273 -0.5618
vn -0.0027 0.8969 -0.4422
vn -0.0028 0.9438 -0.3305
vn -0.0029 0.9724 -0.2333
vn -0.0029 0.9881 -0.1534
vn -0.0029 0.9958 -0.0916
vn -0.0028 0.9989 -0.0472
vn -0.0027 0.9998 -0.0200
vn -0.0027 0.9999 -0.0107
vn -0.0010 0.3737 -0.9275
vn -0.0014 0.4973 -0.8676
vn -0.0017 0.6208 -0.7839
vn -0.0021 0.7338 -0.6793
vn -0.0023 0.8273 -0.5618
vn -0.0025 0.8969 -0.4422
vn -0.0027 0.9438 -0.3305
vn -0.0027 0.9724 -0.2333
vn -0.0027 0.9881 -0.1534
vn -0.0027 0.9958 -0.0916
vn -0.0026 0.9989 -0.0473
vn -0.0026 0.9998 -0.0201
vn -0.0025 0.9999 -0.0107
vn -0.0002 0.1079 -0.9941
vn -0.0006 0.2583 -0.9660
vn -0.0009 0.3737 -0.9275
vn -0.0013 0.4973 -0.8676
vn -0.0016 0.6208 -0.7839
vn -0.0020 0.7338 -0.6793
vn -0.0022 0.8273 -0.5618
vn -0.0024 0.8969 -0.4422
vn -0.0025 0.9438 -0.3305
vn -0.0026 0.9724 -0.2333
vn -0.0026 0.9881 -0.1535
vn -0.0025 0.9958 -0.0916
vn -0.0025 0.9989 -0.0473
vn -0.0024 0.9998 -0.0201
vn -0.0023 0.9999 -0.0108
vn -0.0003 0.1557 -0.9878
vn -0.0012 0.4973 -0.8676
vn -0.0015 0.6208 -0.7839
vn -0.0018 0.7338 -0.6793
vn -0.0020 0.8273 -0.5617
vn -0.0022 0.8969 -0.4422
vn -0.0023 0.9438 -0.3305
vn -0.0024 0.9724 -0.2333
vn -0.0024 0.9881 -0.1535
vn -0.0023 0.9958 -0.0916
vn -0.0023 0.9989 -0.0474
vn -0.0023 0.9998 -0.0202
vn -0.0022 0.9999 -0.0108
vn -0.0003 0.1558 -0.9878
vn -0.0005 0.2583 -0.9660
vn -0.0008 0.3737 -0.9275
vn -0.0011 0.4973 -0.8675
vn -0.0014 0.6208 -0.7839
vn -0.0017 0.7338 -0.6793
vn -0.0019 0.8273 -0.5617
vn -0.0021 0.8969 -0.4422
vn -0.0022 0.9438 -0.3305
vn -0.0022 0.9724 -0.2333
vn -0.0022 0.9881 -0.1535
vn -0.0022 0.9958 -0.0917
vn -0.0022 0.9989 -0.0474
vn -0.0021 0.9998 -0.0202
vn -0.0020 0.9999 -0.0109
vn -0.0010 0.4973 -0.8675
vn -0.0013 0.6208 -0.7839
vn -0.0016 0.7338 -0.6793
vn -0.0018 0.8273 -0.5617
vn -0.0019 0.8969 -0.4422
vn -0.0020 0.9438 -0.3305
vn -0.0020 0.9724 -0.2333
vn -0.0020 0.9881 -0.1535
vn -0.0020 0.9958 -0.0917
vn -0.0020 0.9989 -0.0474
vn -0.0019 0.9998 -0.0203
vn -0.0019 0.9999 -0.0109
vn -0.0007 0.3737 -0.9275
vn -0.0009 0.4973 -0.8675
vn -0.0012 0.6208 -0.7839
vn -0.0014 0.7338 -0.6793
vn -0.0016 0.8273 -0.5617
vn -0.0018 0.8969 -0.4422
vn -0.0019 0.9438 -0.3305
vn -0.0019 0.9724 -0.2333
vn -0.0019 0.9881 -0.1535
vn -0.0019 0.9958 -0.0917
vn -0.0018 0.9988 -0.0475
vn -0.0018 0.9998 -0.0203
vn -0.0017 0.9999 -0.0110
vn -0.0002 0.1558 -0.9878
vn -0.0004 0.2583 -0.9660
vn -0.0006 0.3737 -0.9275
vn -0.0011 0.6208 -0.7839
vn -0.0013 0.7338 -0.6793
vn -0.0015 0.8273 -0.5617
vn -0.0016 0.8969 -0.4422
vn -0.0017 0.9438 -0.3305
vn -0.0017 0.9724 -0.2333
vn -0.0017 0.9881 -0.1536
vn -0.0017 0.9958 -0.0918
vn -0.0017 0.9988 -0.0475
vn -0.0016 0.9998 -0.0203
vn -0.0016 0.9999 -0.0110
vn -0.0008 0.4973 -0.8675
vn -0.0010 0.6208 -0.7839
vn -0.0012 0.7338 -0.6793
vn -0.0013 0.8273 -0.5617
vn -0.0015 0.8969 -0.4422
vn -0.0015 0.9438 -0.3305
vn -0.0016 0.9724 -0.2334
vn -0.0016 0.9881 -0.1536
vn -0.0016 0.9958 -0.0918
vn -0.0015 0.9988 -0.0475
vn -0.0015 0.9998 -0.0204
vn -0.0014 0.9999 -0.0110
vn -0.0001 0.1079 -0.9941
vn -0.0003 0.2583 -0.9660
vn -0.0005 0.3737 -0.9275
vn -0.0007 0.4973 -0.8675
vn -0.0009 0.6208 -0.7839
vn -0.0011 0.7338 -0.6793
vn -0.0012 0.8273 -0.5617
vn -0.0013 0.8969 -0.4422
vn -0.0014 0.9438 -0.3305
vn -0.0014 0.9724 -0.2334
vn -0.0014 0.9881 -0.1536
vn -0.0014 0.9958 -0.0918
vn -0.0013 0.9988 -0.0475
vn -0.0013 0.9998 -0.0204
vn -0.0013 0.9999 -0.0110
vn -0.0006 0.4973 -0.8675
vn -0.0008 0.6208 -0.7839
vn -0.0009 0.7338 -0.6793
vn -0.0011 0.8273 -0.5617
vn -0.0012 0.8969 -0.4422
vn -0.0012 0.9438 -0.3305
vn -0.0012 0.9724 -0.2334
vn -0.0012 0.9881 -0.1536
vn -0.0012 0.9958 -0.0918
vn -0.0012 0.9988 -0.0475
vn -0.0012 0.9998 -0.0204
vn -0.0011 0.9999 -0.0111
vn -0.0002 0.2583 -0.9660
vn -0.0004 0.3737 -0.9275
vn -0.0005 0.4973 -0.8675
vn -0.0007 0.6209 -0.7839
vn -0.0008 0.7338 -0.6793
vn -0.0009 0.8273 -0.5617
vn -0.0010 0.8969 -0.4422
vn -0.0010 0.9438 -0.3305
vn -0.0011 0.9724 -0.2334
vn -0.0011 0.9881 -0.1536
vn -0.0010 0.9958 -0.0918
vn -0.0010 0.9988 -0.0476
vn -0.0010 0.9998 -0.0204
vn -0.0010 0.9999 -0.0111
vn -0.0001 0.1558 -0.9878
vn -0.0003 0.3737 -0.9275
vn -0.0006 0.6209 -0.7839
vn -0.0007 0.7338 -0.6793
vn -0.0008 0.8273 -0.5617
vn -0.0008 0.8969 -0.4422
vn -0.0009 0.9438 -0.3306
vn -0.0009 0.9724 -0.2334
vn -0.0009 0.9881 -0.1536
vn -0.0009 0.9958 -0.0918
vn -0.0009 0.9988 -0.0476
vn -0.0009 0.9998 -0.0204
vn -0.0008 0.9999 -0.0111
vn -0.0004 0.4973 -0.8675
vn -0.0005 0.6209 -0.7839
vn -0.0005 0.7338 -0.6793
vn -0.0006 0.8273 -0.5617
vn -0.0007 0.8969 -0.4422
vn -0.0007 0.9438 -0.3306
vn -0.0007 0.9724 -0.2334
vn -0.0007 0.9881 -0.1536
vn -0.0007 0.9958 -0.0919
vn -0.0007 0.9988 -0.0476
vn -0.0007 0.9998 -0.0205
vn -0.0007 0.9999 -0.0111
vn -0.0000 0.1079 -0.9941
vn -0.0001 0.2583 -0.9660
vn -0.0002 0.3737 -0.9275
vn -0.0003 0.4973 -0.8675
vn -0.0004 0.6209 -0.7839
vn -0.0004 0.7338 -0.6793
vn -0.0005 0.8273 -0.5617
vn -0.0005 0.8969 -0.4422
vn -0.0005 0.9438 -0.3306
vn -0.0006 0.9724 -0.2334
vn -0.0006 0.9881 -0.1536
vn -0.0005 0.9958 -0.0919
vn -0.0005 0.9988 -0.0476
vn -0.0005 0.9998 -0.0205
vn -0.0005 0.9999 -0.0111
vn -0.0002 0.4973 -0.8675
vn -0.0002 0.6209 -0.7839
vn -0.0003 0.7338 -0.6793
vn -0.0003 0.8273 -0.5617
vn -0.0004 0.8969 -0.4422
vn -0.0004 0.9438 -0.3306
vn -0.0004 0.9724 -0.2334
vn -0.0004 0.9881 -0.1537
vn -0.0004 0.9958 -0.0919
vn -0.0004 0.9988 -0.0476
vn -0.0004 0.9998 -0.0205
vn -0.0004 0.9999 -0.0112
vn -0.0000 0.1558 -0.9878
vn -0.0001 0.3737 -0.9275
vn -0.0001 0.4973 -0.8675
vn -0.0002 0.7338 -0.6793
vn -0.0002 0.8273 -0.5617
vn -0.0002 0.8969 -0.4422
vn -0.0002 0.9438 -0.3306
vn -0.0002 0.9724 -0.2334
vn -0.0002 0.9881 -0.1537
vn -0.0002 0.9958 -0.0919
vn -0.0002 0.9988 -0.0476
vn -0.0002 0.9998 -0.0205
vn -0.0002 0.9999 -0.0112
vn 0.0000 0.2583 -0.9660
vn 0.0000 0.3737 -0.9275
vn -0.0000 0.4973 -0.8675
vn -0.0000 0.6209 -0.7839
vn -0.0001 0.7338 -0.6793
vn -0.0001 0.8273 -0.5617
vn -0.0001 0.8969 -0.4422
vn -0.0001 0.9438 -0.3306
vn -0.0001 0.9724 -0.2334
vn -0.0001 0.9881 -0.1537
vn -0.0001 0.9958 -0.0919
vn -0.0001 0.9988 -0.0476
vn -0.0001 0.9998 -0.0205
vn -0.0001 0.9999 -0.0112
vn 0.0001 0.7338 -0.6793
vn 0.0001 0.8273 -0.5617
vn 0.0001 0.8969 -0.4422
vn 0.0001 0.9438 -0.3306
vn 0.0001 0.9724 -0.2334
vn 0.0001 0.9881 -0.1537
vn 0.0001 0.9958 -0.0919
vn 0.0001 0.9988 -0.0476
vn 0.0001 0.9998 -0.0205
vn 0.0001 0.9999 -0.0112
vn 0.0001 0.2583 -0.9660
vn 0.0001 0.3737 -0.9275
vn 0.0001 0.4973 -0.8675
vn 0.0002 0.6209 -0.7839
vn 0.0002 0.7338 -0.6793
vn 0.0002 0.8273 -0.5617
vn 0.0002 0.8969 -0.4422
vn 0.0002 0.9438 -0.3306
vn 0.0002 0.9724 -0.2334
vn 0.0002 0.9881 -0.1537
vn 0.0002 0.9958 -0.0919
vn 0.0002 0.9988 -0.0476
vn 0.0002 0.9998 -0.0205
vn 0.0002 0.9999 -0.0112
vn 0.0001 0.1558 -0.9878
vn 0.0002 0.3737 -0.9275
vn 0.0002 0.4973 -0.8675
vn 0.0003 0.7338 -0.6793
vn 0.0003 0.8273 -0.5617
vn 0.0004 0.8969 -0.4422
vn 0.0004 0.9438 -0.3306
vn 0.0004 0.9724 -0.2334
vn 0.0004 0.9881 -0.1537
vn 0.0004 0.9958 -0.0919
vn 0.0004 0.9988 -0.0476
vn 0.0004 0.9998 -0.0205
vn 0.0004 0.9999 -0.0112
vn 0.0003 0.4973 -0.8675
vn 0.0004 0.6209 -0.7839
vn 0.0004 0.7338 -0.6793
vn 0.0005 0.8273 -0.5617
vn 0.0005 0.8969 -0.4422
vn 0.0005 0.9438 -0.3306
vn 0.0006 0.9724 -0.2334
vn 0.0006 0.9881 -0.1536
vn 0.0005 0.9958 -0.0919
vn 0.0005 0.9988 -0.0476
vn 0.0005 0.9998 -0.0205
vn 0.0005 0.9999 -0.0111
vn 0.0001 0.1079 -0.9941
vn 0.0002 0.2583 -0.9660
vn 0.0003 0.3737 -0.9275
vn 0.0004 0.4973 -0.8675
vn 0.0005 0.6209 -0.7839
vn 0.0005 0.7338 -0.6793
vn 0.0006 0.8273 -0.5617
vn 0.0007 0.8969 -0.4422
vn 0.0007 0.9438 -0.3306
vn 0.0007 0.9724 -0.2334
vn 0.0007 0.9881 -0.1536
vn 0.0007 0.9958 -0.0919
vn 0.0007 0.9988 -0.0476
vn 0.0007 0.9998 -0.0205
vn 0.0007 0.9999 -0.0111
vn 0.0005 0.4973 -0.8675
vn 0.0006 0.6209 -0.7839
vn 0.0007 0.7338 -0.6793
vn 0.0008 0.8273 -0.5617
vn 0.0008 0.8969 -0.4422
vn 0.0009 0.9438 -0.3306
vn 0.0009 0.9724 -0.2334
vn 0.0009 0.9881 -0.1536
vn 0.0009 0.9958 -0.0918
vn 0.0009 0.9988 -0.0476
vn 0.0009 0.9998 -0.0204
vn 0.0008 0.9999 -0.0111
vn 0.0002 0.1558 -0.9878
vn 0.0004 0.3737 -0.9275
vn 0.0007 0.6209 -0.7839
vn 0.0008 0.7338 -0.6793
vn 0.0009 0.8273 -0.5617
vn 0.0010 0.8969 -0.4422
vn 0.0010 0.9438 -0.3305
vn 0.0011 0.9724 -0.2334
vn 0.0011 0.9881 -0.1536
vn 0.0010 0.9958 -0.0918
vn 0.0010 0.9988 -0.0476
vn 0.0010 0.9998 -0.0204
vn 0.0010 0.9999 -0.0111
vn 0.0003 0.2583 -0.9660
vn 0.0005 0.3737 -0.9275
vn 0.0006 0.4973 -0.8675
vn 0.0008 0.6208 -0.7839
vn 0.0009 0.7338 -0.6793
vn 0.0011 0.8273 -0.5617
vn 0.0012 0.8969 -0.4422
vn 0.0012 0.9438 -0.3305
vn 0.0012 0.9724 -0.2334
vn 0.0012 0.9881 -0.1536
vn 0.0012 0.9958 -0.0918
vn 0.0012 0.9988 -0.0475
vn 0.0012 0.9998 -0.0204
vn 0.0011 0.9999 -0.0111
vn 0.0007 0.4973 -0.8675
vn 0.0009 0.6208 -0.7839
vn 0.0011 0.7338 -0.6793
vn 0.0012 0.8273 -0.5617
vn 0.0013 0.8969 -0.4422
vn 0.0014 0.9438 -0.3305
vn 0.0014 0.9724 -0.2334
vn 0.0014 0.9881 -0.1536
vn 0.0014 0.9958 -0.0918
vn 0.0013 0.9988 -0.0475
vn 0.0013 0.9998 -0.0204
vn 0.0013 0.9999 -0.0110
vn 0.0002 0.1079 -0.9941
vn 0.0004 0.2583 -0.9660
vn 0.0006 0.3737 -0.9275
vn 0.0008 0.4973 -0.8675
vn 0.0010 0.6208 -0.7839
vn 0.0012 0.7338 -0.6793
vn 0.0013 0.8273 -0.5617
vn 0.0015 0.8969 -0.4422
vn 0.0015 0.9438 -0.3305
vn 0.0016 0.9724 -0.2334
vn 0.0016 0.9881 -0.1536
vn 0.0016 0.9958 -0.0918
vn 0.0015 0.9988 -0.0475
vn 0.0015 0.9998 -0.0204
vn 0.0014 0.9999 -0.0110
vn 0.0009 0.4973 -0.8675
vn 0.0011 0.6208 -0.7839
vn 0.0013 0.7338 -0.6793
vn 0.0015 0.8273 -0.5617
vn 0.0016 0.8969 -0.4422
vn 0.0017 0.9438 -0.3305
vn 0.0017 0.9724 -0.2333
vn 0.0017 0.9881 -0.1536
vn 0.0017 0.9958 -0.0918
vn 0.0017 0.9988 -0.0475
vn 0.0016 0.9998 -0.0203
vn 0.0016 0.9999 -0.0110
vn 0.0003 0.1558 -0.9878
vn 0.0005 0.2583 -0.9660
vn 0.0007 0.3737 -0.9275
vn 0.0012 0.6208 -0.7839
vn 0.0014 0.7338 -0.6793
vn 0.0016 0.8273 -0.5617
vn 0.0018 0.8969 -0.4422
vn 0.0019 0.9438 -0.3305
vn 0.0019 0.9724 -0.2333
vn 0.0019 0.9881 -0.1535
vn 0.0019 0.9958 -0.0917
vn 0.0018 0.9988 -0.0475
vn 0.0018 0.9998 -0.0203
vn 0.0017 0.9999 -0.0110
vn 0.0008 0.3737 -0.9275
vn 0.0010 0.4973 -0.8675
vn 0.0013 0.6208 -0.7839
vn 0.0016 0.7338 -0.6793
vn 0.0018 0.8273 -0.5617
vn 0.0019 0.8969 -0.4422
vn 0.0020 0.9438 -0.3305
vn 0.0020 0.9724 -0.2333
vn 0.0020 0.9881 -0.1535
vn 0.0020 0.9958 -0.0917
vn 0.0020 0.9989 -0.0474
vn 0.0019 0.9998 -0.0203
vn 0.0019 0.9999 -0.0109
vn 0.0011 0.4973 -0.8675
vn 0.0014 0.6208 -0.7839
vn 0.0017 0.7338 -0.6793
vn 0.0019 0.8273 -0.5617
vn 0.0021 0.8969 -0.4422
vn 0.0022 0.9438 -0.3305
vn 0.0022 0.9724 -0.2333
vn 0.0022 0.9881 -0.1535
vn 0.0022 0.9958 -0.0917
vn 0.0022 0.9989 -0.0474
vn 0.0021 0.9998 -0.0202
vn 0.0020 0.9999 -0.0109
vn 0.0003 0.1557 -0.9878
vn 0.0006 0.2583 -0.9660
vn 0.0009 0.3737 -0.9275
vn 0.0012 0.4973 -0.8676
vn 0.0015 0.6208 -0.7839
vn 0.0018 0.7338 -0.6793
vn 0.0020 0.8273 -0.5617
vn 0.0022 0.8969 -0.4422
vn 0.0023 0.9438 -0.3305
vn 0.0024 0.9724 -0.2333
vn 0.0024 0.9881 -0.1535
vn 0.0023 0.9958 -0.0916
vn 0.0023 0.9989 -0.0474
vn 0.0023 0.9998 -0.0202
vn 0.0022 0.9999 -0.0108
vn 0.0004 0.1557 -0.9878
vn 0.0013 0.4973 -0.8676
vn 0.0016 0.6208 -0.7839
vn 0.0020 0.7338 -0.6793
vn 0.0022 0.8273 -0.5618
vn 0.0024 0.8969 -0.4422
vn 0.0025 0.9438 -0.3305
vn 0.0026 0.9724 -0.2333
vn 0.0026 0.9881 -0.1535
vn 0.0025 0.9958 -0.0916
vn 0.0025 0.9989 -0.0473
vn 0.0024 0.9998 -0.0201
vn 0.0023 0.9999 -0.0108
vn 0.0007 0.2583 -0.9661
vn 0.0010 0.3737 -0.9275
vn 0.0014 0.4973 -0.8676
vn 0.0017 0.6208 -0.7839
vn 0.0021 0.7338 -0.6793
vn 0.0023 0.8273 -0.5618
vn 0.0025 0.8969 -0.4422
vn 0.0027 0.9438 -0.3305
vn 0.0027 0.9724 -0.2333
vn 0.0027 0.9881 -0.1534
vn 0.0027 0.9958 -0.0916
vn 0.0026 0.9989 -0.0473
vn 0.0026 0.9998 -0.0201
vn 0.0025 0.9999 -0.0107
vn 0.0003 0.1079 -0.9941
vn 0.0011 0.3736 -0.9275
vn 0.0014 0.4972 -0.8676
vn 0.0018 0.6208 -0.7840
vn 0.0022 0.7338 -0.6793
vn 0.0025 0.8273 -0.5618
vn 0.0027 0.8969 -0.4422
vn 0.0028 0.9438 -0.3305
vn 0.0029 0.9724 -0.2333
vn 0.0029 0.9881 -0.1534
vn 0.0029 0.9958 -0.0916
vn 0.0028 0.9989 -0.0472
vn 0.0027 0.9998 -0.0200
vn 0.0027 0.9999 -0.0107
vn 0.0008 0.2583 -0.9661
vn 0.0015 0.4972 -0.8676
vn 0.0020 0.6208 -0.7840
vn 0.0023 0.7338 -0.6793
vn 0.0026 0.8273 -0.5618
vn 0.0028 0.8969 -0.4422
vn 0.0030 0.9438 -0.3305
vn 0.0031 0.9724 -0.2332
vn 0.0031 0.9882 -0.1534
vn 0.0030 0.9958 -0.0915
vn 0.0030 0.9989 -0.0472
vn 0.0029 0.9998 -0.0200
vn 0.0028 0.9999 -0.0106
vn 0.0005 0.1557 -0.9878
vn 0.0012 0.3736 -0.9275
vn 0.0016 0.4972 -0.8676
vn 0.0024 0.7338 -0.6793
vn 0.0028 0.8273 -0.5618
vn 0.0030 0.8969 -0.4422
vn 0.0031 0.9438 -0.3305
vn 0.0032 0.9724 -0.2332
vn 0.0032 0.9882 -0.1534
vn 0.0032 0.9958 -0.0915
vn 0.0031 0.9989 -0.0472
vn 0.0030 0.9998 -0.0199
vn 0.0030 0.9999 -0.0105
vn 0.0009 0.2582 -0.9661
vn 0.0013 0.3736 -0.9275
vn 0.0017 0.4972 -0.8676
vn 0.0022 0.6208 -0.7840
vn 0.0026 0.7338 -0.6793
vn 0.0029 0.8273 -0.5618
vn 0.0032 0.8969 -0.4422
vn 0.0033 0.9438 -0.3305
vn 0.0034 0.9724 -0.2332
vn 0.0034 0.9882 -0.1533
vn 0.0034 0.9958 -0.0914
vn 0.0033 0.9989 -0.0471
vn 0.0032 0.9998 -0.0199
vn 0.0031 0.9999 -0.0105
vn 0.0013 0.3736 -0.9276
vn 0.0018 0.4972 -0.8676
vn 0.0023 0.6207 -0.7840
vn 0.0027 0.7338 -0.6793
vn 0.0031 0.8273 -0.5618
vn 0.0033 0.8969 -0.4421
vn 0.0035 0.9438 -0.3304
vn 0.0035 0.9724 -0.2332
vn 0.0035 0.9882 -0.1533
vn 0.0035 0.9958 -0.0914
vn 0.0034 0.9989 -0.0471
vn 0.0033 0.9998 -0.0198
vn 0.0033 0.9999 -0.0104
vn 0.0004 0.1079 -0.9941
vn 0.0014 0.3736 -0.9276
vn 0.0019 0.4972 -0.8676
vn 0.0024 0.6207 -0.7840
vn 0.0028 0.7338 -0.6793
vn 0.0032 0.8273 -0.5618
vn 0.0035 0.8969 -0.4421
vn 0.0036 0.9438 -0.3304
vn 0.0037 0.9724 -0.2331
vn 0.0037 0.9882 -0.1533
vn 0.0037 0.9958 -0.0913
vn 0.0036 0.9989 -0.0470
vn 0.0035 0.9998 -0.0197
vn 0.0034 0.9999 -0.0103
vn 0.0005 0.1558 -0.9878
vn 0.0009 0.2584 -0.9660
vn 0.0014 0.3737 -0.9275
vn 0.0019 0.4973 -0.8675
vn 0.0024 0.6209 -0.7839
vn 0.0029 0.7339 -0.6793
vn 0.0033 0.8273 -0.5617
vn 0.0035 0.8970 -0.4421
vn 0.0037 0.9438 -0.3304
vn 0.0038 0.9724 -0.2331
vn 0.0038 0.9882 -0.1532
vn 0.0038 0.9958 -0.0913
vn 0.0037 0.9989 -0.0470
vn 0.0036 0.9998 -0.0197
vn 0.0035 0.9999 -0.0103
usemtl Material.001
s 1
f 2310/2309/1942 2309/2310/1943 2325/2311/1943 2326/2312/1944
f 2311/2313/1945 2310/2309/1942 2326/2312/1944 2327/2314/1946
f 2312/2315/1947 2311/2313/1945 2327/2314/1946 2328/2316/1948
f 2313/2317/1949 2312/2315/1947 2328/2316/1948 2329/2318/1950
f 2314/2319/1951 2313/2317/1949 2329/2318/1950 2330/2320/1952
f 2315/2321/1953 2314/2319/1951 2330/2320/1952 2331/2322/1954
f 2316/2323/1955 2315/2321/1953 2331/2322/1954 2332/2324/1956
f 2317/2325/1957 2316/2323/1955 2332/2324/1956 2333/2326/1958
f 2318/2327/1959 2317/2325/1957 2333/2326/1958 2334/2328/1960
f 2319/2329/1961 2318/2327/1959 2334/2328/1960 2335/2330/1962
f 2320/2331/1963 2319/2329/1961 2335/2330/1962 2336/2332/1964
f 2321/2333/1965 2320/2331/1963 2336/2332/1964 2337/2334/1966
f 2322/2335/1967 2321/2333/1965 2337/2334/1966 2338/2336/1968
f 2323/2337/1969 2322/2335/1967 2338/2336/1968 2339/2338/1970
f 2324/2339/1971 2323/2337/1969 2339/2338/1970 2340/2340/1972
f 2326/2312/1944 2325/2311/1943 2341/2341/1973 2342/2342/1944
f 2327/2314/1946 2326/2312/1944 2342/2342/1944 2343/2343/1946
f 2328/2316/1948 2327/2314/1946 2343/2343/1946 2344/2344/1974
f 2329/2318/1950 2328/2316/1948 2344/2344/1974 2345/2345/1975
f 2330/2320/1952 2329/2318/1950 2345/2345/1975 2346/2346/1976
f 2331/2322/1954 2330/2320/1952 2346/2346/1976 2347/2347/1977
f 2332/2324/1956 2331/2322/1954 2347/2347/1977 2348/2348/1978
f 2333/2326/1958 2332/2324/1956 2348/2348/1978 2349/2349/1979
f 2334/2328/1960 2333/2326/1958 2349/2349/1979 2350/2350/1980
f 2335/2330/1962 2334/2328/1960 2350/2350/1980 2351/2351/1981
f 2336/2332/1964 2335/2330/1962 2351/2351/1981 2352/2352/1982
f 2337/2334/1966 2336/2332/1964 2352/2352/1982 2353/2353/1983
f 2338/2336/1968 2337/2334/1966 2353/2353/1983 2354/2354/1984
f 2339/2338/1970 2338/2336/1968 2354/2354/1984 2355/2355/1985
f 2340/2340/1972 2339/2338/1970 2355/2355/1985 2356/2356/1986
f 2342/2342/1944 2341/2341/1973 2357/2357/1973 2358/2358/1944
f 2343/2343/1946 2342/2342/1944 2358/2358/1944 2359/2359/1987
f 2344/2344/1974 2343/2343/1946 2359/2359/1987 2360/2360/1988
f 2345/2345/1975 2344/2344/1974 2360/2360/1988 2361/2361/1989
f 2346/2346/1976 2345/2345/1975 2361/2361/1989 2362/2362/1990
f 2347/2347/1977 2346/2346/1976 2362/2362/1990 2363/2363/1991
f 2348/2348/1978 2347/2347/1977 2363/2363/1991 2364/2364/1992
f 2349/2349/1979 2348/2348/1978 2364/2364/1992 2365/2365/1993
f 2350/2350/1980 2349/2349/1979 2365/2365/1993 2366/2366/1994
f 2351/2351/1981 2350/2350/1980 2366/2366/1994 2367/2367/1995
f 2352/2352/1982 2351/2351/1981 2367/2367/1995 2368/2368/1996
f 2353/2353/1983 2352/2352/1982 2368/2368/1996 2369/2369/1997
f 2354/2354/1984 2353/2353/1983 2369/2369/1997 2370/2370/1998
f 2355/2355/1985 2354/2354/1984 2370/2370/1998 2371/2371/1999
f 2356/2356/1986 2355/2355/1985 2371/2371/1999 2372/2372/2000
f 2358/2358/1944 2357/2357/1973 2373/2373/1973 2374/2374/1944
f 2359/2359/1987 2358/2358/1944 2374/2374/1944 2375/2375/2001
f 2360/2360/1988 2359/2359/1987 2375/2375/2001 2376/2376/2002
f 2361/2361/1989 2360/2360/1988 2376/2376/2002 2377/2377/2003
f 2362/2362/1990 2361/2361/1989 2377/2377/2003 2378/2378/2004
f 2363/2363/1991 2362/2362/1990 2378/2378/2004 2379/2379/2005
f 2364/2364/1992 2363/2363/1991 2379/2379/2005 2380/2380/2006
f 2365/2365/1993 2364/2364/1992 2380/2380/2006 2381/2381/2007
f 2366/2366/1994 2365/2365/1993 2381/2381/2007 2382/2382/2008
f 2367/2367/1995 2366/2366/1994 2382/2382/2008 2383/2383/2009
f 2368/2368/1996 2367/2367/1995 2383/2383/2009 2384/2384/2010
f 2369/2369/1997 2368/2368/1996 2384/2384/2010 2385/2385/2011
f 2370/2370/1998 2369/2369/1997 2385/2385/2011 2386/2386/2012
f 2371/2371/1999 2370/2370/1998 2386/2386/2012 2387/2387/2013
f 2372/2372/2000 2371/2371/1999 2387/2387/2013 2388/2388/2014
f 2374/2374/1944 2373/2373/1973 2389/2389/1973 2390/2390/2015
f 2375/2375/2001 2374/2374/1944 2390/2390/2015 2391/2391/2001
f 2376/2376/2002 2375/2375/2001 2391/2391/2001 2392/2392/2016
f 2377/2377/2003 2376/2376/2002 2392/2392/2016 2393/2393/2017
f 2378/2378/2004 2377/2377/2003 2393/2393/2017 2394/2394/2004
f 2379/2379/2005 2378/2378/2004 2394/2394/2004 2395/2395/2018
f 2380/2380/2006 2379/2379/2005 2395/2395/2018 2396/2396/2019
f 2381/2381/2007 2380/2380/2006 2396/2396/2019 2397/2397/2020
f 2382/2382/2008 2381/2381/2007 2397/2397/2020 2398/2398/2021
f 2383/2383/2009 2382/2382/2008 2398/2398/2021 2399/2399/2022
f 2384/2384/2010 2383/2383/2009 2399/2399/2022 2400/2400/2023
f 2385/2385/2011 2384/2384/2010 2400/2400/2023 2401/2401/2024
f 2386/2386/2012 2385/2385/2011 2401/2401/2024 2402/2402/2025
f 2387/2387/2013 2386/2386/2012 2402/2402/2025 2403/2403/2026
f 2388/2388/2014 2387/2387/2013 2403/2403/2026 2404/2404/2027
f 2390/2390/2015 2389/2389/1973 2405/2405/1973 2406/2406/2015
f 2391/2391/2001 2390/2390/2015 2406/2406/2015 2407/2407/2028
f 2392/2392/2016 2391/2391/2001 2407/2407/2028 2408/2408/2016
f 2393/2393/2017 2392/2392/2016 2408/2408/2016 2409/2409/2029
f 2394/2394/2004 2393/2393/2017 2409/2409/2029 2410/2410/2030
f 2395/2395/2018 2394/2394/2004 2410/2410/2030 2411/2411/2031
f 2396/2396/2019 2395/2395/2018 2411/2411/2031 2412/2412/2032
f 2397/2397/2020 2396/2396/2019 2412/2412/2032 2413/2413/2033
f 2398/2398/2021 2397/2397/2020 2413/2413/2033 2414/2414/2034
f 2399/2399/2022 2398/2398/2021 2414/2414/2034 2415/2415/2035
f 2400/2400/2023 2399/2399/2022 2415/2415/2035 2416/2416/2036
f 2401/2401/2024 2400/2400/2023 2416/2416/2036 2417/2417/2037
f 2402/2402/2025 2401/2401/2024 2417/2417/2037 2418/2418/2038
f 2403/2403/2026 2402/2402/2025 2418/2418/2038 2419/2419/2039
f 2404/2404/2027 2403/2403/2026 2419/2419/2039 2420/2420/2040
f 2406/2406/2015 2405/2405/1973 2421/2421/1973 2422/2422/2015
f 2407/2407/2028 2406/2406/2015 2422/2422/2015 2423/2423/2028
f 2408/2408/2016 2407/2407/2028 2423/2423/2028 2424/2424/2041
f 2409/2409/2029 2408/2408/2016 2424/2424/2041 2425/2425/2042
f 2410/2410/2030 2409/2409/2029 2425/2425/2042 2426/2426/2043
f 2411/2411/2031 2410/2410/2030 2426/2426/2043 2427/2427/2044
f 2412/2412/2032 2411/2411/2031 2427/2427/2044 2428/2428/2045
f 2413/2413/2033 2412/2412/2032 2428/2428/2045 2429/2429/2046
f 2414/2414/2034 2413/2413/2033 2429/2429/2046 2430/2430/2047
f 2415/2415/2035 2414/2414/2034 2430/2430/2047 2431/2431/2048
f 2416/2416/2036 2415/2415/2035 2431/2431/2048 2432/2432/2049
f 2417/2417/2037 2416/2416/2036 2432/2432/2049 2433/2433/2050
f 2418/2418/2038 2417/2417/2037 2433/2433/2050 2434/2434/2051
f 2419/2419/2039 2418/2418/2038 2434/2434/2051 2435/2435/2052
f 2420/2420/2040 2419/2419/2039 2435/2435/2052 2436/2436/2053
f 2422/2422/2015 2421/2421/1973 2437/2437/2054 2438/2438/2015
f 2423/2423/2028 2422/2422/2015 2438/2438/2015 2439/2439/2055
f 2424/2424/2041 2423/2423/2028 2439/2439/2055 2440/2440/2056
f 2425/2425/2042 2424/2424/2041 2440/2440/2056 2441/2441/2057
f 2426/2426/2043 2425/2425/2042 2441/2441/2057 2442/2442/2058
f 2427/2427/2044 2426/2426/2043 2442/2442/2058 2443/2443/2059
f 2428/2428/2045 2427/2427/2044 2443/2443/2059 2444/2444/2060
f 2429/2429/2046 2428/2428/2045 2444/2444/2060 2445/2445/2061
f 2430/2430/2047 2429/2429/2046 2445/2445/2061 2446/2446/2062
f 2431/2431/2048 2430/2430/2047 2446/2446/2062 2447/2447/2063
f 2432/2432/2049 2431/2431/2048 2447/2447/2063 2448/2448/2064
f 2433/2433/2050 2432/2432/2049 2448/2448/2064 2449/2449/2065
f 2434/2434/2051 2433/2433/2050 2449/2449/2065 2450/2450/2066
f 2435/2435/2052 2434/2434/2051 2450/2450/2066 2451/2451/2067
f 2436/2436/2053 2435/2435/2052 2451/2451/2067 2452/2452/2068
f 2438/2438/2015 2437/2437/2054 2453/2453/2054 2454/2454/2069
f 2439/2439/2055 2438/2438/2015 2454/2454/2069 2455/2455/2055
f 2440/2440/2056 2439/2439/2055 2455/2455/2055 2456/2456/2056
f 2441/2441/2057 2440/2440/2056 2456/2456/2056 2457/2457/2070
f 2442/2442/2058 2441/2441/2057 2457/2457/2070 2458/2458/2071
f 2443/2443/2059 2442/2442/2058 2458/2458/2071 2459/2459/2072
f 2444/2444/2060 2443/2443/2059 2459/2459/2072 2460/2460/2073
f 2445/2445/2061 2444/2444/2060 2460/2460/2073 2461/2461/2074
f 2446/2446/2062 2445/2445/2061 2461/2461/2074 2462/2462/2075
f 2447/2447/2063 2446/2446/2062 2462/2462/2075 2463/2463/2076
f 2448/2448/2064 2447/2447/2063 2463/2463/2076 2464/2464/2077
f 2449/2449/2065 2448/2448/2064 2464/2464/2077 2465/2465/2078
f 2450/2450/2066 2449/2449/2065 2465/2465/2078 2466/2466/2079
f 2451/2451/2067 2450/2450/2066 2466/2466/2079 2467/2467/2080
f 2452/2452/2068 2451/2451/2067 2467/2467/2080 2468/2468/2081
f 2454/2454/2069 2453/2453/2054 2469/2469/2054 2470/2470/2082
f 2455/2455/2055 2454/2454/2069 2470/2470/2082 2471/2471/2083
f 2456/2456/2056 2455/2455/2055 2471/2471/2083 2472/2472/2084
f 2457/2457/2070 2456/2456/2056 2472/2472/2084 2473/2473/2085
f 2458/2458/2071 2457/2457/2070 2473/2473/2085 2474/2474/2086
f 2459/2459/2072 2458/2458/2071 2474/2474/2086 2475/2475/2087
f 2460/2460/2073 2459/2459/2072 2475/2475/2087 2476/2476/2088
f 2461/2461/2074 2460/2460/2073 2476/2476/2088 2477/2477/2089
f 2462/2462/2075 2461/2461/2074 2477/2477/2089 2478/2478/2090
f 2463/2463/2076 2462/2462/2075 2478/2478/2090 2479/2479/2091
f 2464/2464/2077 2463/2463/2076 2479/2479/2091 2480/2480/2092
f 2465/2465/2078 2464/2464/2077 2480/2480/2092 2481/2481/2093
f 2466/2466/2079 2465/2465/2078 2481/2481/2093 2482/2482/2094
f 2467/2467/2080 2466/2466/2079 2482/2482/2094 2483/2483/2095
f 2468/2468/2081 2467/2467/2080 2483/2483/2095 2484/2484/2096
f 2470/2470/2082 2469/2469/2054 2485/2485/2054 2486/2486/2082
f 2471/2471/2083 2470/2470/2082 2486/2486/2082 2487/2487/2083
f 2472/2472/2084 2471/2471/2083 2487/2487/2083 2488/2488/2084
f 2473/2473/2085 2472/2472/2084 2488/2488/2084 2489/2489/2097
f 2474/2474/2086 2473/2473/2085 2489/2489/2097 2490/2490/2098
f 2475/2475/2087 2474/2474/2086 2490/2490/2098 2491/2491/2099
f 2476/2476/2088 2475/2475/2087 2491/2491/2099 2492/2492/2100
f 2477/2477/2089 2476/2476/2088 2492/2492/2100 2493/2493/2101
f 2478/2478/2090 2477/2477/2089 2493/2493/2101 2494/2494/2102
f 2479/2479/2091 2478/2478/2090 2494/2494/2102 2495/2495/2103
f 2480/2480/2092 2479/2479/2091 2495/2495/2103 2496/2496/2104
f 2481/2481/2093 2480/2480/2092 2496/2496/2104 2497/2497/2105
f 2482/2482/2094 2481/2481/2093 2497/2497/2105 2498/2498/2106
f 2483/2483/2095 2482/2482/2094 2498/2498/2106 2499/2499/2107
f 2484/2484/2096 2483/2483/2095 2499/2499/2107 2500/2500/2108
f 2486/2486/2082 2485/2485/2054 2501/2501/2054 2502/2502/2082
f 2487/2487/2083 2486/2486/2082 2502/2502/2082 2503/2503/2083
f 2488/2488/2084 2487/2487/2083 2503/2503/2083 2504/2504/2109
f 2489/2489/2097 2488/2488/2084 2504/2504/2109 2505/2505/2110
f 2490/2490/2098 2489/2489/2097 2505/2505/2110 2506/2506/2111
f 2491/2491/2099 2490/2490/2098 2506/2506/2111 2507/2507/2112
f 2492/2492/2100 2491/2491/2099 2507/2507/2112 2508/2508/2113
f 2493/2493/2101 2492/2492/2100 2508/2508/2113 2509/2509/2114
f 2494/2494/2102 2493/2493/2101 2509/2509/2114 2510/2510/2115
f 2495/2495/2103 2494/2494/2102 2510/2510/2115 2511/2511/2116
f 2496/2496/2104 2495/2495/2103 2511/2511/2116 2512/2512/2117
f 2497/2497/2105 2496/2496/2104 2512/2512/2117 2513/2513/2118
f 2498/2498/2106 2497/2497/2105 2513/2513/2118 2514/2514/2119
f 2499/2499/2107 2498/2498/2106 2514/2514/2119 2515/2515/2120
f 2500/2500/2108 2499/2499/2107 2515/2515/2120 2516/2516/2121
f 2502/2502/2082 2501/2501/2054 2517/2517/2054 2518/2518/2122
f 2503/2503/2083 2502/2502/2082 2518/2518/2122 2519/2519/2123
f 2504/2504/2109 2503/2503/2083 2519/2519/2123 2520/2520/2124
f 2505/2505/2110 2504/2504/2109 2520/2520/2124 2521/2521/2110
f 2506/2506/2111 2505/2505/2110 2521/2521/2110 2522/2522/2125
f 2507/2507/2112 2506/2506/2111 2522/2522/2125 2523/2523/2126
f 2508/2508/2113 2507/2507/2112 2523/2523/2126 2524/2524/2127
f 2509/2509/2114 2508/2508/2113 2524/2524/2127 2525/2525/2128
f 2510/2510/2115 2509/2509/2114 2525/2525/2128 2526/2526/2129
f 2511/2511/2116 2510/2510/2115 2526/2526/2129 2527/2527/2130
f 2512/2512/2117 2511/2511/2116 2527/2527/2130 2528/2528/2131
f 2513/2513/2118 2512/2512/2117 2528/2528/2131 2529/2529/2132
f 2514/2514/2119 2513/2513/2118 2529/2529/2132 2530/2530/2133
f 2515/2515/2120 2514/2514/2119 2530/2530/2133 2531/2531/2134
f 2516/2516/2121 2515/2515/2120 2531/2531/2134 2532/2532/2135
f 2518/2518/2122 2517/2517/2054 2533/2533/2054 2534/2534/2122
f 2519/2519/2123 2518/2518/2122 2534/2534/2122 2535/2535/2123
f 2520/2520/2124 2519/2519/2123 2535/2535/2123 2536/2536/2124
f 2521/2521/2110 2520/2520/2124 2536/2536/2124 2537/2537/2136
f 2522/2522/2125 2521/2521/2110 2537/2537/2136 2538/2538/2137
f 2523/2523/2126 2522/2522/2125 2538/2538/2137 2539/2539/2138
f 2524/2524/2127 2523/2523/2126 2539/2539/2138 2540/2540/2139
f 2525/2525/2128 2524/2524/2127 2540/2540/2139 2541/2541/2140
f 2526/2526/2129 2525/2525/2128 2541/2541/2140 2542/2542/2141
f 2527/2527/2130 2526/2526/2129 2542/2542/2141 2543/2543/2142
f 2528/2528/2131 2527/2527/2130 2543/2543/2142 2544/2544/2143
f 2529/2529/2132 2528/2528/2131 2544/2544/2143 2545/2545/2144
f 2530/2530/2133 2529/2529/2132 2545/2545/2144 2546/2546/2145
f 2531/2531/2134 2530/2530/2133 2546/2546/2145 2547/2547/2146
f 2532/2532/2135 2531/2531/2134 2547/2547/2146 2548/2548/2147
f 2534/2534/2122 2533/2533/2054 2549/2549/2148 2550/2550/2122
f 2535/2535/2123 2534/2534/2122 2550/2550/2122 2551/2551/2149
f 2536/2536/2124 2535/2535/2123 2551/2551/2149 2552/2552/2150
f 2537/2537/2136 2536/2536/2124 2552/2552/2150 2553/2553/2151
f 2538/2538/2137 2537/2537/2136 2553/2553/2151 2554/2554/2152
f 2539/2539/2138 2538/2538/2137 2554/2554/2152 2555/2555/2153
f 2540/2540/2139 2539/2539/2138 2555/2555/2153 2556/2556/2154
f 2541/2541/2140 2540/2540/2139 2556/2556/2154 2557/2557/2155
f 2542/2542/2141 2541/2541/2140 2557/2557/2155 2558/2558/2156
f 2543/2543/2142 2542/2542/2141 2558/2558/2156 2559/2559/2157
f 2544/2544/2143 2543/2543/2142 2559/2559/2157 2560/2560/2158
f 2545/2545/2144 2544/2544/2143 2560/2560/2158 2561/2561/2159
f 2546/2546/2145 2545/2545/2144 2561/2561/2159 2562/2562/2160
f 2547/2547/2146 2546/2546/2145 2562/2562/2160 2563/2563/2161
f 2548/2548/2147 2547/2547/2146 2563/2563/2161 2564/2564/2162
f 2550/2550/2122 2549/2549/2148 2565/2565/2148 2566/2566/2122
f 2551/2551/2149 2550/2550/2122 2566/2566/2122 2567/2567/2149
f 2552/2552/2150 2551/2551/2149 2567/2567/2149 2568/2568/2150
f 2553/2553/2151 2552/2552/2150 2568/2568/2150 2569/2569/2163
f 2554/2554/2152 2553/2553/2151 2569/2569/2163 2570/2570/2164
f 2555/2555/2153 2554/2554/2152 2570/2570/2164 2571/2571/2165
f 2556/2556/2154 2555/2555/2153 2571/2571/2165 2572/2572/2166
f 2557/2557/2155 2556/2556/2154 2572/2572/2166 2573/2573/2167
f 2558/2558/2156 2557/2557/2155 2573/2573/2167 2574/2574/2168
f 2559/2559/2157 2558/2558/2156 2574/2574/2168 2575/2575/2169
f 2560/2560/2158 2559/2559/2157 2575/2575/2169 2576/2576/2170
f 2561/2561/2159 2560/2560/2158 2576/2576/2170 2577/2577/2171
f 2562/2562/2160 2561/2561/2159 2577/2577/2171 2578/2578/2172
f 2563/2563/2161 2562/2562/2160 2578/2578/2172 2579/2579/2173
f 2564/2564/2162 2563/2563/2161 2579/2579/2173 2580/2580/2174
f 2566/2566/2122 2565/2565/2148 2581/2581/2148 2582/2582/2122
f 2567/2567/2149 2566/2566/2122 2582/2582/2122 2583/2583/2175
f 2568/2568/2150 2567/2567/2149 2583/2583/2175 2584/2584/2176
f 2569/2569/2163 2568/2568/2150 2584/2584/2176 2585/2585/2177
f 2570/2570/2164 2569/2569/2163 2585/2585/2177 2586/2586/2178
f 2571/2571/2165 2570/2570/2164 2586/2586/2178 2587/2587/2179
f 2572/2572/2166 2571/2571/2165 2587/2587/2179 2588/2588/2180
f 2573/2573/2167 2572/2572/2166 2588/2588/2180 2589/2589/2181
f 2574/2574/2168 2573/2573/2167 2589/2589/2181 2590/2590/2182
f 2575/2575/2169 2574/2574/2168 2590/2590/2182 2591/2591/2183
f 2576/2576/2170 2575/2575/2169 2591/2591/2183 2592/2592/2184
f 2577/2577/2171 2576/2576/2170 2592/2592/2184 2593/2593/2185
f 2578/2578/2172 2577/2577/2171 2593/2593/2185 2594/2594/2186
f 2579/2579/2173 2578/2578/2172 2594/2594/2186 2595/2595/2187
f 2580/2580/2174 2579/2579/2173 2595/2595/2187 2596/2596/2188
f 2582/2582/2122 2581/2581/2148 2597/2597/2148 2598/2598/2189
f 2583/2583/2175 2582/2582/2122 2598/2598/2189 2599/2599/2175
f 2584/2584/2176 2583/2583/2175 2599/2599/2175 2600/2600/2190
f 2585/2585/2177 2584/2584/2176 2600/2600/2190 2601/2601/2177
f 2586/2586/2178 2585/2585/2177 2601/2601/2177 2602/2602/2191
f 2587/2587/2179 2586/2586/2178 2602/2602/2191 2603/2603/2192
f 2588/2588/2180 2587/2587/2179 2603/2603/2192 2604/2604/2193
f 2589/2589/2181 2588/2588/2180 2604/2604/2193 2605/2605/2194
f 2590/2590/2182 2589/2589/2181 2605/2605/2194 2606/2606/2195
f 2591/2591/2183 2590/2590/2182 2606/2606/2195 2607/2607/2196
f 2592/2592/2184 2591/2591/2183 2607/2607/2196 2608/2608/2197
f 2593/2593/2185 2592/2592/2184 2608/2608/2197 2609/2609/2198
f 2594/2594/2186 2593/2593/2185 2609/2609/2198 2610/2610/2199
f 2595/2595/2187 2594/2594/2186 2610/2610/2199 2611/2611/2200
f 2596/2596/2188 2595/2595/2187 2611/2611/2200 2612/2612/2201
f 2598/2598/2189 2597/2597/2148 2613/2613/2148 2614/2614/2189
f 2599/2599/2175 2598/2598/2189 2614/2614/2189 2615/2615/2175
f 2600/2600/2190 2599/2599/2175 2615/2615/2175 2616/2616/2190
f 2601/2601/2177 2600/2600/2190 2616/2616/2190 2617/2617/2202
f 2602/2602/2191 2601/2601/2177 2617/2617/2202 2618/2618/2203
f 2603/2603/2192 2602/2602/2191 2618/2618/2203 2619/2619/2204
f 2604/2604/2193 2603/2603/2192 2619/2619/2204 2620/2620/2205
f 2605/2605/2194 2604/2604/2193 2620/2620/2205 2621/2621/2206
f 2606/2606/2195 2605/2605/2194 2621/2621/2206 2622/2622/2207
f 2607/2607/2196 2606/2606/2195 2622/2622/2207 2623/2623/2208
f 2608/2608/2197 2607/2607/2196 2623/2623/2208 2624/2624/2209
f 2609/2609/2198 2608/2608/2197 2624/2624/2209 2625/2625/2210
f 2610/2610/2199 2609/2609/2198 2625/2625/2210 2626/2626/2211
f 2611/2611/2200 2610/2610/2199 2626/2626/2211 2627/2627/2212
f 2612/2612/2201 2611/2611/2200 2627/2627/2212 2628/2628/2213
f 2614/2614/2189 2613/2613/2148 2629/2629/2214 2630/2630/2189
f 2615/2615/2175 2614/2614/2189 2630/2630/2189 2631/2631/2215
f 2616/2616/2190 2615/2615/2175 2631/2631/2215 2632/2632/2216
f 2617/2617/2202 2616/2616/2190 2632/2632/2216 2633/2633/2217
f 2618/2618/2203 2617/2617/2202 2633/2633/2217 2634/2634/2218
f 2619/2619/2204 2618/2618/2203 2634/2634/2218 2635/2635/2219
f 2620/2620/2205 2619/2619/2204 2635/2635/2219 2636/2636/2220
f 2621/2621/2206 2620/2620/2205 2636/2636/2220 2637/2637/2221
f 2622/2622/2207 2621/2621/2206 2637/2637/2221 2638/2638/2222
f 2623/2623/2208 2622/2622/2207 2638/2638/2222 2639/2639/2223
f 2624/2624/2209 2623/2623/2208 2639/2639/2223 2640/2640/2224
f 2625/2625/2210 2624/2624/2209 2640/2640/2224 2641/2641/2225
f 2626/2626/2211 2625/2625/2210 2641/2641/2225 2642/2642/2226
f 2627/2627/2212 2626/2626/2211 2642/2642/2226 2643/2643/2227
f 2628/2628/2213 2627/2627/2212 2643/2643/2227 2644/2644/2228
f 2630/2630/2189 2629/2629/2214 2645/2645/2214 2646/2646/2189
f 2631/2631/2215 2630/2630/2189 2646/2646/2189 2647/2647/2215
f 2632/2632/2216 2631/2631/2215 2647/2647/2215 2648/2648/2216
f 2633/2633/2217 2632/2632/2216 2648/2648/2216 2649/2649/2229
f 2634/2634/2218 2633/2633/2217 2649/2649/2229 2650/2650/2230
f 2635/2635/2219 2634/2634/2218 2650/2650/2230 2651/2651/2231
f 2636/2636/2220 2635/2635/2219 2651/2651/2231 2652/2652/2232
f 2637/2637/2221 2636/2636/2220 2652/2652/2232 2653/2653/2233
f 2638/2638/2222 2637/2637/2221 2653/2653/2233 2654/2654/2234
f 2639/2639/2223 2638/2638/2222 2654/2654/2234 2655/2655/2235
f 2640/2640/2224 2639/2639/2223 2655/2655/2235 2656/2656/2236
f 2641/2641/2225 2640/2640/2224 2656/2656/2236 2657/2657/2237
f 2642/2642/2226 2641/2641/2225 2657/2657/2237 2658/2658/2238
f 2643/2643/2227 2642/2642/2226 2658/2658/2238 2659/2659/2239
f 2644/2644/2228 2643/2643/2227 2659/2659/2239 2660/2660/2240
f 2646/2646/2189 2645/2645/2214 2661/2661/2214 2662/2662/2241
f 2647/2647/2215 2646/2646/2189 2662/2662/2241 2663/2663/2215
f 2648/2648/2216 2647/2647/2215 2663/2663/2215 2664/2664/2242
f 2649/2649/2229 2648/2648/2216 2664/2664/2242 2665/2665/2243
f 2650/2650/2230 2649/2649/2229 2665/2665/2243 2666/2666/2230
f 2651/2651/2231 2650/2650/2230 2666/2666/2230 2667/2667/2244
f 2652/2652/2232 2651/2651/2231 2667/2667/2244 2668/2668/2245
f 2653/2653/2233 2652/2652/2232 2668/2668/2245 2669/2669/2246
f 2654/2654/2234 2653/2653/2233 2669/2669/2246 2670/2670/2247
f 2655/2655/2235 2654/2654/2234 2670/2670/2247 2671/2671/2248
f 2656/2656/2236 2655/2655/2235 2671/2671/2248 2672/2672/2249
f 2657/2657/2237 2656/2656/2236 2672/2672/2249 2673/2673/2250
f 2658/2658/2238 2657/2657/2237 2673/2673/2250 2674/2674/2251
f 2659/2659/2239 2658/2658/2238 2674/2674/2251 2675/2675/2252
f 2660/2660/2240 2659/2659/2239 2675/2675/2252 2676/2676/2253
f 2662/2662/2241 2661/2661/2214 2677/2677/2214 2678/2678/2241
f 2663/2663/2215 2662/2662/2241 2678/2678/2241 2679/2679/2254
f 2664/2664/2242 2663/2663/2215 2679/2679/2254 2680/2680/2255
f 2665/2665/2243 2664/2664/2242 2680/2680/2255 2681/2681/2256
f 2666/2666/2230 2665/2665/2243 2681/2681/2256 2682/2682/2257
f 2667/2667/2244 2666/2666/2230 2682/2682/2257 2683/2683/2258
f 2668/2668/2245 2667/2667/2244 2683/2683/2258 2684/2684/2259
f 2669/2669/2246 2668/2668/2245 2684/2684/2259 2685/2685/2260
f 2670/2670/2247 2669/2669/2246 2685/2685/2260 2686/2686/2261
f 2671/2671/2248 2670/2670/2247 2686/2686/2261 2687/2687/2262
f 2672/2672/2249 2671/2671/2248 2687/2687/2262 2688/2688/2263
f 2673/2673/2250 2672/2672/2249 2688/2688/2263 2689/2689/2264
f 2674/2674/2251 2673/2673/2250 2689/2689/2264 2690/2690/2265
f 2675/2675/2252 2674/2674/2251 2690/2690/2265 2691/2691/2266
f 2676/2676/2253 2675/2675/2252 2691/2691/2266 2692/2692/2267
f 2678/2678/2241 2677/2677/2214 2693/2693/2214 2694/2694/2241
f 2679/2679/2254 2678/2678/2241 2694/2694/2241 2695/2695/2254
f 2680/2680/2255 2679/2679/2254 2695/2695/2254 2696/2696/2255
f 2681/2681/2256 2680/2680/2255 2696/2696/2255 2697/2697/2256
f 2682/2682/2257 2681/2681/2256 2697/2697/2256 2698/2698/2257
f 2683/2683/2258 2682/2682/2257 2698/2698/2257 2699/2699/2268
f 2684/2684/2259 2683/2683/2258 2699/2699/2268 2700/2700/2269
f 2685/2685/2260 2684/2684/2259 2700/2700/2269 2701/2701/2270
f 2686/2686/2261 2685/2685/2260 2701/2701/2270 2702/2702/2271
f 2687/2687/2262 2686/2686/2261 2702/2702/2271 2703/2703/2272
f 2688/2688/2263 2687/2687/2262 2703/2703/2272 2704/2704/2273
f 2689/2689/2264 2688/2688/2263 2704/2704/2273 2705/2705/2274
f 2690/2690/2265 2689/2689/2264 2705/2705/2274 2706/2706/2275
f 2691/2691/2266 2690/2690/2265 2706/2706/2275 2707/2707/2276
f 2692/2692/2267 2691/2691/2266 2707/2707/2276 2708/2708/2277
f 2694/2694/2241 2693/2693/2214 2709/2709/2214 2710/2710/2241
f 2695/2695/2254 2694/2694/2241 2710/2710/2241 2711/2711/2278
f 2696/2696/2255 2695/2695/2254 2711/2711/2278 2712/2712/2279
f 2697/2697/2256 2696/2696/2255 2712/2712/2279 2713/2713/2280
f 2698/2698/2257 2697/2697/2256 2713/2713/2280 2714/2714/2281
f 2699/2699/2268 2698/2698/2257 2714/2714/2281 2715/2715/2282
f 2700/2700/2269 2699/2699/2268 2715/2715/2282 2716/2716/2283
f 2701/2701/2270 2700/2700/2269 2716/2716/2283 2717/2717/2284
f 2702/2702/2271 2701/2701/2270 2717/2717/2284 2718/2718/2285
f 2703/2703/2272 2702/2702/2271 2718/2718/2285 2719/2719/2286
f 2704/2704/2273 2703/2703/2272 2719/2719/2286 2720/2720/2287
f 2705/2705/2274 2704/2704/2273 2720/2720/2287 2721/2721/2288
f 2706/2706/2275 2705/2705/2274 2721/2721/2288 2722/2722/2289
f 2707/2707/2276 2706/2706/2275 2722/2722/2289 2723/2723/2290
f 2708/2708/2277 2707/2707/2276 2723/2723/2290 2724/2724/2291
f 2710/2710/2241 2709/2709/2214 2725/2725/2214 2726/2726/2292
f 2711/2711/2278 2710/2710/2241 2726/2726/2292 2727/2727/2278
f 2712/2712/2279 2711/2711/2278 2727/2727/2278 2728/2728/2293
f 2713/2713/2280 2712/2712/2279 2728/2728/2293 2729/2729/2294
f 2714/2714/2281 2713/2713/2280 2729/2729/2294 2730/2730/2281
f 2715/2715/2282 2714/2714/2281 2730/2730/2281 2731/2731/2295
f 2716/2716/2283 2715/2715/2282 2731/2731/2295 2732/2732/2296
f 2717/2717/2284 2716/2716/2283 2732/2732/2296 2733/2733/2297
f 2718/2718/2285 2717/2717/2284 2733/2733/2297 2734/2734/2298
f 2719/2719/2286 2718/2718/2285 2734/2734/2298 2735/2735/2299
f 2720/2720/2287 2719/2719/2286 2735/2735/2299 2736/2736/2300
f 2721/2721/2288 2720/2720/2287 2736/2736/2300 2737/2737/2301
f 2722/2722/2289 2721/2721/2288 2737/2737/2301 2738/2738/2302
f 2723/2723/2290 2722/2722/2289 2738/2738/2302 2739/2739/2303
f 2724/2724/2291 2723/2723/2290 2739/2739/2303 2740/2740/2304
f 2726/2726/2292 2725/2725/2214 2741/2741/2214 2742/2742/2292
f 2727/2727/2278 2726/2726/2292 2742/2742/2292 2743/2743/2278
f 2728/2728/2293 2727/2727/2278 2743/2743/2278 2744/2744/2293
f 2729/2729/2294 2728/2728/2293 2744/2744/2293 2745/2745/2305
f 2730/2730/2281 2729/2729/2294 2745/2745/2305 2746/2746/2306
f 2731/2731/2295 2730/2730/2281 2746/2746/2306 2747/2747/2307
f 2732/2732/2296 2731/2731/2295 2747/2747/2307 2748/2748/2308
f 2733/2733/2297 2732/2732/2296 2748/2748/2308 2749/2749/2309
f 2734/2734/2298 2733/2733/2297 2749/2749/2309 2750/2750/2310
f 2735/2735/2299 2734/2734/2298 2750/2750/2310 2751/2751/2311
f 2736/2736/2300 2735/2735/2299 2751/2751/2311 2752/2752/2312
f 2737/2737/2301 2736/2736/2300 2752/2752/2312 2753/2753/2313
f 2738/2738/2302 2737/2737/2301 2753/2753/2313 2754/2754/2314
f 2739/2739/2303 2738/2738/2302 2754/2754/2314 2755/2755/2315
f 2740/2740/2304 2739/2739/2303 2755/2755/2315 2756/2756/2316
f 2742/2742/2292 2741/2741/2214 2757/2757/2317 2758/2758/2292
f 2743/2743/2278 2742/2742/2292 2758/2758/2292 2759/2759/2318
f 2744/2744/2293 2743/2743/2278 2759/2759/2318 2760/2760/2319
f 2745/2745/2305 2744/2744/2293 2760/2760/2319 2761/2761/2320
f 2746/2746/2306 2745/2745/2305 2761/2761/2320 2762/2762/2321
f 2747/2747/2307 2746/2746/2306 2762/2762/2321 2763/2763/2322
f 2748/2748/2308 2747/2747/2307 2763/2763/2322 2764/2764/2323
f 2749/2749/2309 2748/2748/2308 2764/2764/2323 2765/2765/2324
f 2750/2750/2310 2749/2749/2309 2765/2765/2324 2766/2766/2325
f 2751/2751/2311 2750/2750/2310 2766/2766/2325 2767/2767/2326
f 2752/2752/2312 2751/2751/2311 2767/2767/2326 2768/2768/2327
f 2753/2753/2313 2752/2752/2312 2768/2768/2327 2769/2769/2328
f 2754/2754/2314 2753/2753/2313 2769/2769/2328 2770/2770/2329
f 2755/2755/2315 2754/2754/2314 2770/2770/2329 2771/2771/2330
f 2756/2756/2316 2755/2755/2315 2771/2771/2330 2772/2772/2331
f 2758/2758/2292 2757/2757/2317 2773/2773/2317 2774/2774/2292
f 2759/2759/2318 2758/2758/2292 2774/2774/2292 2775/2775/2318
f 2760/2760/2319 2759/2759/2318 2775/2775/2318 2776/2776/2319
f 2761/2761/2320 2760/2760/2319 2776/2776/2319 2777/2777/2332
f 2762/2762/2321 2761/2761/2320 2777/2777/2332 2778/2778/2333
f 2763/2763/2322 2762/2762/2321 2778/2778/2333 2779/2779/2334
f 2764/2764/2323 2763/2763/2322 2779/2779/2334 2780/2780/2335
f 2765/2765/2324 2764/2764/2323 2780/2780/2335 2781/2781/2336
f 2766/2766/2325 2765/2765/2324 2781/2781/2336 2782/2782/2337
f 2767/2767/2326 2766/2766/2325 2782/2782/2337 2783/2783/2338
f 2768/2768/2327 2767/2767/2326 2783/2783/2338 2784/2784/2339
f 2769/2769/2328 2768/2768/2327 2784/2784/2339 2785/2785/2340
f 2770/2770/2329 2769/2769/2328 2785/2785/2340 2786/2786/2341
f 2771/2771/2330 2770/2770/2329 2786/2786/2341 2787/2787/2342
f 2772/2772/2331 2771/2771/2330 2787/2787/2342 2788/2788/2343
f 2774/2774/2292 2773/2773/2317 2789/2789/2317 2790/2790/2344
f 2775/2775/2318 2774/2774/2292 2790/2790/2344 2791/2791/2318
f 2776/2776/2319 2775/2775/2318 2791/2791/2318 2792/2792/2345
f 2777/2777/2332 2776/2776/2319 2792/2792/2345 2793/2793/2332
f 2778/2778/2333 2777/2777/2332 2793/2793/2332 2794/2794/2346
f 2779/2779/2334 2778/2778/2333 2794/2794/2346 2795/2795/2347
f 2780/2780/2335 2779/2779/2334 2795/2795/2347 2796/2796/2348
f 2781/2781/2336 2780/2780/2335 2796/2796/2348 2797/2797/2349
f 2782/2782/2337 2781/2781/2336 2797/2797/2349 2798/2798/2350
f 2783/2783/2338 2782/2782/2337 2798/2798/2350 2799/2799/2351
f 2784/2784/2339 2783/2783/2338 2799/2799/2351 2800/2800/2352
f 2785/2785/2340 2784/2784/2339 2800/2800/2352 2801/2801/2353
f 2786/2786/2341 2785/2785/2340 2801/2801/2353 2802/2802/2354
f 2787/2787/2342 2786/2786/2341 2802/2802/2354 2803/2803/2355
f 2788/2788/2343 2787/2787/2342 2803/2803/2355 2804/2804/2356
f 2790/2790/2344 2789/2789/2317 2805/2805/2317 2806/2806/2344
f 2791/2791/2318 2790/2790/2344 2806/2806/2344 2807/2807/2357
f 2792/2792/2345 2791/2791/2318 2807/2807/2357 2808/2808/2358
f 2793/2793/2332 2792/2792/2345 2808/2808/2358 2809/2809/2359
f 2794/2794/2346 2793/2793/2332 2809/2809/2359 2810/2810/2360
f 2795/2795/2347 2794/2794/2346 2810/2810/2360 2811/2811/2361
f 2796/2796/2348 2795/2795/2347 2811/2811/2361 2812/2812/2362
f 2797/2797/2349 2796/2796/2348 2812/2812/2362 2813/2813/2363
f 2798/2798/2350 2797/2797/2349 2813/2813/2363 2814/2814/2364
f 2799/2799/2351 2798/2798/2350 2814/2814/2364 2815/2815/2365
f 2800/2800/2352 2799/2799/2351 2815/2815/2365 2816/2816/2366
f 2801/2801/2353 2800/2800/2352 2816/2816/2366 2817/2817/2367
f 2802/2802/2354 2801/2801/2353 2817/2817/2367 2818/2818/2368
f 2803/2803/2355 2802/2802/2354 2818/2818/2368 2819/2819/2369
f 2804/2804/2356 2803/2803/2355 2819/2819/2369 2820/2820/2370
f 2806/2806/2344 2805/2805/2317 2821/2821/2317 2822/2822/2344
f 2807/2807/2357 2806/2806/2344 2822/2822/2344 2823/2823/2357
f 2808/2808/2358 2807/2807/2357 2823/2823/2357 2824/2824/2358
f 2809/2809/2359 2808/2808/2358 2824/2824/2358 2825/2825/2371
f 2810/2810/2360 2809/2809/2359 2825/2825/2371 2826/2826/2372
f 2811/2811/2361 2810/2810/2360 2826/2826/2372 2827/2827/2373
f 2812/2812/2362 2811/2811/2361 2827/2827/2373 2828/2828/2374
f 2813/2813/2363 2812/2812/2362 2828/2828/2374 2829/2829/2375
f 2814/2814/2364 2813/2813/2363 2829/2829/2375 2830/2830/2376
f 2815/2815/2365 2814/2814/2364 2830/2830/2376 2831/2831/2377
f 2816/2816/2366 2815/2815/2365 2831/2831/2377 2832/2832/2378
f 2817/2817/2367 2816/2816/2366 2832/2832/2378 2833/2833/2379
f 2818/2818/2368 2817/2817/2367 2833/2833/2379 2834/2834/2380
f 2819/2819/2369 2818/2818/2368 2834/2834/2380 2835/2835/2381
f 2820/2820/2370 2819/2819/2369 2835/2835/2381 2836/2836/2382
f 2822/2822/2344 2821/2821/2317 2837/2837/2383 2838/2838/2344
f 2823/2823/2357 2822/2822/2344 2838/2838/2344 2839/2839/2384
f 2824/2824/2358 2823/2823/2357 2839/2839/2384 2840/2840/2385
f 2825/2825/2371 2824/2824/2358 2840/2840/2385 2841/2841/2386
f 2826/2826/2372 2825/2825/2371 2841/2841/2386 2842/2842/2387
f 2827/2827/2373 2826/2826/2372 2842/2842/2387 2843/2843/2388
f 2828/2828/2374 2827/2827/2373 2843/2843/2388 2844/2844/2389
f 2829/2829/2375 2828/2828/2374 2844/2844/2389 2845/2845/2390
f 2830/2830/2376 2829/2829/2375 2845/2845/2390 2846/2846/2391
f 2831/2831/2377 2830/2830/2376 2846/2846/2391 2847/2847/2392
f 2832/2832/2378 2831/2831/2377 2847/2847/2392 2848/2848/2393
f 2833/2833/2379 2832/2832/2378 2848/2848/2393 2849/2849/2394
f 2834/2834/2380 2833/2833/2379 2849/2849/2394 2850/2850/2395
f 2835/2835/2381 2834/2834/2380 2850/2850/2395 2851/2851/2396
f 2836/2836/2382 2835/2835/2381 2851/2851/2396 2852/2852/2397
f 2838/2838/2344 2837/2837/2383 2853/2853/2383 2854/2854/2344
f 2839/2839/2384 2838/2838/2344 2854/2854/2344 2855/2855/2384
f 2840/2840/2385 2839/2839/2384 2855/2855/2384 2856/2856/2385
f 2841/2841/2386 2840/2840/2385 2856/2856/2385 2857/2857/2398
f 2842/2842/2387 2841/2841/2386 2857/2857/2398 2858/2858/2399
f 2843/2843/2388 2842/2842/2387 2858/2858/2399 2859/2859/2400
f 2844/2844/2389 2843/2843/2388 2859/2859/2400 2860/2860/2401
f 2845/2845/2390 2844/2844/2389 2860/2860/2401 2861/2861/2402
f 2846/2846/2391 2845/2845/2390 2861/2861/2402 2862/2862/2403
f 2847/2847/2392 2846/2846/2391 2862/2862/2403 2863/2863/2404
f 2848/2848/2393 2847/2847/2392 2863/2863/2404 2864/2864/2405
f 2849/2849/2394 2848/2848/2393 2864/2864/2405 2865/2865/2406
f 2850/2850/2395 2849/2849/2394 2865/2865/2406 2866/2866/2407
f 2851/2851/2396 2850/2850/2395 2866/2866/2407 2867/2867/2408
f 2852/2852/2397 2851/2851/2396 2867/2867/2408 2868/2868/2409
f 2854/2854/2344 2853/2853/2383 2869/2869/2383 2870/2870/2410
f 2855/2855/2384 2854/2854/2344 2870/2870/2410 2871/2871/2411
f 2856/2856/2385 2855/2855/2384 2871/2871/2411 2872/2872/2412
f 2857/2857/2398 2856/2856/2385 2872/2872/2412 2873/2873/2398
f 2858/2858/2399 2857/2857/2398 2873/2873/2398 2874/2874/2413
f 2859/2859/2400 2858/2858/2399 2874/2874/2413 2875/2875/2414
f 2860/2860/2401 2859/2859/2400 2875/2875/2414 2876/2876/2415
f 2861/2861/2402 2860/2860/2401 2876/2876/2415 2877/2877/2416
f 2862/2862/2403 2861/2861/2402 2877/2877/2416 2878/2878/2417
f 2863/2863/2404 2862/2862/2403 2878/2878/2417 2879/2879/2418
f 2864/2864/2405 2863/2863/2404 2879/2879/2418 2880/2880/2419
f 2865/2865/2406 2864/2864/2405 2880/2880/2419 2881/2881/2420
f 2866/2866/2407 2865/2865/2406 2881/2881/2420 2882/2882/2421
f 2867/2867/2408 2866/2866/2407 2882/2882/2421 2883/2883/2422
f 2868/2868/2409 2867/2867/2408 2883/2883/2422 2884/2884/2423
f 2870/2870/2410 2869/2869/2383 2885/2885/2383 2886/2886/2410
f 2871/2871/2411 2870/2870/2410 2886/2886/2410 2887/2887/2411
f 2872/2872/2412 2871/2871/2411 2887/2887/2411 2888/2888/2424
f 2873/2873/2398 2872/2872/2412 2888/2888/2424 2889/2889/2425
f 2874/2874/2413 2873/2873/2398 2889/2889/2425 2890/2890/2426
f 2875/2875/2414 2874/2874/2413 2890/2890/2426 2891/2891/2427
f 2876/2876/2415 2875/2875/2414 2891/2891/2427 2892/2892/2428
f 2877/2877/2416 2876/2876/2415 2892/2892/2428 2893/2893/2429
f 2878/2878/2417 2877/2877/2416 2893/2893/2429 2894/2894/2430
f 2879/2879/2418 2878/2878/2417 2894/2894/2430 2895/2895/2431
f 2880/2880/2419 2879/2879/2418 2895/2895/2431 2896/2896/2432
f 2881/2881/2420 2880/2880/2419 2896/2896/2432 2897/2897/2433
f 2882/2882/2421 2881/2881/2420 2897/2897/2433 2898/2898/2434
f 2883/2883/2422 2882/2882/2421 2898/2898/2434 2899/2899/2435
f 2884/2884/2423 2883/2883/2422 2899/2899/2435 2900/2900/2436
f 2886/2886/2410 2885/2885/2383 2901/2901/2383 2902/2902/2410
f 2887/2887/2411 2886/2886/2410 2902/2902/2410 2903/2903/2411
f 2888/2888/2424 2887/2887/2411 2903/2903/2411 2904/2904/2424
f 2889/2889/2425 2888/2888/2424 2904/2904/2424 2905/2905/2437
f 2890/2890/2426 2889/2889/2425 2905/2905/2437 2906/2906/2438
f 2891/2891/2427 2890/2890/2426 2906/2906/2438 2907/2907/2439
f 2892/2892/2428 2891/2891/2427 2907/2907/2439 2908/2908/2440
f 2893/2893/2429 2892/2892/2428 2908/2908/2440 2909/2909/2441
f 2894/2894/2430 2893/2893/2429 2909/2909/2441 2910/2910/2442
f 2895/2895/2431 2894/2894/2430 2910/2910/2442 2911/2911/2443
f 2896/2896/2432 2895/2895/2431 2911/2911/2443 2912/2912/2444
f 2897/2897/2433 2896/2896/2432 2912/2912/2444 2913/2913/2445
f 2898/2898/2434 2897/2897/2433 2913/2913/2445 2914/2914/2446
f 2899/2899/2435 2898/2898/2434 2914/2914/2446 2915/2915/2447
f 2900/2900/2436 2899/2899/2435 2915/2915/2447 2916/2916/2448
f 2902/2902/2410 2901/2901/2383 2917/2917/2383 2918/2918/2449
f 2903/2903/2411 2902/2902/2410 2918/2918/2449 2919/2919/2450
f 2904/2904/2424 2903/2903/2411 2919/2919/2450 2920/2920/2451
f 2905/2905/2437 2904/2904/2424 2920/2920/2451 2921/2921/2452
f 2906/2906/2438 2905/2905/2437 2921/2921/2452 2922/2922/2453
f 2907/2907/2439 2906/2906/2438 2922/2922/2453 2923/2923/2454
f 2908/2908/2440 2907/2907/2439 2923/2923/2454 2924/2924/2455
f 2909/2909/2441 2908/2908/2440 2924/2924/2455 2925/2925/2456
f 2910/2910/2442 2909/2909/2441 2925/2925/2456 2926/2926/2457
f 2911/2911/2443 2910/2910/2442 2926/2926/2457 2927/2927/2458
f 2912/2912/2444 2911/2911/2443 2927/2927/2458 2928/2928/2459
f 2913/2913/2445 2912/2912/2444 2928/2928/2459 2929/2929/2460
f 2914/2914/2446 2913/2913/2445 2929/2929/2460 2930/2930/2461
f 2915/2915/2447 2914/2914/2446 2930/2930/2461 2931/2931/2462
f 2916/2916/2448 2915/2915/2447 2931/2931/2462 2932/2932/2463
f 2918/2918/2449 2917/2917/2383 2933/2933/2383 2934/2934/2464
f 2919/2919/2450 2918/2918/2449 2934/2934/2464 2935/2935/2450
f 2920/2920/2451 2919/2919/2450 2935/2935/2450 2936/2936/2451
f 2921/2921/2452 2920/2920/2451 2936/2936/2451 2937/2937/2465
f 2922/2922/2453 2921/2921/2452 2937/2937/2465 2938/2938/2466
f 2923/2923/2454 2922/2922/2453 2938/2938/2466 2939/2939/2467
f 2924/2924/2455 2923/2923/2454 2939/2939/2467 2940/2940/2468
f 2925/2925/2456 2924/2924/2455 2940/2940/2468 2941/2941/2469
f 2926/2926/2457 2925/2925/2456 2941/2941/2469 2942/2942/2470
f 2927/2927/2458 2926/2926/2457 2942/2942/2470 2943/2943/2471
f 2928/2928/2459 2927/2927/2458 2943/2943/2471 2944/2944/2472
f 2929/2929/2460 2928/2928/2459 2944/2944/2472 2945/2945/2473
f 2930/2930/2461 2929/2929/2460 2945/2945/2473 2946/2946/2474
f 2931/2931/2462 2930/2930/2461 2946/2946/2474 2947/2947/2475
f 2932/2932/2463 2931/2931/2462 2947/2947/2475 2948/2948/2476
f 2934/2934/2464 2933/2933/2383 2949/2949/2383 2950/2950/2464
f 2935/2935/2450 2934/2934/2464 2950/2950/2464 2951/2951/2477
f 2936/2936/2451 2935/2935/2450 2951/2951/2477 2952/2952/2478
f 2937/2937/2465 2936/2936/2451 2952/2952/2478 2953/2953/2479
f 2938/2938/2466 2937/2937/2465 2953/2953/2479 2954/2954/2480
f 2939/2939/2467 2938/2938/2466 2954/2954/2480 2955/2955/2481
f 2940/2940/2468 2939/2939/2467 2955/2955/2481 2956/2956/2482
f 2941/2941/2469 2940/2940/2468 2956/2956/2482 2957/2957/2483
f 2942/2942/2470 2941/2941/2469 2957/2957/2483 2958/2958/2484
f 2943/2943/2471 2942/2942/2470 2958/2958/2484 2959/2959/2485
f 2944/2944/2472 2943/2943/2471 2959/2959/2485 2960/2960/2486
f 2945/2945/2473 2944/2944/2472 2960/2960/2486 2961/2961/2487
f 2946/2946/2474 2945/2945/2473 2961/2961/2487 2962/2962/2488
f 2947/2947/2475 2946/2946/2474 2962/2962/2488 2963/2963/2489
f 2948/2948/2476 2947/2947/2475 2963/2963/2489 2964/2964/2490
f 2950/2950/2464 2949/2949/2383 2965/2965/2491 2966/2966/2464
f 2951/2951/2477 2950/2950/2464 2966/2966/2464 2967/2967/2477
f 2952/2952/2478 2951/2951/2477 2967/2967/2477 2968/2968/2492
f 2953/2953/2479 2952/2952/2478 2968/2968/2492 2969/2969/2493
f 2954/2954/2480 2953/2953/2479 2969/2969/2493 2970/2970/2494
f 2955/2955/2481 2954/2954/2480 2970/2970/2494 2971/2971/2495
f 2956/2956/2482 2955/2955/2481 2971/2971/2495 2972/2972/2496
f 2957/2957/2483 2956/2956/2482 2972/2972/2496 2973/2973/2497
f 2958/2958/2484 2957/2957/2483 2973/2973/2497 2974/2974/2498
f 2959/2959/2485 2958/2958/2484 2974/2974/2498 2975/2975/2499
f 2960/2960/2486 2959/2959/2485 2975/2975/2499 2976/2976/2500
f 2961/2961/2487 2960/2960/2486 2976/2976/2500 2977/2977/2501
f 2962/2962/2488 2961/2961/2487 2977/2977/2501 2978/2978/2502
f 2963/2963/2489 2962/2962/2488 2978/2978/2502 2979/2979/2503
f 2964/2964/2490 2963/2963/2489 2979/2979/2503 2980/2980/2504
f 2966/2966/2464 2965/2965/2491 2981/2981/2491 2982/2982/2464
f 2967/2967/2477 2966/2966/2464 2982/2982/2464 2983/2983/2505
f 2968/2968/2492 2967/2967/2477 2983/2983/2505 2984/2984/2492
f 2969/2969/2493 2968/2968/2492 2984/2984/2492 2985/2985/2506
f 2970/2970/2494 2969/2969/2493 2985/2985/2506 2986/2986/2507
f 2971/2971/2495 2970/2970/2494 2986/2986/2507 2987/2987/2508
f 2972/2972/2496 2971/2971/2495 2987/2987/2508 2988/2988/2509
f 2973/2973/2497 2972/2972/2496 2988/2988/2509 2989/2989/2510
f 2974/2974/2498 2973/2973/2497 2989/2989/2510 2990/2990/2511
f 2975/2975/2499 2974/2974/2498 2990/2990/2511 2991/2991/2512
f 2976/2976/2500 2975/2975/2499 2991/2991/2512 2992/2992/2513
f 2977/2977/2501 2976/2976/2500 2992/2992/2513 2993/2993/2514
f 2978/2978/2502 2977/2977/2501 2993/2993/2514 2994/2994/2515
f 2979/2979/2503 2978/2978/2502 2994/2994/2515 2995/2995/2516
f 2980/2980/2504 2979/2979/2503 2995/2995/2516 2996/2996/2517
f 2982/2982/2464 2981/2981/2491 2997/2997/2491 2998/2998/2518
f 2983/2983/2505 2982/2982/2464 2998/2998/2518 2999/2999/2505
f 2984/2984/2492 2983/2983/2505 2999/2999/2505 3000/3000/2519
f 2985/2985/2506 2984/2984/2492 3000/3000/2519 3001/3001/2520
f 2986/2986/2507 2985/2985/2506 3001/3001/2520 3002/3002/2507
f 2987/2987/2508 2986/2986/2507 3002/3002/2507 3003/3003/2521
f 2988/2988/2509 2987/2987/2508 3003/3003/2521 3004/3004/2522
f 2989/2989/2510 2988/2988/2509 3004/3004/2522 3005/3005/2523
f 2990/2990/2511 2989/2989/2510 3005/3005/2523 3006/3006/2524
f 2991/2991/2512 2990/2990/2511 3006/3006/2524 3007/3007/2525
f 2992/2992/2513 2991/2991/2512 3007/3007/2525 3008/3008/2526
f 2993/2993/2514 2992/2992/2513 3008/3008/2526 3009/3009/2527
f 2994/2994/2515 2993/2993/2514 3009/3009/2527 3010/3010/2528
f 2995/2995/2516 2994/2994/2515 3010/3010/2528 3011/3011/2529
f 2996/2996/2517 2995/2995/2516 3011/3011/2529 3012/3012/2530
f 2998/2998/2518 2997/2997/2491 3013/3013/2491 3014/3014/2518
f 2999/2999/2505 2998/2998/2518 3014/3014/2518 3015/3015/2531
f 3000/3000/2519 2999/2999/2505 3015/3015/2531 3016/3016/2532
f 3001/3001/2520 3000/3000/2519 3016/3016/2532 3017/3017/2533
f 3002/3002/2507 3001/3001/2520 3017/3017/2533 3018/3018/2534
f 3003/3003/2521 3002/3002/2507 3018/3018/2534 3019/3019/2535
f 3004/3004/2522 3003/3003/2521 3019/3019/2535 3020/3020/2536
f 3005/3005/2523 3004/3004/2522 3020/3020/2536 3021/3021/2537
f 3006/3006/2524 3005/3005/2523 3021/3021/2537 3022/3022/2538
f 3007/3007/2525 3006/3006/2524 3022/3022/2538 3023/3023/2539
f 3008/3008/2526 3007/3007/2525 3023/3023/2539 3024/3024/2540
f 3009/3009/2527 3008/3008/2526 3024/3024/2540 3025/3025/2541
f 3010/3010/2528 3009/3009/2527 3025/3025/2541 3026/3026/2542
f 3011/3011/2529 3010/3010/2528 3026/3026/2542 3027/3027/2543
f 3012/3012/2530 3011/3011/2529 3027/3027/2543 3028/3028/2544
f 3014/3014/2518 3013/3013/2491 3029/3029/2491 3030/3030/2518
f 3015/3015/2531 3014/3014/2518 3030/3030/2518 3031/3031/2531
f 3016/3016/2532 3015/3015/2531 3031/3031/2531 3032/3032/2545
f 3017/3017/2533 3016/3016/2532 3032/3032/2545 3033/3033/2546
f 3018/3018/2534 3017/3017/2533 3033/3033/2546 3034/3034/2547
f 3019/3019/2535 3018/3018/2534 3034/3034/2547 3035/3035/2548
f 3020/3020/2536 3019/3019/2535 3035/3035/2548 3036/3036/2549
f 3021/3021/2537 3020/3020/2536 3036/3036/2549 3037/3037/2550
f 3022/3022/2538 3021/3021/2537 3037/3037/2550 3038/3038/2551
f 3023/3023/2539 3022/3022/2538 3038/3038/2551 3039/3039/2552
f 3024/3024/2540 3023/3023/2539 3039/3039/2552 3040/3040/2553
f 3025/3025/2541 3024/3024/2540 3040/3040/2553 3041/3041/2554
f 3026/3026/2542 3025/3025/2541 3041/3041/2554 3042/3042/2555
f 3027/3027/2543 3026/3026/2542 3042/3042/2555 3043/3043/2556
f 3028/3028/2544 3027/3027/2543 3043/3043/2556 3044/3044/2557
f 3030/3030/2518 3029/3029/2491 3045/3045/2558 3046/3046/2518
f 3031/3031/2531 3030/3030/2518 3046/3046/2518 3047/3047/2531
f 3032/3032/2545 3031/3031/2531 3047/3047/2531 3048/3048/2559
f 3033/3033/2546 3032/3032/2545 3048/3048/2559 3049/3049/2560
f 3034/3034/2547 3033/3033/2546 3049/3049/2560 3050/3050/2561
f 3035/3035/2548 3034/3034/2547 3050/3050/2561 3051/3051/2562
f 3036/3036/2549 3035/3035/2548 3051/3051/2562 3052/3052/2563
f 3037/3037/2550 3036/3036/2549 3052/3052/2563 3053/3053/2564
f 3038/3038/2551 3037/3037/2550 3053/3053/2564 3054/3054/2565
f 3039/3039/2552 3038/3038/2551 3054/3054/2565 3055/3055/2566
f 3040/3040/2553 3039/3039/2552 3055/3055/2566 3056/3056/2567
f 3041/3041/2554 3040/3040/2553 3056/3056/2567 3057/3057/2568
f 3042/3042/2555 3041/3041/2554 3057/3057/2568 3058/3058/2569
f 3043/3043/2556 3042/3042/2555 3058/3058/2569 3059/3059/2570
f 3044/3044/2557 3043/3043/2556 3059/3059/2570 3060/3060/2571
f 3046/3046/2518 3045/3045/2558 3061/3061/2558 3062/3062/2572
f 3047/3047/2531 3046/3046/2518 3062/3062/2572 3063/3063/2573
f 3048/3048/2559 3047/3047/2531 3063/3063/2573 3064/3064/2574
f 3049/3049/2560 3048/3048/2559 3064/3064/2574 3065/3065/2575
f 3050/3050/2561 3049/3049/2560 3065/3065/2575 3066/3066/2576
f 3051/3051/2562 3050/3050/2561 3066/3066/2576 3067/3067/2577
f 3052/3052/2563 3051/3051/2562 3067/3067/2577 3068/3068/2578
f 3053/3053/2564 3052/3052/2563 3068/3068/2578 3069/3069/2579
f 3054/3054/2565 3053/3053/2564 3069/3069/2579 3070/3070/2580
f 3055/3055/2566 3054/3054/2565 3070/3070/2580 3071/3071/2581
f 3056/3056/2567 3055/3055/2566 3071/3071/2581 3072/3072/2582
f 3057/3057/2568 3056/3056/2567 3072/3072/2582 3073/3073/2583
f 3058/3058/2569 3057/3057/2568 3073/3073/2583 3074/3074/2584
f 3059/3059/2570 3058/3058/2569 3074/3074/2584 3075/3075/2585
f 3060/3060/2571 3059/3059/2570 3075/3075/2585 3076/3076/2586
o SurfPatch.004
v -258.479431 122.612038 77.876984
v -256.717285 99.651245 76.114868
v -253.792694 79.720161 73.190277
v -249.811188 62.603596 69.208755
v -244.878235 48.086464 64.275818
v -239.099396 35.953590 58.496979
v -232.580200 25.989864 51.977737
v -225.426086 17.980137 44.823685
v -217.742691 11.709273 37.140236
v -209.635437 6.962147 29.032990
v -201.209869 3.523617 20.607452
v -192.571533 1.178550 11.969101
v -183.825928 -0.288191 3.223480
v -175.078583 -1.091740 -5.523880
v -166.434967 -1.447232 -14.167450
v -158.000671 -1.569803 -22.601776
v -253.514923 122.636322 82.841492
v -251.752777 99.676453 81.079376
v -248.828186 79.746147 78.154785
v -244.846649 62.630238 74.173264
v -239.913757 48.113628 69.240303
v -234.134888 35.981144 63.461494
v -227.615662 26.017668 56.942268
v -220.461578 18.008074 49.788193
v -212.778168 11.737211 42.104759
v -204.670914 6.989955 33.997520
v -196.245361 3.551167 25.571945
v -187.607025 1.205710 16.933624
v -178.861420 -0.261549 8.188019
v -170.114044 -1.065746 -0.559341
v -161.470459 -1.422016 -9.202942
v -153.036163 -1.545494 -17.637253
v -248.550385 122.659569 87.806015
v -246.788269 99.700584 86.043877
v -243.863708 79.771004 83.119278
v -239.882141 62.655712 79.137794
v -234.949219 48.139603 74.204834
v -229.170380 36.007496 68.425995
v -222.651184 26.044268 61.906769
v -215.497086 18.034794 54.752693
v -207.813660 11.763937 47.069275
v -199.706421 7.016554 38.962013
v -191.280853 3.577518 30.536476
v -182.642517 1.231689 21.898132
v -173.896912 -0.236066 13.152527
v -165.149551 -1.040883 4.405167
v -156.505951 -1.397897 -4.238419
v -148.071655 -1.522243 -12.672729
v -243.585907 122.681763 92.770523
v -241.823761 99.723610 91.008385
v -238.899170 79.794746 88.083801
v -234.917633 62.680050 84.102280
v -229.984695 48.164398 79.169350
v -224.205887 36.032646 73.390495
v -217.686646 26.069662 66.871284
v -210.532578 18.060303 59.717201
v -202.849152 11.789446 52.033783
v -194.741913 7.041946 43.926521
v -186.316376 3.602672 35.500961
v -177.678009 1.256488 26.862640
v -168.932404 -0.211740 18.117020
v -160.185028 -1.017149 9.369675
v -151.541458 -1.374874 0.726059
v -143.107147 -1.500048 -7.708237
v -238.621399 122.702927 97.735023
v -236.859253 99.745529 95.972885
v -233.934662 79.817329 93.048309
v -229.953156 62.703213 89.066788
v -225.020233 48.188019 84.133835
v -219.241364 36.056610 78.355011
v -212.722168 26.093845 71.835777
v -205.568054 18.084602 64.681717
v -197.884644 11.813743 56.998283
v -189.777405 7.066127 48.891037
v -181.351852 3.626629 40.465477
v -172.713501 1.280106 31.827148
v -163.967896 -0.188574 23.081528
v -155.220520 -0.994546 14.334167
v -146.576935 -1.352947 5.690582
v -138.142639 -1.478911 -2.743729
v -233.656891 122.723000 102.699532
v -231.894745 99.766357 100.937401
v -228.970154 79.838821 98.012817
v -224.988647 62.725216 94.031296
v -220.055695 48.210453 89.098351
v -214.276871 36.079361 83.319527
v -207.757645 26.116817 76.800301
v -200.603561 18.107677 69.646217
v -192.920135 11.836818 61.962791
v -184.812897 7.089099 53.855545
v -176.387344 3.649385 45.429985
v -167.748993 1.302543 36.791641
v -159.003387 -0.166565 28.046043
v -150.256012 -0.973073 19.298691
v -141.612427 -1.332116 10.655090
v -133.178131 -1.458830 2.220779
v -228.692383 122.742012 107.664040
v -226.930237 99.786110 105.901894
v -224.005661 79.859154 102.977303
v -220.024139 62.746067 98.995796
v -215.091187 48.231716 94.062859
v -209.312363 36.100922 88.284019
v -202.793152 26.138577 81.764801
v -195.639038 18.129541 74.610733
v -187.955627 11.858685 66.927292
v -179.848389 7.110863 58.820053
v -171.422821 3.670946 50.394501
v -162.784485 1.323799 41.756157
v -154.038879 -0.145715 33.010544
v -145.291519 -0.952730 24.263184
v -136.647934 -1.312382 15.619583
v -128.213623 -1.439806 7.185287
v -223.727875 122.759987 112.628540
v -221.965729 99.804726 110.866409
v -219.041168 79.878395 107.941818
v -215.059631 62.765766 103.960297
v -210.126694 48.251789 99.027351
v -204.347870 36.121284 93.248520
v -197.828629 26.159134 86.729317
v -190.674561 18.150194 79.575218
v -182.991119 11.879335 71.891792
v -174.883881 7.131417 63.784554
v -166.458344 3.691309 55.358994
v -157.819962 1.343875 46.720673
v -149.074371 -0.126023 37.975044
v -140.327026 -0.933518 29.227676
v -131.683426 -1.293744 20.584106
v -123.249130 -1.421839 12.149796
v -218.763367 122.776901 117.593048
v -217.001221 99.822281 115.830917
v -214.076660 79.896454 112.906342
v -210.095108 62.784298 108.924828
v -205.162201 48.270683 103.991859
v -199.383362 36.140450 98.213020
v -192.864136 26.178478 91.693817
v -185.710022 18.169628 84.539742
v -178.026611 11.898770 76.856316
v -169.919373 7.150762 68.749069
v -161.493805 3.710473 60.323502
v -152.855469 1.362768 51.685173
v -144.109863 -0.107490 42.939560
v -135.362518 -0.915435 34.192200
v -126.718910 -1.276203 25.548615
v -118.284607 -1.404929 17.114304
v -213.798859 122.792763 122.557556
v -212.036713 99.838730 120.795441
v -209.112122 79.913406 117.870850
v -205.130600 62.801678 113.889336
v -200.197662 48.288395 108.956375
v -194.418839 36.158421 103.177544
v -187.899597 26.196613 96.658325
v -180.745514 18.187851 89.504257
v -173.062103 11.916990 81.820816
v -164.954865 7.168898 73.713570
v -156.529312 3.728441 65.288017
v -147.890961 1.380482 56.649689
v -139.145355 -0.090115 47.904068
v -130.398010 -0.898483 39.156708
v -121.754410 -1.259758 30.513107
v -113.320091 -1.389076 22.078812
v -208.834351 122.807541 127.522064
v -207.072235 99.854080 125.759926
v -204.147644 79.929245 122.835320
v -200.166107 62.817898 118.853821
v -195.233185 48.304932 113.920860
v -189.454346 36.175190 108.142044
v -182.935120 26.213541 101.622826
v -175.781036 18.204857 94.468742
v -168.097610 11.933998 86.785316
v -159.990356 7.185827 78.678070
v -151.564819 3.745209 70.252510
v -142.926453 1.397014 61.614182
v -134.180862 -0.073898 52.868561
v -125.433495 -0.882661 44.121201
v -116.789909 -1.244409 35.477615
v -108.355598 -1.374279 27.043304
v -203.869843 122.821281 132.486572
v -202.107727 99.868317 130.724442
v -199.183136 79.943916 127.799858
v -195.201599 62.832951 123.818344
v -190.268646 48.320278 118.885391
v -184.489838 36.190762 113.106552
v -177.970612 26.229258 106.587326
v -170.816498 18.220650 99.433273
v -163.133087 11.949786 91.749832
v -155.025848 7.201543 83.642586
v -146.600296 3.760781 75.217033
v -137.961945 1.412365 66.578690
v -129.216339 -0.058840 57.833084
v -120.468979 -0.867968 49.085724
v -111.825394 -1.230157 40.442139
v -103.391083 -1.360540 32.007820
v -198.905334 122.833961 137.451080
v -197.143188 99.881462 135.688950
v -194.218597 79.957497 132.764374
v -190.237091 62.846844 128.782852
v -185.304138 48.334446 123.849899
v -179.525299 36.205135 118.071068
v -173.006104 26.243767 111.551849
v -165.852020 18.235222 104.397766
v -158.168579 11.964364 96.714340
v -150.061340 7.216052 88.607101
v -141.635773 3.775155 80.181549
v -132.997437 1.426536 71.543198
v -124.251831 -0.044940 62.797592
v -115.504478 -0.854407 54.050240
v -106.860886 -1.217001 45.406654
v -98.426590 -1.347857 36.972351
v -193.940826 122.845596 142.415588
v -192.178680 99.893539 140.653473
v -189.254105 79.969910 137.728882
v -185.272583 62.859585 133.747345
v -180.339630 48.347443 128.814423
v -174.560806 36.218311 123.035583
v -168.041595 26.257067 116.516357
v -160.887512 18.248590 109.362282
v -153.204071 11.977726 101.678856
v -145.096832 7.229352 93.571609
v -136.671280 3.788332 85.146042
v -128.032944 1.439526 76.507690
v -119.287323 -0.032197 67.762093
v -110.539963 -0.841975 59.014740
v -101.896378 -1.204941 50.371140
v -93.462067 -1.336232 41.936836
v -188.976318 122.856163 147.380096
v -187.214203 99.904503 145.617966
v -184.289581 79.981209 142.693375
v -180.308075 62.871174 138.711853
v -175.375137 48.359245 133.778915
v -169.596313 36.230289 128.000076
v -163.077087 26.269156 121.480858
v -155.923004 18.260731 114.326782
v -148.239563 11.989873 106.643356
v -140.132324 7.241443 98.536110
v -131.706772 3.800310 90.110550
v -123.068420 1.451334 81.472221
v -114.322815 -0.020614 72.726608
v -105.575462 -0.830673 63.979240
v -96.931862 -1.193978 55.335655
v -88.497559 -1.325663 46.901337
v -184.011810 122.865662 152.344589
v -182.249664 99.914368 150.582458
v -179.325104 79.991386 147.657867
v -175.343567 62.881603 143.676361
v -170.410629 48.369881 138.743423
v -164.631790 36.241062 132.964584
v -158.112579 26.280039 126.445358
v -150.958496 18.271666 119.291290
v -143.275070 12.000805 111.607864
v -135.167831 7.252323 103.500610
v -126.742271 3.811089 95.075058
v -118.103928 1.461963 86.436722
v -109.358315 -0.010189 77.691109
v -100.610962 -0.820502 68.943756
v -91.967377 -1.184111 60.300156
v -83.533066 -1.316151 51.865852
v -179.047302 122.874138 157.309128
v -177.285156 99.923157 155.546982
v -174.360596 80.000427 152.622391
v -170.379059 62.890865 148.640884
v -165.446121 48.379318 143.707932
v -159.667282 36.250652 137.929092
v -153.148071 26.289711 131.409882
v -145.993988 18.281382 124.255798
v -138.310547 12.010524 116.572372
v -130.203308 7.261997 108.465134
v -121.777756 3.820671 100.039574
v -113.139404 1.471409 91.401237
v -104.393799 -0.000923 82.655624
v -95.646446 -0.811461 73.908264
v -87.002853 -1.175340 65.264664
v -78.568542 -1.307696 56.830368
v -174.082794 122.881538 162.273621
v -172.320648 99.930817 160.511475
v -169.396088 80.008347 157.586899
v -165.414551 62.898968 153.605392
v -160.481613 48.387585 148.672440
v -154.702774 36.259029 142.893616
v -148.183548 26.298172 136.374390
v -141.029480 18.289885 129.220291
v -133.346039 12.019027 121.536880
v -125.238800 7.270460 113.429626
v -116.813255 3.829055 105.004074
v -108.174904 1.479676 96.365738
v -99.429306 0.007186 87.620117
v -90.681938 -0.803550 78.872772
v -82.038361 -1.167666 70.229172
v -73.604034 -1.300298 61.794868
v -169.118286 122.887886 167.238129
v -167.356155 99.937401 165.475998
v -164.431580 80.015114 162.551407
v -160.450043 62.905933 158.569885
v -155.517105 48.394676 153.636948
v -149.738266 36.266216 147.858109
v -143.219055 26.305428 141.338898
v -136.064972 18.297174 134.184814
v -128.381531 12.026314 126.501389
v -120.274300 7.277714 118.394135
v -111.848740 3.836242 109.968582
v -103.210403 1.486761 101.330246
v -94.464790 0.014136 92.584633
v -85.717430 -0.796769 83.837273
v -77.073837 -1.161088 75.193680
v -68.639534 -1.293957 66.759369
v -164.153778 122.893166 172.202637
v -162.391663 99.942871 170.440491
v -159.467072 80.020767 167.515915
v -155.485535 62.911724 163.534393
v -150.552597 48.400578 158.601456
v -144.773773 36.272217 152.822617
v -138.254547 26.311480 146.303391
v -131.100464 18.303247 139.149307
v -123.417038 12.032388 131.465881
v -115.309792 7.283761 123.358627
v -106.884239 3.842232 114.933090
v -98.245895 1.492665 106.294746
v -89.500290 0.019928 97.549133
v -80.752922 -0.791118 88.801773
v -72.109329 -1.155607 80.158188
v -63.675026 -1.288673 71.723877
v -159.189270 122.897392 177.167145
v -157.427124 99.947258 175.405014
v -154.502548 80.025299 172.480438
v -150.521027 62.916348 168.498901
v -145.588074 48.405308 163.565964
v -139.809235 36.276997 157.787140
v -133.290024 26.316309 151.267914
v -126.135941 18.308105 144.113831
v -118.452522 12.037245 136.430405
v -110.345268 7.288596 128.323166
v -101.919724 3.847023 119.897606
v -93.281380 1.497388 111.259262
v -84.535767 0.024560 102.513657
v -75.788406 -0.786598 93.766296
v -67.144829 -1.151221 85.122719
v -58.710510 -1.284445 76.688393
v -154.224762 122.900551 182.131638
v -152.462631 99.950546 180.369507
v -149.538040 80.028671 177.444931
v -145.556519 62.919819 173.463409
v -140.623596 48.408848 168.530472
v -134.844757 36.280594 162.751633
v -128.325531 26.319935 156.232422
v -121.171448 18.311747 149.078339
v -113.488022 12.040890 141.394913
v -105.380775 7.292223 133.287659
v -96.955223 3.850616 124.862099
v -88.316879 1.500931 116.223763
v -79.571274 0.028036 107.478149
v -70.823914 -0.783208 98.730789
v -62.180321 -1.147932 90.087196
v -53.746014 -1.281275 81.652893
v -149.260254 122.902664 187.096146
v -147.498138 99.952744 185.334015
v -144.573532 80.030945 182.409424
v -140.592026 62.922131 178.427917
v -135.659088 48.411201 173.494965
v -129.880249 36.282986 167.716141
v -123.361023 26.322353 161.196915
v -116.206947 18.314178 154.042831
v -108.523521 12.043321 146.359406
v -100.416267 7.294640 138.252167
v -91.990715 3.853011 129.826614
v -83.352371 1.503293 121.188263
v -74.606766 0.030352 112.442650
v -65.859406 -0.780947 103.695297
v -57.215824 -1.145740 95.051697
v -48.781517 -1.279161 86.617401
v -144.295746 122.903725 192.060654
v -142.533630 99.953842 190.298523
v -139.609039 80.032066 187.373947
v -135.627518 62.923298 183.392426
v -130.694580 48.412392 178.459473
v -124.915741 36.284184 172.680634
v -118.396523 26.323563 166.161423
v -111.242439 18.315393 159.007339
v -103.559013 12.044533 151.323914
v -95.451767 7.295850 143.216675
v -87.026215 3.854208 134.791107
v -78.387871 1.504474 126.152771
v -69.642265 0.031510 117.407158
v -60.894901 -0.779817 108.659805
v -52.251305 -1.144644 100.016212
v -43.816994 -1.278104 91.581909
v -139.331238 122.903732 197.025177
v -137.569107 99.953827 195.263031
v -134.644531 80.032074 192.338455
v -130.662994 62.923298 188.356934
v -125.730057 48.412392 183.423996
v -119.951233 36.284187 177.645157
v -113.431992 26.323565 171.125931
v -106.277931 18.315390 163.971863
v -98.594498 12.044532 156.288422
v -90.487251 7.295848 148.181183
v -82.061691 3.854208 139.755630
v -73.423355 1.504473 131.117294
v -64.677742 0.031510 122.371674
v -55.930382 -0.779817 113.624321
v -47.286804 -1.144644 104.980728
v -38.852482 -1.278104 96.546417
v -134.366730 122.902657 201.989685
v -132.604599 99.952728 200.227539
v -129.680008 80.030937 197.302963
v -125.698494 62.922131 193.321442
v -120.765556 48.411201 188.388489
v -114.986717 36.282982 182.609665
v -108.467491 26.322355 176.090454
v -101.313416 18.314177 168.936371
v -93.629990 12.043320 161.252945
v -85.522743 7.294640 153.145691
v -77.097191 3.853010 144.720139
v -68.458847 1.503292 136.081802
v -59.713234 0.030351 127.336189
v -50.965874 -0.780948 118.588829
v -42.322285 -1.145740 109.945236
v -33.887978 -1.279161 101.510925
v -129.402222 122.900566 206.954193
v -127.640091 99.950554 205.192047
v -124.715500 80.028671 202.267471
v -120.733978 62.919819 198.285950
v -115.801041 48.408840 193.353012
v -110.022209 36.280598 187.574188
v -103.502983 26.319939 181.054962
v -96.348900 18.311749 173.900879
v -88.665482 12.040891 166.217438
v -80.558228 7.292222 158.110199
v -72.132675 3.850615 149.684647
v -63.494339 1.500930 141.046310
v -54.748726 0.028035 132.300690
v -46.001366 -0.783208 123.553337
v -37.357773 -1.147933 114.909744
v -28.923470 -1.281275 106.475449
v -124.437714 122.897392 211.918701
v -122.675591 99.947258 210.156555
v -119.751007 80.025291 207.231979
v -115.769478 62.916348 203.250458
v -110.836540 48.405304 198.317505
v -105.057709 36.276997 192.538681
v -98.538483 26.316313 186.019455
v -91.384399 18.308105 178.865372
v -83.700974 12.037244 171.181946
v -75.593727 7.288595 163.074707
v -67.168175 3.847020 154.649155
v -58.529839 1.497387 146.010803
v -49.784229 0.024559 137.265198
v -41.036865 -0.786599 128.517838
v -32.393272 -1.151222 119.874237
v -23.958977 -1.284446 111.439941
v -119.473213 122.893158 216.883209
v -117.711060 99.942871 215.121063
v -114.786484 80.020767 212.196487
v -110.804962 62.911716 208.214966
v -105.872025 48.400578 203.282028
v -100.093185 36.272213 197.503204
v -93.573967 26.311474 190.983978
v -86.419884 18.303244 183.829895
v -78.736465 12.032386 176.146454
v -70.629211 7.283759 168.039215
v -62.203659 3.842230 159.613663
v -53.565323 1.492664 150.975327
v -44.819710 0.019926 142.229706
v -36.072350 -0.791120 133.482346
v -27.428757 -1.155608 124.838768
v -18.994461 -1.288674 116.404457
v -114.508713 122.887856 221.847702
v -112.746582 99.937386 220.085571
v -109.821991 80.015114 217.160980
v -105.840469 62.905926 213.179474
v -100.907532 48.394676 208.246521
v -95.128693 36.266212 202.467682
v -88.609474 26.305426 195.948471
v -81.455391 18.297171 188.794388
v -73.771965 12.026311 181.110962
v -65.664719 7.277712 173.003723
v -57.239166 3.836240 164.578156
v -48.600822 1.486759 155.939819
v -39.855213 0.014134 147.194214
v -31.107857 -0.796771 138.446854
v -22.464264 -1.161090 129.803253
v -14.029961 -1.293958 121.368958
v -109.544197 122.881531 226.812225
v -107.782059 99.930817 225.050079
v -104.857468 80.008339 222.125504
v -100.875961 62.898975 218.143982
v -95.943024 48.387585 213.211044
v -90.164169 36.259029 207.432205
v -83.644958 26.298174 200.912994
v -76.490875 18.289885 193.758896
v -68.807449 12.019024 186.075470
v -60.700203 7.270459 177.968231
v -52.274643 3.829054 169.542679
v -43.636307 1.479674 160.904327
v -34.890694 0.007184 152.158722
v -26.143333 -0.803552 143.411362
v -17.499748 -1.167668 134.767776
v -9.065437 -1.300300 126.333466
v -104.579697 122.874115 231.776718
v -102.817566 99.923141 230.014587
v -99.892967 80.000435 227.090012
v -95.911446 62.890865 223.108490
v -90.978516 48.379318 218.175552
v -85.199677 36.250652 212.396698
v -78.680450 26.289709 205.877487
v -71.526375 18.281380 198.723404
v -63.842953 12.010519 191.039978
v -55.735699 7.261994 182.932739
v -47.310146 3.820668 174.507172
v -38.671806 1.471408 165.868835
v -29.926193 -0.000925 157.123230
v -21.178841 -0.811463 148.375854
v -12.535240 -1.175342 139.732269
v -4.100937 -1.307698 131.297974
v -99.615173 122.865669 236.741226
v -97.853043 99.914368 234.979095
v -94.928459 79.991402 232.054520
v -90.946945 62.881596 228.072983
v -86.014000 48.369873 223.140045
v -80.235168 36.241058 217.361221
v -73.715942 26.280035 210.841995
v -66.561859 18.271664 203.687912
v -58.878441 12.000804 196.004486
v -50.771198 7.252322 187.897247
v -42.345634 3.811086 179.471695
v -33.707298 1.461960 170.833344
v -24.961685 -0.010192 162.087738
v -16.214325 -0.820505 153.340378
v -7.570732 -1.184113 144.696777
v 0.863571 -1.316154 136.262482
v -94.650681 122.856155 241.705734
v -92.888550 99.904488 239.943604
v -89.963959 79.981201 237.019012
v -85.982437 62.871166 233.037491
v -81.049500 48.359241 228.104553
v -75.270660 36.230278 222.325714
v -68.751450 26.269150 215.806488
v -61.597363 18.260729 208.652420
v -53.913937 11.989870 200.968994
v -45.806694 7.241439 192.861755
v -37.381134 3.800306 184.436203
v -28.742805 1.451331 175.797852
v -19.997185 -0.020617 167.052246
v -11.249832 -0.830676 158.304871
v -2.606239 -1.193981 149.661285
v 5.828072 -1.325666 141.226990
v -89.686172 122.845589 246.670258
v -87.924026 99.893524 244.908112
v -84.999451 79.969910 241.983536
v -81.017914 62.859577 238.001999
v -76.084976 48.347431 233.069061
v -70.306145 36.218307 227.290237
v -63.786926 26.257067 220.771027
v -56.632851 18.248579 213.616943
v -48.949421 11.977721 205.933502
v -40.842167 7.229349 197.826263
v -32.416618 3.788328 189.400711
v -23.778275 1.439523 180.762360
v -15.032669 -0.032201 172.016754
v -6.285316 -0.841978 163.269394
v 2.358269 -1.204944 154.625809
v 10.792587 -1.336235 146.191498
v -84.721649 122.833961 251.634750
v -82.959518 99.881462 249.872620
v -80.034943 79.957489 246.948044
v -76.053421 62.846844 242.966522
v -71.120483 48.334442 238.033569
v -65.341637 36.205124 232.254730
v -58.822418 26.243761 225.735519
v -51.668346 18.235222 218.581436
v -43.984913 11.964358 210.898010
v -35.877670 7.216049 202.790771
v -27.452110 3.775151 194.365219
v -18.813774 1.426532 185.726868
v -10.068161 -0.044943 176.981262
v -1.320801 -0.854410 168.233902
v 7.322792 -1.217004 159.590317
v 15.757095 -1.347861 151.156006
v -79.757149 122.821274 256.599274
v -77.995010 99.868317 254.837128
v -75.070435 79.943916 251.912552
v -71.088913 62.832943 247.931015
v -66.155975 48.320278 242.998077
v -60.377129 36.190754 237.219238
v -53.857918 26.229254 230.700043
v -46.703835 18.220644 223.545959
v -39.020405 11.949783 215.862518
v -30.913155 7.201540 207.755280
v -22.487602 3.760778 199.329712
v -13.849266 1.412362 190.691376
v -5.103661 -0.058843 181.945770
v 3.643700 -0.867972 173.198395
v 12.287300 -1.230160 164.554810
v 20.721611 -1.360543 156.120514
v -74.792648 122.807541 261.563782
v -73.030510 99.854073 259.801636
v -70.105911 79.929214 256.877045
v -66.124405 62.817883 252.895508
v -61.191452 48.304920 247.962585
v -55.412628 36.175182 242.183746
v -48.893406 26.213537 235.664536
v -41.739330 18.204853 228.510452
v -34.055893 11.933990 220.827026
v -25.948647 7.185820 212.719788
v -17.523109 3.745206 204.294220
v -8.884743 1.397010 195.655884
v -0.139137 -0.073902 186.910278
v 8.608208 -0.882665 178.162918
v 17.251808 -1.244413 169.519333
v 25.686104 -1.374283 161.085037
v -69.828140 122.792747 266.528259
v -68.066010 99.838715 264.766144
v -65.141418 79.913399 261.841553
v -61.159901 62.801670 257.860016
v -56.226959 48.288395 252.927094
v -50.448120 36.158417 247.148254
v -43.928902 26.196609 240.629044
v -36.774834 18.187847 233.474945
v -29.091393 11.916984 225.791534
v -20.984146 7.168894 217.684296
v -12.558594 3.728436 209.258728
v -3.920258 1.380477 200.620392
v 4.825356 -0.090119 191.874786
v 13.572701 -0.898487 183.127411
v 22.216309 -1.259762 174.483826
v 30.650612 -1.389080 166.049515
v -64.863617 122.776894 271.492798
v -63.101501 99.822273 269.730652
v -60.176914 79.896454 266.806091
v -56.195396 62.784290 262.824524
v -51.262444 48.270679 257.891602
v -45.483608 36.140450 252.112778
v -38.964394 26.178474 245.593552
v -31.810318 18.169628 238.439453
v -24.126877 11.898765 230.756042
v -16.019646 7.150757 222.648788
v -7.594093 3.710469 214.223236
v 1.044243 1.362764 205.584900
v 9.789871 -0.107494 196.839294
v 18.537209 -0.915440 188.091934
v 27.180824 -1.276207 179.448334
v 35.615120 -1.404933 171.014038
v -59.899113 122.759987 276.457275
v -58.137001 99.804718 274.695129
v -55.212399 79.878380 271.770569
v -51.230881 62.765759 267.789032
v -46.297935 48.251781 262.856110
v -40.519112 36.121284 257.077271
v -33.999901 26.159126 250.558060
v -26.845810 18.150187 243.403961
v -19.162392 11.879329 235.720535
v -11.055138 7.131413 227.613297
v -2.629585 3.691305 219.187744
v 6.008766 1.343869 210.549408
v 14.754372 -0.126028 201.803787
v 23.501724 -0.933522 193.056427
v 32.145332 -1.293749 184.412842
v 40.579628 -1.421844 175.978546
v -54.934612 122.742012 281.421783
v -53.172474 99.786095 279.659668
v -50.247898 79.859161 276.735077
v -46.266380 62.746067 272.753571
v -41.333431 48.231709 267.820618
v -35.554604 36.100922 262.041779
v -29.035393 26.138575 255.522568
v -21.881317 18.129538 248.368469
v -14.197876 11.858680 240.685059
v -6.090622 7.110857 232.577820
v 2.334923 3.670941 224.152252
v 10.973259 1.323794 215.513916
v 19.718887 -0.145720 206.768311
v 28.466225 -0.952735 198.020935
v 37.109825 -1.312387 189.377350
v 45.544136 -1.439811 180.943054
v -49.970108 122.722992 286.386292
v -48.207973 99.766365 284.624176
v -45.283394 79.838814 281.699585
v -41.301865 62.725224 277.718079
v -36.368935 48.210449 272.785095
v -30.590088 36.079369 267.006287
v -24.070862 26.116806 260.487091
v -16.916794 18.107672 253.332977
v -9.233368 11.836813 245.649567
v -1.126106 7.089093 237.542328
v 7.299438 3.649380 229.116760
v 15.937759 1.302537 220.478394
v 24.683372 -0.166571 211.732803
v 33.430733 -0.973079 202.985443
v 42.074348 -1.332121 194.341858
v 50.508629 -1.458835 185.907547
v -45.005600 122.702904 291.350830
v -43.243458 99.745522 289.588684
v -40.318878 79.817345 286.664124
v -36.337364 62.703205 282.682556
v -31.404411 48.188011 277.749634
v -25.625580 36.056599 271.970795
v -19.106361 26.093834 265.451599
v -11.952301 18.084595 258.297485
v -4.268867 11.813732 250.614059
v 3.838394 7.066121 242.506836
v 12.263947 3.626622 234.081268
v 20.902275 1.280100 225.442932
v 29.647896 -0.188579 216.697327
v 38.395271 -0.994552 207.949951
v 47.038841 -1.352952 199.306366
v 55.473152 -1.478916 190.872070
v -40.041092 122.681763 296.315308
v -38.278969 99.723602 294.553162
v -35.354378 79.794731 291.628601
v -31.372856 62.680042 287.647095
v -26.439919 48.164394 282.714111
v -20.661079 36.032642 276.935303
v -14.141853 26.069656 270.416077
v -6.987785 18.060297 263.261993
v 0.695641 11.789439 255.578568
v 8.802895 7.041940 247.471329
v 17.228447 3.602665 239.045776
v 25.866783 1.256482 230.407425
v 34.612404 -0.211747 221.661819
v 43.359749 -1.017155 212.914459
v 52.003349 -1.374879 204.270874
v 60.437660 -1.500054 195.836578
v -35.076591 122.659576 301.279816
v -33.314445 99.700577 299.517700
v -30.389870 79.770988 296.593109
v -26.408371 62.655704 292.611572
v -21.475418 48.139595 287.678650
v -15.696587 36.007492 281.899780
v -9.177353 26.044260 275.380585
v -2.023285 18.034792 268.226501
v 5.660149 11.763929 260.543091
v 13.767410 7.016548 252.435852
v 22.192955 3.577512 244.010284
v 30.831276 1.231683 235.371918
v 39.576912 -0.236072 226.626328
v 48.324257 -1.040889 217.878967
v 56.967842 -1.397903 209.235367
v 65.402153 -1.522249 200.801071
v -30.112068 122.636322 306.244324
v -28.349945 99.676453 304.482178
v -25.425346 79.746140 301.557617
v -21.443840 62.630230 297.576111
v -16.510880 48.113613 292.643188
v -10.732071 35.981140 286.864319
v -4.212837 26.017664 280.345093
v 2.941231 18.008066 273.191010
v 10.624664 11.737206 265.507599
v 18.731911 6.989948 257.400330
v 27.157463 3.551160 248.974792
v 35.795799 1.205703 240.336441
v 44.541405 -0.261556 231.590836
v 53.288765 -1.065753 222.843475
v 61.932365 -1.422022 214.199890
v 70.366676 -1.545500 205.765579
v -25.147636 122.612015 311.208801
v -23.385506 99.651230 309.446655
v -20.460907 79.720154 306.522034
v -16.479393 62.603596 302.540527
v -11.546448 48.086464 297.607605
v -5.767601 35.953590 291.828796
v 0.751610 25.989857 285.309540
v 7.905701 17.980129 278.155487
v 15.589111 11.709268 270.472046
v 23.696365 6.962141 262.364807
v 32.121910 3.523610 253.939240
v 40.760262 1.178543 245.300903
v 49.505882 -0.288198 236.555298
v 58.253212 -1.091747 227.807922
v 66.896812 -1.447238 219.164337
v 75.331123 -1.569809 210.730026
vt 0.000000 0.066667
vt 0.000000 0.000000
vt 0.021277 0.000000
vt 0.021277 0.066667
vt 0.000000 0.133333
vt 0.021277 0.133333
vt 0.000000 0.200000
vt 0.021277 0.200000
vt 0.000000 0.266667
vt 0.021277 0.266667
vt 0.000000 0.333333
vt 0.021277 0.333333
vt 0.000000 0.400000
vt 0.021277 0.400000
vt 0.000000 0.466667
vt 0.021277 0.466667
vt 0.000000 0.533333
vt 0.021277 0.533333
vt 0.000000 0.600000
vt 0.021277 0.600000
vt 0.000000 0.666667
vt 0.021277 0.666667
vt 0.000000 0.733333
vt 0.021277 0.733333
vt 0.000000 0.800000
vt 0.021277 0.800000
vt 0.000000 0.866667
vt 0.021277 0.866667
vt 0.000000 0.933333
vt 0.021277 0.933333
vt 0.000000 1.000000
vt 0.021277 1.000000
vt 0.042553 0.000000
vt 0.042553 0.066667
vt 0.042553 0.133333
vt 0.042553 0.200000
vt 0.042553 0.266667
vt 0.042553 0.333333
vt 0.042553 0.400000
vt 0.042553 0.466667
vt 0.042553 0.533333
vt 0.042553 0.600000
vt 0.042553 0.666667
vt 0.042553 0.733333
vt 0.042553 0.800000
vt 0.042553 0.866667
vt 0.042553 0.933333
vt 0.042553 1.000000
vt 0.063830 0.000000
vt 0.063830 0.066667
vt 0.063830 0.133333
vt 0.063830 0.200000
vt 0.063830 0.266667
vt 0.063830 0.333333
vt 0.063830 0.400000
vt 0.063830 0.466667
vt 0.063830 0.533333
vt 0.063830 0.600000
vt 0.063830 0.666667
vt 0.063830 0.733333
vt 0.063830 0.800000
vt 0.063830 0.866667
vt 0.063830 0.933333
vt 0.063830 1.000000
vt 0.085106 0.000000
vt 0.085106 0.066667
vt 0.085106 0.133333
vt 0.085106 0.200000
vt 0.085106 0.266667
vt 0.085106 0.333333
vt 0.085106 0.400000
vt 0.085106 0.466667
vt 0.085106 0.533333
vt 0.085106 0.600000
vt 0.085106 0.666667
vt 0.085106 0.733333
vt 0.085106 0.800000
vt 0.085106 0.866667
vt 0.085106 0.933333
vt 0.085106 1.000000
vt 0.106383 0.000000
vt 0.106383 0.066667
vt 0.106383 0.133333
vt 0.106383 0.200000
vt 0.106383 0.266667
vt 0.106383 0.333333
vt 0.106383 0.400000
vt 0.106383 0.466667
vt 0.106383 0.533333
vt 0.106383 0.600000
vt 0.106383 0.666667
vt 0.106383 0.733333
vt 0.106383 0.800000
vt 0.106383 0.866667
vt 0.106383 0.933333
vt 0.106383 1.000000
vt 0.127660 0.000000
vt 0.127660 0.066667
vt 0.127660 0.133333
vt 0.127660 0.200000
vt 0.127660 0.266667
vt 0.127660 0.333333
vt 0.127660 0.400000
vt 0.127660 0.466667
vt 0.127660 0.533333
vt 0.127660 0.600000
vt 0.127660 0.666667
vt 0.127660 0.733333
vt 0.127660 0.800000
vt 0.127660 0.866667
vt 0.127660 0.933333
vt 0.127660 1.000000
vt 0.148936 0.000000
vt 0.148936 0.066667
vt 0.148936 0.133333
vt 0.148936 0.200000
vt 0.148936 0.266667
vt 0.148936 0.333333
vt 0.148936 0.400000
vt 0.148936 0.466667
vt 0.148936 0.533333
vt 0.148936 0.600000
vt 0.148936 0.666667
vt 0.148936 0.733333
vt 0.148936 0.800000
vt 0.148936 0.866667
vt 0.148936 0.933333
vt 0.148936 1.000000
vt 0.170213 0.000000
vt 0.170213 0.066667
vt 0.170213 0.133333
vt 0.170213 0.200000
vt 0.170213 0.266667
vt 0.170213 0.333333
vt 0.170213 0.400000
vt 0.170213 0.466667
vt 0.170213 0.533333
vt 0.170213 0.600000
vt 0.170213 0.666667
vt 0.170213 0.733333
vt 0.170213 0.800000
vt 0.170213 0.866667
vt 0.170213 0.933333
vt 0.170213 1.000000
vt 0.191489 0.000000
vt 0.191489 0.066667
vt 0.191489 0.133333
vt 0.191489 0.200000
vt 0.191489 0.266667
vt 0.191489 0.333333
vt 0.191489 0.400000
vt 0.191489 0.466667
vt 0.191489 0.533333
vt 0.191489 0.600000
vt 0.191489 0.666667
vt 0.191489 0.733333
vt 0.191489 0.800000
vt 0.191489 0.866667
vt 0.191489 0.933333
vt 0.191489 1.000000
vt 0.212766 0.000000
vt 0.212766 0.066667
vt 0.212766 0.133333
vt 0.212766 0.200000
vt 0.212766 0.266667
vt 0.212766 0.333333
vt 0.212766 0.400000
vt 0.212766 0.466667
vt 0.212766 0.533333
vt 0.212766 0.600000
vt 0.212766 0.666667
vt 0.212766 0.733333
vt 0.212766 0.800000
vt 0.212766 0.866667
vt 0.212766 0.933333
vt 0.212766 1.000000
vt 0.234043 0.000000
vt 0.234043 0.066667
vt 0.234043 0.133333
vt 0.234043 0.200000
vt 0.234043 0.266667
vt 0.234043 0.333333
vt 0.234043 0.400000
vt 0.234043 0.466667
vt 0.234043 0.533333
vt 0.234043 0.600000
vt 0.234043 0.666667
vt 0.234043 0.733333
vt 0.234043 0.800000
vt 0.234043 0.866667
vt 0.234043 0.933333
vt 0.234043 1.000000
vt 0.255319 0.000000
vt 0.255319 0.066667
vt 0.255319 0.133333
vt 0.255319 0.200000
vt 0.255319 0.266667
vt 0.255319 0.333333
vt 0.255319 0.400000
vt 0.255319 0.466667
vt 0.255319 0.533333
vt 0.255319 0.600000
vt 0.255319 0.666667
vt 0.255319 0.733333
vt 0.255319 0.800000
vt 0.255319 0.866667
vt 0.255319 0.933333
vt 0.255319 1.000000
vt 0.276596 0.000000
vt 0.276596 0.066667
vt 0.276596 0.133333
vt 0.276596 0.200000
vt 0.276596 0.266667
vt 0.276596 0.333333
vt 0.276596 0.400000
vt 0.276596 0.466667
vt 0.276596 0.533333
vt 0.276596 0.600000
vt 0.276596 0.666667
vt 0.276596 0.733333
vt 0.276596 0.800000
vt 0.276596 0.866667
vt 0.276596 0.933333
vt 0.276596 1.000000
vt 0.297872 0.000000
vt 0.297872 0.066667
vt 0.297872 0.133333
vt 0.297872 0.200000
vt 0.297872 0.266667
vt 0.297872 0.333333
vt 0.297872 0.400000
vt 0.297872 0.466667
vt 0.297872 0.533333
vt 0.297872 0.600000
vt 0.297872 0.666667
vt 0.297872 0.733333
vt 0.297872 0.800000
vt 0.297872 0.866667
vt 0.297872 0.933333
vt 0.297872 1.000000
vt 0.319149 0.000000
vt 0.319149 0.066667
vt 0.319149 0.133333
vt 0.319149 0.200000
vt 0.319149 0.266667
vt 0.319149 0.333333
vt 0.319149 0.400000
vt 0.319149 0.466667
vt 0.319149 0.533333
vt 0.319149 0.600000
vt 0.319149 0.666667
vt 0.319149 0.733333
vt 0.319149 0.800000
vt 0.319149 0.866667
vt 0.319149 0.933333
vt 0.319149 1.000000
vt 0.340426 0.000000
vt 0.340426 0.066667
vt 0.340426 0.133333
vt 0.340426 0.200000
vt 0.340426 0.266667
vt 0.340426 0.333333
vt 0.340426 0.400000
vt 0.340426 0.466667
vt 0.340426 0.533333
vt 0.340426 0.600000
vt 0.340426 0.666667
vt 0.340426 0.733333
vt 0.340426 0.800000
vt 0.340426 0.866667
vt 0.340426 0.933333
vt 0.340426 1.000000
vt 0.361702 0.000000
vt 0.361702 0.066667
vt 0.361702 0.133333
vt 0.361702 0.200000
vt 0.361702 0.266667
vt 0.361702 0.333333
vt 0.361702 0.400000
vt 0.361702 0.466667
vt 0.361702 0.533333
vt 0.361702 0.600000
vt 0.361702 0.666667
vt 0.361702 0.733333
vt 0.361702 0.800000
vt 0.361702 0.866667
vt 0.361702 0.933333
vt 0.361702 1.000000
vt 0.382979 0.000000
vt 0.382979 0.066667
vt 0.382979 0.133333
vt 0.382979 0.200000
vt 0.382979 0.266667
vt 0.382979 0.333333
vt 0.382979 0.400000
vt 0.382979 0.466667
vt 0.382979 0.533333
vt 0.382979 0.600000
vt 0.382979 0.666667
vt 0.382979 0.733333
vt 0.382979 0.800000
vt 0.382979 0.866667
vt 0.382979 0.933333
vt 0.382979 1.000000
vt 0.404255 0.000000
vt 0.404255 0.066667
vt 0.404255 0.133333
vt 0.404255 0.200000
vt 0.404255 0.266667
vt 0.404255 0.333333
vt 0.404255 0.400000
vt 0.404255 0.466667
vt 0.404255 0.533333
vt 0.404255 0.600000
vt 0.404255 0.666667
vt 0.404255 0.733333
vt 0.404255 0.800000
vt 0.404255 0.866667
vt 0.404255 0.933333
vt 0.404255 1.000000
vt 0.425532 0.000000
vt 0.425532 0.066667
vt 0.425532 0.133333
vt 0.425532 0.200000
vt 0.425532 0.266667
vt 0.425532 0.333333
vt 0.425532 0.400000
vt 0.425532 0.466667
vt 0.425532 0.533333
vt 0.425532 0.600000
vt 0.425532 0.666667
vt 0.425532 0.733333
vt 0.425532 0.800000
vt 0.425532 0.866667
vt 0.425532 0.933333
vt 0.425532 1.000000
vt 0.446809 0.000000
vt 0.446809 0.066667
vt 0.446809 0.133333
vt 0.446809 0.200000
vt 0.446809 0.266667
vt 0.446809 0.333333
vt 0.446809 0.400000
vt 0.446809 0.466667
vt 0.446809 0.533333
vt 0.446809 0.600000
vt 0.446809 0.666667
vt 0.446809 0.733333
vt 0.446809 0.800000
vt 0.446809 0.866667
vt 0.446809 0.933333
vt 0.446809 1.000000
vt 0.468085 0.000000
vt 0.468085 0.066667
vt 0.468085 0.133333
vt 0.468085 0.200000
vt 0.468085 0.266667
vt 0.468085 0.333333
vt 0.468085 0.400000
vt 0.468085 0.466667
vt 0.468085 0.533333
vt 0.468085 0.600000
vt 0.468085 0.666667
vt 0.468085 0.733333
vt 0.468085 0.800000
vt 0.468085 0.866667
vt 0.468085 0.933333
vt 0.468085 1.000000
vt 0.489362 0.000000
vt 0.489362 0.066667
vt 0.489362 0.133333
vt 0.489362 0.200000
vt 0.489362 0.266667
vt 0.489362 0.333333
vt 0.489362 0.400000
vt 0.489362 0.466667
vt 0.489362 0.533333
vt 0.489362 0.600000
vt 0.489362 0.666667
vt 0.489362 0.733333
vt 0.489362 0.800000
vt 0.489362 0.866667
vt 0.489362 0.933333
vt 0.489362 1.000000
vt 0.510638 0.000000
vt 0.510638 0.066667
vt 0.510638 0.133333
vt 0.510638 0.200000
vt 0.510638 0.266667
vt 0.510638 0.333333
vt 0.510638 0.400000
vt 0.510638 0.466667
vt 0.510638 0.533333
vt 0.510638 0.600000
vt 0.510638 0.666667
vt 0.510638 0.733333
vt 0.510638 0.800000
vt 0.510638 0.866667
vt 0.510638 0.933333
vt 0.510638 1.000000
vt 0.531915 0.000000
vt 0.531915 0.066667
vt 0.531915 0.133333
vt 0.531915 0.200000
vt 0.531915 0.266667
vt 0.531915 0.333333
vt 0.531915 0.400000
vt 0.531915 0.466667
vt 0.531915 0.533333
vt 0.531915 0.600000
vt 0.531915 0.666667
vt 0.531915 0.733333
vt 0.531915 0.800000
vt 0.531915 0.866667
vt 0.531915 0.933333
vt 0.531915 1.000000
vt 0.553191 0.000000
vt 0.553191 0.066667
vt 0.553191 0.133333
vt 0.553191 0.200000
vt 0.553191 0.266667
vt 0.553191 0.333333
vt 0.553191 0.400000
vt 0.553191 0.466667
vt 0.553191 0.533333
vt 0.553191 0.600000
vt 0.553191 0.666667
vt 0.553191 0.733333
vt 0.553191 0.800000
vt 0.553191 0.866667
vt 0.553191 0.933333
vt 0.553191 1.000000
vt 0.574468 0.000000
vt 0.574468 0.066667
vt 0.574468 0.133333
vt 0.574468 0.200000
vt 0.574468 0.266667
vt 0.574468 0.333333
vt 0.574468 0.400000
vt 0.574468 0.466667
vt 0.574468 0.533333
vt 0.574468 0.600000
vt 0.574468 0.666667
vt 0.574468 0.733333
vt 0.574468 0.800000
vt 0.574468 0.866667
vt 0.574468 0.933333
vt 0.574468 1.000000
vt 0.595745 0.000000
vt 0.595745 0.066667
vt 0.595745 0.133333
vt 0.595745 0.200000
vt 0.595745 0.266667
vt 0.595745 0.333333
vt 0.595745 0.400000
vt 0.595745 0.466667
vt 0.595745 0.533333
vt 0.595745 0.600000
vt 0.595745 0.666667
vt 0.595745 0.733333
vt 0.595745 0.800000
vt 0.595745 0.866667
vt 0.595745 0.933333
vt 0.595745 1.000000
vt 0.617021 0.000000
vt 0.617021 0.066667
vt 0.617021 0.133333
vt 0.617021 0.200000
vt 0.617021 0.266667
vt 0.617021 0.333333
vt 0.617021 0.400000
vt 0.617021 0.466667
vt 0.617021 0.533333
vt 0.617021 0.600000
vt 0.617021 0.666667
vt 0.617021 0.733333
vt 0.617021 0.800000
vt 0.617021 0.866667
vt 0.617021 0.933333
vt 0.617021 1.000000
vt 0.638298 0.000000
vt 0.638298 0.066667
vt 0.638298 0.133333
vt 0.638298 0.200000
vt 0.638298 0.266667
vt 0.638298 0.333333
vt 0.638298 0.400000
vt 0.638298 0.466667
vt 0.638298 0.533333
vt 0.638298 0.600000
vt 0.638298 0.666667
vt 0.638298 0.733333
vt 0.638298 0.800000
vt 0.638298 0.866667
vt 0.638298 0.933333
vt 0.638298 1.000000
vt 0.659574 0.000000
vt 0.659574 0.066667
vt 0.659574 0.133333
vt 0.659574 0.200000
vt 0.659574 0.266667
vt 0.659574 0.333333
vt 0.659574 0.400000
vt 0.659574 0.466667
vt 0.659574 0.533333
vt 0.659574 0.600000
vt 0.659574 0.666667
vt 0.659574 0.733333
vt 0.659574 0.800000
vt 0.659574 0.866667
vt 0.659574 0.933333
vt 0.659574 1.000000
vt 0.680851 0.000000
vt 0.680851 0.066667
vt 0.680851 0.133333
vt 0.680851 0.200000
vt 0.680851 0.266667
vt 0.680851 0.333333
vt 0.680851 0.400000
vt 0.680851 0.466667
vt 0.680851 0.533333
vt 0.680851 0.600000
vt 0.680851 0.666667
vt 0.680851 0.733333
vt 0.680851 0.800000
vt 0.680851 0.866667
vt 0.680851 0.933333
vt 0.680851 1.000000
vt 0.702128 0.000000
vt 0.702128 0.066667
vt 0.702128 0.133333
vt 0.702128 0.200000
vt 0.702128 0.266667
vt 0.702128 0.333333
vt 0.702128 0.400000
vt 0.702128 0.466667
vt 0.702128 0.533333
vt 0.702128 0.600000
vt 0.702128 0.666667
vt 0.702128 0.733333
vt 0.702128 0.800000
vt 0.702128 0.866667
vt 0.702128 0.933333
vt 0.702128 1.000000
vt 0.723404 0.000000
vt 0.723404 0.066667
vt 0.723404 0.133333
vt 0.723404 0.200000
vt 0.723404 0.266667
vt 0.723404 0.333333
vt 0.723404 0.400000
vt 0.723404 0.466667
vt 0.723404 0.533333
vt 0.723404 0.600000
vt 0.723404 0.666667
vt 0.723404 0.733333
vt 0.723404 0.800000
vt 0.723404 0.866667
vt 0.723404 0.933333
vt 0.723404 1.000000
vt 0.744681 0.000000
vt 0.744681 0.066667
vt 0.744681 0.133333
vt 0.744681 0.200000
vt 0.744681 0.266667
vt 0.744681 0.333333
vt 0.744681 0.400000
vt 0.744681 0.466667
vt 0.744681 0.533333
vt 0.744681 0.600000
vt 0.744681 0.666667
vt 0.744681 0.733333
vt 0.744681 0.800000
vt 0.744681 0.866667
vt 0.744681 0.933333
vt 0.744681 1.000000
vt 0.765957 0.000000
vt 0.765957 0.066667
vt 0.765957 0.133333
vt 0.765957 0.200000
vt 0.765957 0.266667
vt 0.765957 0.333333
vt 0.765957 0.400000
vt 0.765957 0.466667
vt 0.765957 0.533333
vt 0.765957 0.600000
vt 0.765957 0.666667
vt 0.765957 0.733333
vt 0.765957 0.800000
vt 0.765957 0.866667
vt 0.765957 0.933333
vt 0.765957 1.000000
vt 0.787234 0.000000
vt 0.787234 0.066667
vt 0.787234 0.133333
vt 0.787234 0.200000
vt 0.787234 0.266667
vt 0.787234 0.333333
vt 0.787234 0.400000
vt 0.787234 0.466667
vt 0.787234 0.533333
vt 0.787234 0.600000
vt 0.787234 0.666667
vt 0.787234 0.733333
vt 0.787234 0.800000
vt 0.787234 0.866667
vt 0.787234 0.933333
vt 0.787234 1.000000
vt 0.808511 0.000000
vt 0.808511 0.066667
vt 0.808511 0.133333
vt 0.808511 0.200000
vt 0.808511 0.266667
vt 0.808511 0.333333
vt 0.808511 0.400000
vt 0.808511 0.466667
vt 0.808511 0.533333
vt 0.808511 0.600000
vt 0.808511 0.666667
vt 0.808511 0.733333
vt 0.808511 0.800000
vt 0.808511 0.866667
vt 0.808511 0.933333
vt 0.808511 1.000000
vt 0.829787 0.000000
vt 0.829787 0.066667
vt 0.829787 0.133333
vt 0.829787 0.200000
vt 0.829787 0.266667
vt 0.829787 0.333333
vt 0.829787 0.400000
vt 0.829787 0.466667
vt 0.829787 0.533333
vt 0.829787 0.600000
vt 0.829787 0.666667
vt 0.829787 0.733333
vt 0.829787 0.800000
vt 0.829787 0.866667
vt 0.829787 0.933333
vt 0.829787 1.000000
vt 0.851064 0.000000
vt 0.851064 0.066667
vt 0.851064 0.133333
vt 0.851064 0.200000
vt 0.851064 0.266667
vt 0.851064 0.333333
vt 0.851064 0.400000
vt 0.851064 0.466667
vt 0.851064 0.533333
vt 0.851064 0.600000
vt 0.851064 0.666667
vt 0.851064 0.733333
vt 0.851064 0.800000
vt 0.851064 0.866667
vt 0.851064 0.933333
vt 0.851064 1.000000
vt 0.872340 0.000000
vt 0.872340 0.066667
vt 0.872340 0.133333
vt 0.872340 0.200000
vt 0.872340 0.266667
vt 0.872340 0.333333
vt 0.872340 0.400000
vt 0.872340 0.466667
vt 0.872340 0.533333
vt 0.872340 0.600000
vt 0.872340 0.666667
vt 0.872340 0.733333
vt 0.872340 0.800000
vt 0.872340 0.866667
vt 0.872340 0.933333
vt 0.872340 1.000000
vt 0.893617 0.000000
vt 0.893617 0.066667
vt 0.893617 0.133333
vt 0.893617 0.200000
vt 0.893617 0.266667
vt 0.893617 0.333333
vt 0.893617 0.400000
vt 0.893617 0.466667
vt 0.893617 0.533333
vt 0.893617 0.600000
vt 0.893617 0.666667
vt 0.893617 0.733333
vt 0.893617 0.800000
vt 0.893617 0.866667
vt 0.893617 0.933333
vt 0.893617 1.000000
vt 0.914894 0.000000
vt 0.914894 0.066667
vt 0.914894 0.133333
vt 0.914894 0.200000
vt 0.914894 0.266667
vt 0.914894 0.333333
vt 0.914894 0.400000
vt 0.914894 0.466667
vt 0.914894 0.533333
vt 0.914894 0.600000
vt 0.914894 0.666667
vt 0.914894 0.733333
vt 0.914894 0.800000
vt 0.914894 0.866667
vt 0.914894 0.933333
vt 0.914894 1.000000
vt 0.936170 0.000000
vt 0.936170 0.066667
vt 0.936170 0.133333
vt 0.936170 0.200000
vt 0.936170 0.266667
vt 0.936170 0.333333
vt 0.936170 0.400000
vt 0.936170 0.466667
vt 0.936170 0.533333
vt 0.936170 0.600000
vt 0.936170 0.666667
vt 0.936170 0.733333
vt 0.936170 0.800000
vt 0.936170 0.866667
vt 0.936170 0.933333
vt 0.936170 1.000000
vt 0.957447 0.000000
vt 0.957447 0.066667
vt 0.957447 0.133333
vt 0.957447 0.200000
vt 0.957447 0.266667
vt 0.957447 0.333333
vt 0.957447 0.400000
vt 0.957447 0.466667
vt 0.957447 0.533333
vt 0.957447 0.600000
vt 0.957447 0.666667
vt 0.957447 0.733333
vt 0.957447 0.800000
vt 0.957447 0.866667
vt 0.957447 0.933333
vt 0.957447 1.000000
vt 0.978723 0.000000
vt 0.978723 0.066667
vt 0.978723 0.133333
vt 0.978723 0.200000
vt 0.978723 0.266667
vt 0.978723 0.333333
vt 0.978723 0.400000
vt 0.978723 0.466667
vt 0.978723 0.533333
vt 0.978723 0.600000
vt 0.978723 0.666667
vt 0.978723 0.733333
vt 0.978723 0.800000
vt 0.978723 0.866667
vt 0.978723 0.933333
vt 0.978723 1.000000
vt 1.000000 0.000000
vt 1.000000 0.066667
vt 1.000000 0.133333
vt 1.000000 0.200000
vt 1.000000 0.266667
vt 1.000000 0.333333
vt 1.000000 0.400000
vt 1.000000 0.466667
vt 1.000000 0.533333
vt 1.000000 0.600000
vt 1.000000 0.666667
vt 1.000000 0.733333
vt 1.000000 0.800000
vt 1.000000 0.866667
vt 1.000000 0.933333
vt 1.000000 1.000000
vn 0.6980 0.1558 -0.6988
vn 0.7027 0.1079 -0.7032
vn 0.6981 0.1557 -0.6988
vn 0.6824 0.2584 -0.6838
vn 0.6825 0.2582 -0.6838
vn 0.6548 0.3737 -0.6568
vn 0.6549 0.3736 -0.6569
vn 0.6121 0.4973 -0.6148
vn 0.6122 0.4972 -0.6148
vn 0.5526 0.6209 -0.5560
vn 0.5527 0.6207 -0.5560
vn 0.4783 0.7339 -0.4823
vn 0.4783 0.7338 -0.4824
vn 0.3948 0.8273 -0.3995
vn 0.3949 0.8273 -0.3995
vn 0.3101 0.8970 -0.3151
vn 0.3102 0.8969 -0.3151
vn 0.2310 0.9438 -0.2362
vn 0.2311 0.9438 -0.2362
vn 0.1621 0.9724 -0.1675
vn 0.1622 0.9724 -0.1675
vn 0.1057 0.9882 -0.1111
vn 0.1057 0.9882 -0.1110
vn 0.0619 0.9958 -0.0672
vn 0.0620 0.9958 -0.0672
vn 0.0306 0.9989 -0.0358
vn 0.0307 0.9989 -0.0358
vn 0.0114 0.9998 -0.0164
vn 0.0115 0.9998 -0.0164
vn 0.0048 0.9999 -0.0098
vn 0.0049 0.9999 -0.0097
vn 0.6825 0.2582 -0.6837
vn 0.6550 0.3736 -0.6568
vn 0.5528 0.6207 -0.5560
vn 0.4784 0.7338 -0.4823
vn 0.3950 0.8273 -0.3994
vn 0.3103 0.8969 -0.3150
vn 0.2312 0.9438 -0.2361
vn 0.1624 0.9724 -0.1674
vn 0.1059 0.9882 -0.1109
vn 0.0621 0.9958 -0.0671
vn 0.0308 0.9989 -0.0357
vn 0.0116 0.9998 -0.0164
vn 0.0050 0.9999 -0.0097
vn 0.6123 0.4972 -0.6147
vn 0.5528 0.6208 -0.5559
vn 0.4785 0.7338 -0.4822
vn 0.3952 0.8273 -0.3993
vn 0.3104 0.8969 -0.3149
vn 0.2313 0.9438 -0.2360
vn 0.1625 0.9724 -0.1673
vn 0.1060 0.9882 -0.1108
vn 0.0623 0.9958 -0.0670
vn 0.0310 0.9989 -0.0356
vn 0.0118 0.9998 -0.0163
vn 0.0052 0.9999 -0.0096
vn 0.6825 0.2583 -0.6837
vn 0.6550 0.3736 -0.6567
vn 0.6123 0.4972 -0.6146
vn 0.5529 0.6208 -0.5558
vn 0.4786 0.7338 -0.4821
vn 0.3952 0.8273 -0.3992
vn 0.3105 0.8969 -0.3148
vn 0.2314 0.9438 -0.2359
vn 0.1626 0.9724 -0.1672
vn 0.1061 0.9882 -0.1107
vn 0.0624 0.9958 -0.0670
vn 0.0311 0.9989 -0.0356
vn 0.0119 0.9998 -0.0162
vn 0.0053 0.9999 -0.0096
vn 0.6825 0.2583 -0.6836
vn 0.6551 0.3736 -0.6567
vn 0.6124 0.4972 -0.6146
vn 0.5530 0.6208 -0.5557
vn 0.4787 0.7338 -0.4820
vn 0.3953 0.8273 -0.3991
vn 0.3106 0.8969 -0.3147
vn 0.2315 0.9438 -0.2358
vn 0.1628 0.9724 -0.1671
vn 0.1063 0.9882 -0.1106
vn 0.0626 0.9958 -0.0669
vn 0.0313 0.9989 -0.0355
vn 0.0121 0.9998 -0.0162
vn 0.0055 0.9999 -0.0095
vn 0.6982 0.1557 -0.6988
vn 0.6826 0.2583 -0.6836
vn 0.6551 0.3736 -0.6566
vn 0.6124 0.4972 -0.6145
vn 0.4788 0.7338 -0.4819
vn 0.3954 0.8273 -0.3990
vn 0.3107 0.8969 -0.3146
vn 0.2317 0.9438 -0.2357
vn 0.1629 0.9724 -0.1670
vn 0.1064 0.9881 -0.1105
vn 0.0627 0.9958 -0.0668
vn 0.0314 0.9989 -0.0354
vn 0.0122 0.9998 -0.0161
vn 0.0056 0.9999 -0.0094
vn 0.7028 0.1079 -0.7031
vn 0.6551 0.3737 -0.6566
vn 0.6125 0.4973 -0.6144
vn 0.5531 0.6208 -0.5556
vn 0.4789 0.7338 -0.4818
vn 0.3956 0.8273 -0.3989
vn 0.3108 0.8969 -0.3145
vn 0.2318 0.9438 -0.2356
vn 0.1630 0.9724 -0.1669
vn 0.1066 0.9881 -0.1104
vn 0.0628 0.9958 -0.0667
vn 0.0316 0.9989 -0.0353
vn 0.0124 0.9998 -0.0160
vn 0.0058 0.9999 -0.0094
vn 0.6982 0.1557 -0.6987
vn 0.6552 0.3737 -0.6565
vn 0.5531 0.6208 -0.5555
vn 0.4790 0.7338 -0.4817
vn 0.3956 0.8273 -0.3988
vn 0.3110 0.8969 -0.3143
vn 0.2319 0.9438 -0.2355
vn 0.1631 0.9724 -0.1668
vn 0.1067 0.9881 -0.1103
vn 0.0630 0.9958 -0.0666
vn 0.0317 0.9989 -0.0352
vn 0.0125 0.9998 -0.0159
vn 0.0059 0.9999 -0.0093
vn 0.6827 0.2583 -0.6835
vn 0.6126 0.4973 -0.6143
vn 0.5532 0.6208 -0.5554
vn 0.4790 0.7338 -0.4816
vn 0.3957 0.8273 -0.3987
vn 0.3110 0.8969 -0.3142
vn 0.2320 0.9438 -0.2354
vn 0.1633 0.9724 -0.1667
vn 0.1068 0.9881 -0.1102
vn 0.0631 0.9958 -0.0665
vn 0.0318 0.9989 -0.0351
vn 0.0127 0.9998 -0.0159
vn 0.0061 0.9999 -0.0092
vn 0.6982 0.1558 -0.6987
vn 0.6553 0.3737 -0.6565
vn 0.6127 0.4973 -0.6142
vn 0.5533 0.6208 -0.5553
vn 0.4791 0.7338 -0.4816
vn 0.3958 0.8273 -0.3986
vn 0.3112 0.8969 -0.3141
vn 0.2322 0.9438 -0.2353
vn 0.1634 0.9724 -0.1666
vn 0.1070 0.9881 -0.1101
vn 0.0633 0.9958 -0.0664
vn 0.0320 0.9989 -0.0350
vn 0.0128 0.9998 -0.0158
vn 0.0062 0.9999 -0.0092
vn 0.6553 0.3737 -0.6564
vn 0.5534 0.6208 -0.5553
vn 0.4792 0.7338 -0.4815
vn 0.3959 0.8273 -0.3985
vn 0.3113 0.8969 -0.3140
vn 0.2323 0.9438 -0.2351
vn 0.1635 0.9724 -0.1664
vn 0.1071 0.9881 -0.1100
vn 0.0634 0.9958 -0.0663
vn 0.0321 0.9989 -0.0349
vn 0.0129 0.9998 -0.0157
vn 0.0063 0.9999 -0.0091
vn 0.6983 0.1558 -0.6987
vn 0.6828 0.2583 -0.6834
vn 0.6554 0.3737 -0.6564
vn 0.6128 0.4973 -0.6141
vn 0.5535 0.6208 -0.5552
vn 0.4793 0.7338 -0.4813
vn 0.3960 0.8273 -0.3984
vn 0.3114 0.8969 -0.3139
vn 0.2324 0.9438 -0.2350
vn 0.1636 0.9724 -0.1663
vn 0.1072 0.9881 -0.1099
vn 0.0635 0.9958 -0.0662
vn 0.0323 0.9988 -0.0349
vn 0.0131 0.9998 -0.0156
vn 0.0065 0.9999 -0.0090
vn 0.6983 0.1558 -0.6986
vn 0.6554 0.3737 -0.6563
vn 0.5535 0.6208 -0.5551
vn 0.4794 0.7338 -0.4812
vn 0.3961 0.8273 -0.3983
vn 0.3115 0.8969 -0.3138
vn 0.2325 0.9438 -0.2349
vn 0.1638 0.9724 -0.1662
vn 0.1074 0.9881 -0.1098
vn 0.0637 0.9958 -0.0661
vn 0.0324 0.9988 -0.0348
vn 0.0132 0.9998 -0.0155
vn 0.0066 0.9999 -0.0089
vn 0.6129 0.4973 -0.6140
vn 0.5536 0.6208 -0.5550
vn 0.4795 0.7338 -0.4812
vn 0.3963 0.8273 -0.3981
vn 0.3116 0.8969 -0.3137
vn 0.2326 0.9438 -0.2348
vn 0.1639 0.9724 -0.1661
vn 0.1075 0.9881 -0.1097
vn 0.0638 0.9958 -0.0660
vn 0.0325 0.9988 -0.0347
vn 0.0133 0.9998 -0.0154
vn 0.0068 0.9999 -0.0088
vn 0.7029 0.1079 -0.7031
vn 0.6829 0.2583 -0.6833
vn 0.6555 0.3737 -0.6562
vn 0.6129 0.4973 -0.6139
vn 0.5537 0.6208 -0.5549
vn 0.4796 0.7338 -0.4811
vn 0.3117 0.8969 -0.3136
vn 0.2328 0.9438 -0.2347
vn 0.1640 0.9724 -0.1660
vn 0.1076 0.9881 -0.1096
vn 0.0639 0.9958 -0.0659
vn 0.0327 0.9988 -0.0346
vn 0.0135 0.9998 -0.0154
vn 0.0069 0.9999 -0.0087
vn 0.6130 0.4973 -0.6139
vn 0.4797 0.7338 -0.4810
vn 0.3964 0.8273 -0.3980
vn 0.3118 0.8969 -0.3135
vn 0.2329 0.9438 -0.2346
vn 0.1642 0.9724 -0.1659
vn 0.1077 0.9881 -0.1095
vn 0.0641 0.9958 -0.0658
vn 0.0328 0.9988 -0.0345
vn 0.0136 0.9998 -0.0153
vn 0.0070 0.9999 -0.0086
vn 0.7029 0.1079 -0.7030
vn 0.6984 0.1558 -0.6986
vn 0.6556 0.3737 -0.6561
vn 0.6131 0.4973 -0.6138
vn 0.5538 0.6209 -0.5548
vn 0.4797 0.7338 -0.4809
vn 0.3965 0.8273 -0.3978
vn 0.3120 0.8969 -0.3134
vn 0.2330 0.9438 -0.2345
vn 0.1643 0.9724 -0.1658
vn 0.1079 0.9881 -0.1094
vn 0.0642 0.9958 -0.0657
vn 0.0329 0.9988 -0.0344
vn 0.0137 0.9998 -0.0152
vn 0.0071 0.9999 -0.0085
vn 0.6984 0.1558 -0.6985
vn 0.6829 0.2583 -0.6832
vn 0.5539 0.6209 -0.5547
vn 0.4798 0.7338 -0.4808
vn 0.3966 0.8273 -0.3977
vn 0.3121 0.8969 -0.3133
vn 0.2331 0.9438 -0.2344
vn 0.1644 0.9724 -0.1657
vn 0.1080 0.9881 -0.1093
vn 0.0643 0.9958 -0.0656
vn 0.0330 0.9988 -0.0343
vn 0.0139 0.9998 -0.0151
vn 0.0073 0.9999 -0.0085
vn 0.6557 0.3737 -0.6561
vn 0.6132 0.4973 -0.6137
vn 0.5539 0.6209 -0.5546
vn 0.4799 0.7338 -0.4807
vn 0.3967 0.8273 -0.3977
vn 0.3122 0.8969 -0.3132
vn 0.2332 0.9438 -0.2343
vn 0.1645 0.9724 -0.1656
vn 0.1081 0.9881 -0.1092
vn 0.0644 0.9958 -0.0655
vn 0.0331 0.9988 -0.0342
vn 0.0140 0.9998 -0.0150
vn 0.0074 0.9999 -0.0084
vn 0.6830 0.2583 -0.6832
vn 0.6557 0.3737 -0.6560
vn 0.6132 0.4973 -0.6136
vn 0.5540 0.6209 -0.5546
vn 0.4800 0.7338 -0.4806
vn 0.3968 0.8273 -0.3975
vn 0.3123 0.8969 -0.3131
vn 0.2333 0.9438 -0.2341
vn 0.1646 0.9724 -0.1654
vn 0.1082 0.9881 -0.1090
vn 0.0645 0.9958 -0.0653
vn 0.0333 0.9988 -0.0341
vn 0.0141 0.9998 -0.0149
vn 0.0075 0.9999 -0.0083
vn 0.6558 0.3737 -0.6560
vn 0.6133 0.4973 -0.6136
vn 0.5541 0.6209 -0.5545
vn 0.4801 0.7338 -0.4805
vn 0.3970 0.8273 -0.3974
vn 0.3124 0.8969 -0.3129
vn 0.2335 0.9438 -0.2340
vn 0.1647 0.9724 -0.1653
vn 0.1083 0.9881 -0.1089
vn 0.0647 0.9958 -0.0652
vn 0.0334 0.9988 -0.0340
vn 0.0142 0.9998 -0.0148
vn 0.0076 0.9999 -0.0081
vn 0.6830 0.2583 -0.6831
vn 0.6558 0.3737 -0.6559
vn 0.6134 0.4973 -0.6135
vn 0.5542 0.6209 -0.5544
vn 0.4802 0.7338 -0.4805
vn 0.3125 0.8969 -0.3128
vn 0.2336 0.9438 -0.2339
vn 0.1649 0.9724 -0.1652
vn 0.1085 0.9881 -0.1088
vn 0.0648 0.9958 -0.0651
vn 0.0335 0.9988 -0.0338
vn 0.0143 0.9998 -0.0146
vn 0.0077 0.9999 -0.0081
vn 0.7030 0.1079 -0.7030
vn 0.6831 0.2583 -0.6831
vn 0.5542 0.6209 -0.5543
vn 0.4803 0.7338 -0.4804
vn 0.3971 0.8273 -0.3973
vn 0.3126 0.8969 -0.3127
vn 0.2337 0.9438 -0.2338
vn 0.1650 0.9724 -0.1651
vn 0.1086 0.9881 -0.1087
vn 0.0649 0.9958 -0.0650
vn 0.0336 0.9988 -0.0337
vn 0.0144 0.9998 -0.0146
vn 0.0078 0.9999 -0.0079
vn 0.6985 0.1558 -0.6984
vn 0.6559 0.3737 -0.6558
vn 0.6135 0.4973 -0.6134
vn 0.5543 0.6209 -0.5542
vn 0.4804 0.7338 -0.4803
vn 0.3973 0.8273 -0.3971
vn 0.3127 0.8969 -0.3126
vn 0.2338 0.9438 -0.2337
vn 0.1651 0.9724 -0.1650
vn 0.1087 0.9881 -0.1086
vn 0.0650 0.9958 -0.0649
vn 0.0337 0.9988 -0.0336
vn 0.0146 0.9998 -0.0144
vn 0.0079 0.9999 -0.0078
vn 0.7030 0.1079 -0.7029
vn 0.6831 0.2583 -0.6830
vn 0.5544 0.6209 -0.5542
vn 0.4805 0.7338 -0.4802
vn 0.3974 0.8273 -0.3970
vn 0.3128 0.8969 -0.3125
vn 0.2339 0.9438 -0.2336
vn 0.1652 0.9724 -0.1649
vn 0.1088 0.9881 -0.1085
vn 0.0651 0.9958 -0.0648
vn 0.0338 0.9988 -0.0335
vn 0.0146 0.9998 -0.0143
vn 0.0081 0.9999 -0.0077
vn 0.6832 0.2583 -0.6830
vn 0.6560 0.3737 -0.6558
vn 0.6136 0.4973 -0.6133
vn 0.5545 0.6209 -0.5541
vn 0.4805 0.7338 -0.4801
vn 0.3129 0.8969 -0.3124
vn 0.2340 0.9438 -0.2335
vn 0.1653 0.9724 -0.1647
vn 0.1089 0.9881 -0.1083
vn 0.0652 0.9958 -0.0647
vn 0.0340 0.9988 -0.0334
vn 0.0148 0.9998 -0.0142
vn 0.0081 0.9999 -0.0076
vn 0.6560 0.3737 -0.6557
vn 0.6136 0.4973 -0.6132
vn 0.5546 0.6209 -0.5540
vn 0.4806 0.7338 -0.4800
vn 0.3975 0.8273 -0.3968
vn 0.3131 0.8969 -0.3123
vn 0.2341 0.9438 -0.2333
vn 0.1654 0.9724 -0.1646
vn 0.1090 0.9881 -0.1082
vn 0.0653 0.9958 -0.0645
vn 0.0341 0.9988 -0.0333
vn 0.0149 0.9998 -0.0141
vn 0.0083 0.9999 -0.0075
vn 0.6832 0.2583 -0.6829
vn 0.6561 0.3737 -0.6557
vn 0.6137 0.4973 -0.6132
vn 0.5546 0.6209 -0.5539
vn 0.4807 0.7338 -0.4799
vn 0.3977 0.8273 -0.3967
vn 0.3132 0.8969 -0.3122
vn 0.2343 0.9438 -0.2332
vn 0.1656 0.9724 -0.1645
vn 0.1092 0.9881 -0.1081
vn 0.0655 0.9958 -0.0644
vn 0.0342 0.9988 -0.0331
vn 0.0150 0.9998 -0.0140
vn 0.0084 0.9999 -0.0074
vn 0.6561 0.3737 -0.6556
vn 0.6138 0.4973 -0.6131
vn 0.5547 0.6209 -0.5539
vn 0.4808 0.7338 -0.4798
vn 0.3977 0.8273 -0.3966
vn 0.3133 0.8969 -0.3121
vn 0.2344 0.9438 -0.2331
vn 0.1657 0.9724 -0.1644
vn 0.1093 0.9881 -0.1080
vn 0.0656 0.9958 -0.0643
vn 0.0343 0.9988 -0.0330
vn 0.0151 0.9998 -0.0139
vn 0.0085 0.9999 -0.0073
vn 0.6986 0.1558 -0.6984
vn 0.6833 0.2583 -0.6829
vn 0.5548 0.6209 -0.5538
vn 0.4809 0.7338 -0.4797
vn 0.3978 0.8273 -0.3965
vn 0.3134 0.8969 -0.3120
vn 0.2345 0.9438 -0.2330
vn 0.1658 0.9724 -0.1643
vn 0.1094 0.9881 -0.1079
vn 0.0657 0.9958 -0.0642
vn 0.0344 0.9988 -0.0329
vn 0.0152 0.9998 -0.0137
vn 0.0085 0.9999 -0.0071
vn 0.7031 0.1079 -0.7029
vn 0.6986 0.1558 -0.6983
vn 0.6562 0.3737 -0.6555
vn 0.6139 0.4973 -0.6130
vn 0.5549 0.6208 -0.5537
vn 0.4810 0.7338 -0.4797
vn 0.3980 0.8273 -0.3964
vn 0.3135 0.8969 -0.3118
vn 0.2346 0.9438 -0.2329
vn 0.1659 0.9724 -0.1642
vn 0.1095 0.9881 -0.1077
vn 0.0658 0.9958 -0.0641
vn 0.0345 0.9988 -0.0328
vn 0.0153 0.9998 -0.0136
vn 0.0086 0.9999 -0.0070
vn 0.6833 0.2583 -0.6828
vn 0.6139 0.4973 -0.6129
vn 0.4811 0.7338 -0.4796
vn 0.3981 0.8273 -0.3963
vn 0.3136 0.8969 -0.3117
vn 0.2347 0.9438 -0.2328
vn 0.1660 0.9724 -0.1640
vn 0.1096 0.9881 -0.1076
vn 0.0659 0.9958 -0.0639
vn 0.0346 0.9988 -0.0327
vn 0.0154 0.9998 -0.0135
vn 0.0087 0.9999 -0.0069
vn 0.7031 0.1079 -0.7028
vn 0.6834 0.2583 -0.6828
vn 0.6563 0.3737 -0.6554
vn 0.6140 0.4973 -0.6129
vn 0.5550 0.6208 -0.5536
vn 0.4812 0.7338 -0.4795
vn 0.3137 0.8969 -0.3116
vn 0.2348 0.9438 -0.2326
vn 0.1661 0.9724 -0.1639
vn 0.1097 0.9881 -0.1075
vn 0.0660 0.9958 -0.0638
vn 0.0347 0.9988 -0.0325
vn 0.0154 0.9998 -0.0133
vn 0.0088 0.9999 -0.0068
vn 0.6141 0.4973 -0.6128
vn 0.5551 0.6208 -0.5535
vn 0.4812 0.7338 -0.4794
vn 0.3983 0.8273 -0.3961
vn 0.3138 0.8969 -0.3115
vn 0.2349 0.9438 -0.2325
vn 0.1662 0.9724 -0.1638
vn 0.1098 0.9881 -0.1074
vn 0.0661 0.9958 -0.0637
vn 0.0348 0.9988 -0.0324
vn 0.0155 0.9998 -0.0132
vn 0.0089 0.9999 -0.0066
vn 0.6987 0.1558 -0.6983
vn 0.6564 0.3737 -0.6554
vn 0.5552 0.6208 -0.5535
vn 0.4813 0.7338 -0.4793
vn 0.3984 0.8273 -0.3960
vn 0.3139 0.8969 -0.3114
vn 0.2350 0.9438 -0.2324
vn 0.1663 0.9724 -0.1636
vn 0.1099 0.9881 -0.1072
vn 0.0662 0.9958 -0.0635
vn 0.0349 0.9988 -0.0323
vn 0.0156 0.9998 -0.0131
vn 0.0090 0.9999 -0.0065
vn 0.6987 0.1558 -0.6982
vn 0.6835 0.2583 -0.6827
vn 0.6564 0.3737 -0.6553
vn 0.6142 0.4973 -0.6127
vn 0.5553 0.6208 -0.5534
vn 0.4814 0.7338 -0.4792
vn 0.3985 0.8273 -0.3959
vn 0.3140 0.8969 -0.3113
vn 0.2351 0.9438 -0.2323
vn 0.1664 0.9724 -0.1635
vn 0.1100 0.9881 -0.1071
vn 0.0663 0.9958 -0.0634
vn 0.0349 0.9989 -0.0321
vn 0.0157 0.9998 -0.0129
vn 0.0091 0.9999 -0.0063
vn 0.6565 0.3737 -0.6553
vn 0.5553 0.6208 -0.5533
vn 0.4816 0.7338 -0.4791
vn 0.3986 0.8273 -0.3958
vn 0.3141 0.8969 -0.3112
vn 0.2353 0.9438 -0.2322
vn 0.1666 0.9724 -0.1634
vn 0.1101 0.9881 -0.1070
vn 0.0664 0.9958 -0.0633
vn 0.0350 0.9989 -0.0320
vn 0.0158 0.9998 -0.0128
vn 0.0092 0.9999 -0.0062
vn 0.6987 0.1557 -0.6982
vn 0.6565 0.3737 -0.6552
vn 0.6143 0.4973 -0.6126
vn 0.5554 0.6208 -0.5532
vn 0.4816 0.7338 -0.4790
vn 0.3987 0.8273 -0.3957
vn 0.3142 0.8969 -0.3110
vn 0.2354 0.9438 -0.2320
vn 0.1667 0.9724 -0.1633
vn 0.1102 0.9881 -0.1068
vn 0.0665 0.9958 -0.0631
vn 0.0351 0.9989 -0.0318
vn 0.0159 0.9998 -0.0127
vn 0.0092 0.9999 -0.0061
vn 0.6836 0.2583 -0.6826
vn 0.6144 0.4973 -0.6125
vn 0.5555 0.6208 -0.5531
vn 0.4817 0.7338 -0.4790
vn 0.3988 0.8273 -0.3956
vn 0.3143 0.8969 -0.3110
vn 0.2355 0.9438 -0.2319
vn 0.1668 0.9724 -0.1631
vn 0.1103 0.9881 -0.1067
vn 0.0666 0.9958 -0.0630
vn 0.0352 0.9989 -0.0317
vn 0.0159 0.9998 -0.0125
vn 0.0093 0.9999 -0.0059
vn 0.6988 0.1557 -0.6982
vn 0.6566 0.3737 -0.6551
vn 0.5556 0.6208 -0.5531
vn 0.4818 0.7338 -0.4789
vn 0.3989 0.8273 -0.3956
vn 0.3145 0.8969 -0.3108
vn 0.2356 0.9438 -0.2318
vn 0.1669 0.9724 -0.1630
vn 0.1104 0.9881 -0.1066
vn 0.0667 0.9958 -0.0628
vn 0.0353 0.9989 -0.0316
vn 0.0160 0.9998 -0.0124
vn 0.0094 0.9999 -0.0058
vn 0.7032 0.1079 -0.7027
vn 0.6566 0.3736 -0.6551
vn 0.6145 0.4972 -0.6124
vn 0.5557 0.6208 -0.5530
vn 0.4819 0.7338 -0.4788
vn 0.3990 0.8273 -0.3954
vn 0.3146 0.8969 -0.3107
vn 0.2357 0.9438 -0.2317
vn 0.1670 0.9724 -0.1629
vn 0.1105 0.9881 -0.1064
vn 0.0668 0.9958 -0.0627
vn 0.0354 0.9989 -0.0314
vn 0.0161 0.9998 -0.0122
vn 0.0094 0.9999 -0.0056
vn 0.6988 0.1557 -0.6981
vn 0.6836 0.2583 -0.6825
vn 0.6567 0.3736 -0.6551
vn 0.6146 0.4972 -0.6124
vn 0.4820 0.7338 -0.4787
vn 0.3991 0.8273 -0.3953
vn 0.3147 0.8969 -0.3106
vn 0.2358 0.9438 -0.2315
vn 0.1671 0.9724 -0.1628
vn 0.1106 0.9882 -0.1063
vn 0.0669 0.9958 -0.0626
vn 0.0355 0.9989 -0.0313
vn 0.0162 0.9998 -0.0121
vn 0.0095 0.9999 -0.0055
vn 0.6837 0.2583 -0.6825
vn 0.6567 0.3736 -0.6550
vn 0.6146 0.4972 -0.6123
vn 0.5558 0.6208 -0.5529
vn 0.4821 0.7338 -0.4786
vn 0.3992 0.8273 -0.3952
vn 0.3148 0.8969 -0.3105
vn 0.2359 0.9438 -0.2314
vn 0.1672 0.9724 -0.1626
vn 0.1107 0.9882 -0.1061
vn 0.0670 0.9958 -0.0624
vn 0.0356 0.9989 -0.0311
vn 0.0162 0.9998 -0.0119
vn 0.0096 0.9999 -0.0053
vn 0.6837 0.2582 -0.6825
vn 0.6568 0.3736 -0.6550
vn 0.6147 0.4972 -0.6123
vn 0.5559 0.6208 -0.5528
vn 0.4822 0.7338 -0.4785
vn 0.3993 0.8273 -0.3952
vn 0.3149 0.8969 -0.3104
vn 0.2360 0.9438 -0.2313
vn 0.1673 0.9724 -0.1625
vn 0.1108 0.9882 -0.1060
vn 0.0670 0.9958 -0.0623
vn 0.0356 0.9989 -0.0310
vn 0.0163 0.9998 -0.0118
vn 0.0096 0.9999 -0.0052
vn 0.6148 0.4972 -0.6122
vn 0.5560 0.6207 -0.5528
vn 0.4823 0.7338 -0.4784
vn 0.3994 0.8273 -0.3950
vn 0.3150 0.8969 -0.3103
vn 0.2361 0.9438 -0.2312
vn 0.1674 0.9724 -0.1624
vn 0.1109 0.9882 -0.1059
vn 0.0671 0.9958 -0.0621
vn 0.0357 0.9989 -0.0308
vn 0.0164 0.9998 -0.0116
vn 0.0097 0.9999 -0.0050
vn 0.6838 0.2582 -0.6825
vn 0.6569 0.3736 -0.6549
vn 0.5560 0.6207 -0.5527
vn 0.4824 0.7338 -0.4783
vn 0.3995 0.8273 -0.3949
vn 0.3151 0.8969 -0.3102
vn 0.2362 0.9438 -0.2311
vn 0.1675 0.9724 -0.1622
vn 0.1110 0.9882 -0.1057
vn 0.0672 0.9958 -0.0620
vn 0.0358 0.9989 -0.0307
vn 0.0164 0.9998 -0.0115
vn 0.0097 0.9999 -0.0049
vn 0.6988 0.1558 -0.6980
vn 0.6838 0.2584 -0.6824
vn 0.6568 0.3737 -0.6548
vn 0.6148 0.4973 -0.6121
vn 0.5560 0.6209 -0.5526
vn 0.4823 0.7339 -0.4783
vn 0.3995 0.8273 -0.3948
vn 0.3151 0.8970 -0.3101
vn 0.2362 0.9438 -0.2310
vn 0.1675 0.9724 -0.1621
vn 0.1111 0.9882 -0.1057
vn 0.0672 0.9958 -0.0619
vn 0.0358 0.9989 -0.0306
vn 0.0164 0.9998 -0.0114
vn 0.0098 0.9999 -0.0048
usemtl Material.001
s 1
f 3078/3077/2587 3077/3078/2588 3093/3079/2588 3094/3080/2589
f 3079/3081/2590 3078/3077/2587 3094/3080/2589 3095/3082/2591
f 3080/3083/2592 3079/3081/2590 3095/3082/2591 3096/3084/2593
f 3081/3085/2594 3080/3083/2592 3096/3084/2593 3097/3086/2595
f 3082/3087/2596 3081/3085/2594 3097/3086/2595 3098/3088/2597
f 3083/3089/2598 3082/3087/2596 3098/3088/2597 3099/3090/2599
f 3084/3091/2600 3083/3089/2598 3099/3090/2599 3100/3092/2601
f 3085/3093/2602 3084/3091/2600 3100/3092/2601 3101/3094/2603
f 3086/3095/2604 3085/3093/2602 3101/3094/2603 3102/3096/2605
f 3087/3097/2606 3086/3095/2604 3102/3096/2605 3103/3098/2607
f 3088/3099/2608 3087/3097/2606 3103/3098/2607 3104/3100/2609
f 3089/3101/2610 3088/3099/2608 3104/3100/2609 3105/3102/2611
f 3090/3103/2612 3089/3101/2610 3105/3102/2611 3106/3104/2613
f 3091/3105/2614 3090/3103/2612 3106/3104/2613 3107/3106/2615
f 3092/3107/2616 3091/3105/2614 3107/3106/2615 3108/3108/2617
f 3094/3080/2589 3093/3079/2588 3109/3109/2588 3110/3110/2589
f 3095/3082/2591 3094/3080/2589 3110/3110/2589 3111/3111/2618
f 3096/3084/2593 3095/3082/2591 3111/3111/2618 3112/3112/2619
f 3097/3086/2595 3096/3084/2593 3112/3112/2619 3113/3113/2595
f 3098/3088/2597 3097/3086/2595 3113/3113/2595 3114/3114/2620
f 3099/3090/2599 3098/3088/2597 3114/3114/2620 3115/3115/2621
f 3100/3092/2601 3099/3090/2599 3115/3115/2621 3116/3116/2622
f 3101/3094/2603 3100/3092/2601 3116/3116/2622 3117/3117/2623
f 3102/3096/2605 3101/3094/2603 3117/3117/2623 3118/3118/2624
f 3103/3098/2607 3102/3096/2605 3118/3118/2624 3119/3119/2625
f 3104/3100/2609 3103/3098/2607 3119/3119/2625 3120/3120/2626
f 3105/3102/2611 3104/3100/2609 3120/3120/2626 3121/3121/2627
f 3106/3104/2613 3105/3102/2611 3121/3121/2627 3122/3122/2628
f 3107/3106/2615 3106/3104/2613 3122/3122/2628 3123/3123/2629
f 3108/3108/2617 3107/3106/2615 3123/3123/2629 3124/3124/2630
f 3110/3110/2589 3109/3109/2588 3125/3125/2588 3126/3126/2589
f 3111/3111/2618 3110/3110/2589 3126/3126/2589 3127/3127/2618
f 3112/3112/2619 3111/3111/2618 3127/3127/2618 3128/3128/2619
f 3113/3113/2595 3112/3112/2619 3128/3128/2619 3129/3129/2631
f 3114/3114/2620 3113/3113/2595 3129/3129/2631 3130/3130/2632
f 3115/3115/2621 3114/3114/2620 3130/3130/2632 3131/3131/2633
f 3116/3116/2622 3115/3115/2621 3131/3131/2633 3132/3132/2634
f 3117/3117/2623 3116/3116/2622 3132/3132/2634 3133/3133/2635
f 3118/3118/2624 3117/3117/2623 3133/3133/2635 3134/3134/2636
f 3119/3119/2625 3118/3118/2624 3134/3134/2636 3135/3135/2637
f 3120/3120/2626 3119/3119/2625 3135/3135/2637 3136/3136/2638
f 3121/3121/2627 3120/3120/2626 3136/3136/2638 3137/3137/2639
f 3122/3122/2628 3121/3121/2627 3137/3137/2639 3138/3138/2640
f 3123/3123/2629 3122/3122/2628 3138/3138/2640 3139/3139/2641
f 3124/3124/2630 3123/3123/2629 3139/3139/2641 3140/3140/2642
f 3126/3126/2589 3125/3125/2588 3141/3141/2588 3142/3142/2589
f 3127/3127/2618 3126/3126/2589 3142/3142/2589 3143/3143/2643
f 3128/3128/2619 3127/3127/2618 3143/3143/2643 3144/3144/2644
f 3129/3129/2631 3128/3128/2619 3144/3144/2644 3145/3145/2645
f 3130/3130/2632 3129/3129/2631 3145/3145/2645 3146/3146/2646
f 3131/3131/2633 3130/3130/2632 3146/3146/2646 3147/3147/2647
f 3132/3132/2634 3131/3131/2633 3147/3147/2647 3148/3148/2648
f 3133/3133/2635 3132/3132/2634 3148/3148/2648 3149/3149/2649
f 3134/3134/2636 3133/3133/2635 3149/3149/2649 3150/3150/2650
f 3135/3135/2637 3134/3134/2636 3150/3150/2650 3151/3151/2651
f 3136/3136/2638 3135/3135/2637 3151/3151/2651 3152/3152/2652
f 3137/3137/2639 3136/3136/2638 3152/3152/2652 3153/3153/2653
f 3138/3138/2640 3137/3137/2639 3153/3153/2653 3154/3154/2654
f 3139/3139/2641 3138/3138/2640 3154/3154/2654 3155/3155/2655
f 3140/3140/2642 3139/3139/2641 3155/3155/2655 3156/3156/2656
f 3142/3142/2589 3141/3141/2588 3157/3157/2588 3158/3158/2589
f 3143/3143/2643 3142/3142/2589 3158/3158/2589 3159/3159/2657
f 3144/3144/2644 3143/3143/2643 3159/3159/2657 3160/3160/2658
f 3145/3145/2645 3144/3144/2644 3160/3160/2658 3161/3161/2659
f 3146/3146/2646 3145/3145/2645 3161/3161/2659 3162/3162/2660
f 3147/3147/2647 3146/3146/2646 3162/3162/2660 3163/3163/2661
f 3148/3148/2648 3147/3147/2647 3163/3163/2661 3164/3164/2662
f 3149/3149/2649 3148/3148/2648 3164/3164/2662 3165/3165/2663
f 3150/3150/2650 3149/3149/2649 3165/3165/2663 3166/3166/2664
f 3151/3151/2651 3150/3150/2650 3166/3166/2664 3167/3167/2665
f 3152/3152/2652 3151/3151/2651 3167/3167/2665 3168/3168/2666
f 3153/3153/2653 3152/3152/2652 3168/3168/2666 3169/3169/2667
f 3154/3154/2654 3153/3153/2653 3169/3169/2667 3170/3170/2668
f 3155/3155/2655 3154/3154/2654 3170/3170/2668 3171/3171/2669
f 3156/3156/2656 3155/3155/2655 3171/3171/2669 3172/3172/2670
f 3158/3158/2589 3157/3157/2588 3173/3173/2588 3174/3174/2671
f 3159/3159/2657 3158/3158/2589 3174/3174/2671 3175/3175/2672
f 3160/3160/2658 3159/3159/2657 3175/3175/2672 3176/3176/2673
f 3161/3161/2659 3160/3160/2658 3176/3176/2673 3177/3177/2674
f 3162/3162/2660 3161/3161/2659 3177/3177/2674 3178/3178/2660
f 3163/3163/2661 3162/3162/2660 3178/3178/2660 3179/3179/2675
f 3164/3164/2662 3163/3163/2661 3179/3179/2675 3180/3180/2676
f 3165/3165/2663 3164/3164/2662 3180/3180/2676 3181/3181/2677
f 3166/3166/2664 3165/3165/2663 3181/3181/2677 3182/3182/2678
f 3167/3167/2665 3166/3166/2664 3182/3182/2678 3183/3183/2679
f 3168/3168/2666 3167/3167/2665 3183/3183/2679 3184/3184/2680
f 3169/3169/2667 3168/3168/2666 3184/3184/2680 3185/3185/2681
f 3170/3170/2668 3169/3169/2667 3185/3185/2681 3186/3186/2682
f 3171/3171/2669 3170/3170/2668 3186/3186/2682 3187/3187/2683
f 3172/3172/2670 3171/3171/2669 3187/3187/2683 3188/3188/2684
f 3174/3174/2671 3173/3173/2588 3189/3189/2685 3190/3190/2671
f 3175/3175/2672 3174/3174/2671 3190/3190/2671 3191/3191/2672
f 3176/3176/2673 3175/3175/2672 3191/3191/2672 3192/3192/2686
f 3177/3177/2674 3176/3176/2673 3192/3192/2686 3193/3193/2687
f 3178/3178/2660 3177/3177/2674 3193/3193/2687 3194/3194/2688
f 3179/3179/2675 3178/3178/2660 3194/3194/2688 3195/3195/2689
f 3180/3180/2676 3179/3179/2675 3195/3195/2689 3196/3196/2690
f 3181/3181/2677 3180/3180/2676 3196/3196/2690 3197/3197/2691
f 3182/3182/2678 3181/3181/2677 3197/3197/2691 3198/3198/2692
f 3183/3183/2679 3182/3182/2678 3198/3198/2692 3199/3199/2693
f 3184/3184/2680 3183/3183/2679 3199/3199/2693 3200/3200/2694
f 3185/3185/2681 3184/3184/2680 3200/3200/2694 3201/3201/2695
f 3186/3186/2682 3185/3185/2681 3201/3201/2695 3202/3202/2696
f 3187/3187/2683 3186/3186/2682 3202/3202/2696 3203/3203/2697
f 3188/3188/2684 3187/3187/2683 3203/3203/2697 3204/3204/2698
f 3190/3190/2671 3189/3189/2685 3205/3205/2685 3206/3206/2699
f 3191/3191/2672 3190/3190/2671 3206/3206/2699 3207/3207/2672
f 3192/3192/2686 3191/3191/2672 3207/3207/2672 3208/3208/2700
f 3193/3193/2687 3192/3192/2686 3208/3208/2700 3209/3209/2687
f 3194/3194/2688 3193/3193/2687 3209/3209/2687 3210/3210/2701
f 3195/3195/2689 3194/3194/2688 3210/3210/2701 3211/3211/2702
f 3196/3196/2690 3195/3195/2689 3211/3211/2702 3212/3212/2703
f 3197/3197/2691 3196/3196/2690 3212/3212/2703 3213/3213/2704
f 3198/3198/2692 3197/3197/2691 3213/3213/2704 3214/3214/2705
f 3199/3199/2693 3198/3198/2692 3214/3214/2705 3215/3215/2706
f 3200/3200/2694 3199/3199/2693 3215/3215/2706 3216/3216/2707
f 3201/3201/2695 3200/3200/2694 3216/3216/2707 3217/3217/2708
f 3202/3202/2696 3201/3201/2695 3217/3217/2708 3218/3218/2709
f 3203/3203/2697 3202/3202/2696 3218/3218/2709 3219/3219/2710
f 3204/3204/2698 3203/3203/2697 3219/3219/2710 3220/3220/2711
f 3206/3206/2699 3205/3205/2685 3221/3221/2685 3222/3222/2699
f 3207/3207/2672 3206/3206/2699 3222/3222/2699 3223/3223/2712
f 3208/3208/2700 3207/3207/2672 3223/3223/2712 3224/3224/2700
f 3209/3209/2687 3208/3208/2700 3224/3224/2700 3225/3225/2713
f 3210/3210/2701 3209/3209/2687 3225/3225/2713 3226/3226/2714
f 3211/3211/2702 3210/3210/2701 3226/3226/2714 3227/3227/2715
f 3212/3212/2703 3211/3211/2702 3227/3227/2715 3228/3228/2716
f 3213/3213/2704 3212/3212/2703 3228/3228/2716 3229/3229/2717
f 3214/3214/2705 3213/3213/2704 3229/3229/2717 3230/3230/2718
f 3215/3215/2706 3214/3214/2705 3230/3230/2718 3231/3231/2719
f 3216/3216/2707 3215/3215/2706 3231/3231/2719 3232/3232/2720
f 3217/3217/2708 3216/3216/2707 3232/3232/2720 3233/3233/2721
f 3218/3218/2709 3217/3217/2708 3233/3233/2721 3234/3234/2722
f 3219/3219/2710 3218/3218/2709 3234/3234/2722 3235/3235/2723
f 3220/3220/2711 3219/3219/2710 3235/3235/2723 3236/3236/2724
f 3222/3222/2699 3221/3221/2685 3237/3237/2685 3238/3238/2725
f 3223/3223/2712 3222/3222/2699 3238/3238/2725 3239/3239/2712
f 3224/3224/2700 3223/3223/2712 3239/3239/2712 3240/3240/2726
f 3225/3225/2713 3224/3224/2700 3240/3240/2726 3241/3241/2727
f 3226/3226/2714 3225/3225/2713 3241/3241/2727 3242/3242/2728
f 3227/3227/2715 3226/3226/2714 3242/3242/2728 3243/3243/2729
f 3228/3228/2716 3227/3227/2715 3243/3243/2729 3244/3244/2730
f 3229/3229/2717 3228/3228/2716 3244/3244/2730 3245/3245/2731
f 3230/3230/2718 3229/3229/2717 3245/3245/2731 3246/3246/2732
f 3231/3231/2719 3230/3230/2718 3246/3246/2732 3247/3247/2733
f 3232/3232/2720 3231/3231/2719 3247/3247/2733 3248/3248/2734
f 3233/3233/2721 3232/3232/2720 3248/3248/2734 3249/3249/2735
f 3234/3234/2722 3233/3233/2721 3249/3249/2735 3250/3250/2736
f 3235/3235/2723 3234/3234/2722 3250/3250/2736 3251/3251/2737
f 3236/3236/2724 3235/3235/2723 3251/3251/2737 3252/3252/2738
f 3238/3238/2725 3237/3237/2685 3253/3253/2685 3254/3254/2725
f 3239/3239/2712 3238/3238/2725 3254/3254/2725 3255/3255/2712
f 3240/3240/2726 3239/3239/2712 3255/3255/2712 3256/3256/2739
f 3241/3241/2727 3240/3240/2726 3256/3256/2739 3257/3257/2727
f 3242/3242/2728 3241/3241/2727 3257/3257/2727 3258/3258/2740
f 3243/3243/2729 3242/3242/2728 3258/3258/2740 3259/3259/2741
f 3244/3244/2730 3243/3243/2729 3259/3259/2741 3260/3260/2742
f 3245/3245/2731 3244/3244/2730 3260/3260/2742 3261/3261/2743
f 3246/3246/2732 3245/3245/2731 3261/3261/2743 3262/3262/2744
f 3247/3247/2733 3246/3246/2732 3262/3262/2744 3263/3263/2745
f 3248/3248/2734 3247/3247/2733 3263/3263/2745 3264/3264/2746
f 3249/3249/2735 3248/3248/2734 3264/3264/2746 3265/3265/2747
f 3250/3250/2736 3249/3249/2735 3265/3265/2747 3266/3266/2748
f 3251/3251/2737 3250/3250/2736 3266/3266/2748 3267/3267/2749
f 3252/3252/2738 3251/3251/2737 3267/3267/2749 3268/3268/2750
f 3254/3254/2725 3253/3253/2685 3269/3269/2685 3270/3270/2751
f 3255/3255/2712 3254/3254/2725 3270/3270/2751 3271/3271/2752
f 3256/3256/2739 3255/3255/2712 3271/3271/2752 3272/3272/2753
f 3257/3257/2727 3256/3256/2739 3272/3272/2753 3273/3273/2754
f 3258/3258/2740 3257/3257/2727 3273/3273/2754 3274/3274/2755
f 3259/3259/2741 3258/3258/2740 3274/3274/2755 3275/3275/2756
f 3260/3260/2742 3259/3259/2741 3275/3275/2756 3276/3276/2757
f 3261/3261/2743 3260/3260/2742 3276/3276/2757 3277/3277/2758
f 3262/3262/2744 3261/3261/2743 3277/3277/2758 3278/3278/2759
f 3263/3263/2745 3262/3262/2744 3278/3278/2759 3279/3279/2760
f 3264/3264/2746 3263/3263/2745 3279/3279/2760 3280/3280/2761
f 3265/3265/2747 3264/3264/2746 3280/3280/2761 3281/3281/2762
f 3266/3266/2748 3265/3265/2747 3281/3281/2762 3282/3282/2763
f 3267/3267/2749 3266/3266/2748 3282/3282/2763 3283/3283/2764
f 3268/3268/2750 3267/3267/2749 3283/3283/2764 3284/3284/2765
f 3270/3270/2751 3269/3269/2685 3285/3285/2685 3286/3286/2766
f 3271/3271/2752 3270/3270/2751 3286/3286/2766 3287/3287/2752
f 3272/3272/2753 3271/3271/2752 3287/3287/2752 3288/3288/2767
f 3273/3273/2754 3272/3272/2753 3288/3288/2767 3289/3289/2754
f 3274/3274/2755 3273/3273/2754 3289/3289/2754 3290/3290/2768
f 3275/3275/2756 3274/3274/2755 3290/3290/2768 3291/3291/2769
f 3276/3276/2757 3275/3275/2756 3291/3291/2769 3292/3292/2770
f 3277/3277/2758 3276/3276/2757 3292/3292/2770 3293/3293/2771
f 3278/3278/2759 3277/3277/2758 3293/3293/2771 3294/3294/2772
f 3279/3279/2760 3278/3278/2759 3294/3294/2772 3295/3295/2773
f 3280/3280/2761 3279/3279/2760 3295/3295/2773 3296/3296/2774
f 3281/3281/2762 3280/3280/2761 3296/3296/2774 3297/3297/2775
f 3282/3282/2763 3281/3281/2762 3297/3297/2775 3298/3298/2776
f 3283/3283/2764 3282/3282/2763 3298/3298/2776 3299/3299/2777
f 3284/3284/2765 3283/3283/2764 3299/3299/2777 3300/3300/2778
f 3286/3286/2766 3285/3285/2685 3301/3301/2685 3302/3302/2766
f 3287/3287/2752 3286/3286/2766 3302/3302/2766 3303/3303/2752
f 3288/3288/2767 3287/3287/2752 3303/3303/2752 3304/3304/2767
f 3289/3289/2754 3288/3288/2767 3304/3304/2767 3305/3305/2779
f 3290/3290/2768 3289/3289/2754 3305/3305/2779 3306/3306/2780
f 3291/3291/2769 3290/3290/2768 3306/3306/2780 3307/3307/2781
f 3292/3292/2770 3291/3291/2769 3307/3307/2781 3308/3308/2782
f 3293/3293/2771 3292/3292/2770 3308/3308/2782 3309/3309/2783
f 3294/3294/2772 3293/3293/2771 3309/3309/2783 3310/3310/2784
f 3295/3295/2773 3294/3294/2772 3310/3310/2784 3311/3311/2785
f 3296/3296/2774 3295/3295/2773 3311/3311/2785 3312/3312/2786
f 3297/3297/2775 3296/3296/2774 3312/3312/2786 3313/3313/2787
f 3298/3298/2776 3297/3297/2775 3313/3313/2787 3314/3314/2788
f 3299/3299/2777 3298/3298/2776 3314/3314/2788 3315/3315/2789
f 3300/3300/2778 3299/3299/2777 3315/3315/2789 3316/3316/2790
f 3302/3302/2766 3301/3301/2685 3317/3317/2791 3318/3318/2766
f 3303/3303/2752 3302/3302/2766 3318/3318/2766 3319/3319/2792
f 3304/3304/2767 3303/3303/2752 3319/3319/2792 3320/3320/2793
f 3305/3305/2779 3304/3304/2767 3320/3320/2793 3321/3321/2794
f 3306/3306/2780 3305/3305/2779 3321/3321/2794 3322/3322/2795
f 3307/3307/2781 3306/3306/2780 3322/3322/2795 3323/3323/2796
f 3308/3308/2782 3307/3307/2781 3323/3323/2796 3324/3324/2782
f 3309/3309/2783 3308/3308/2782 3324/3324/2782 3325/3325/2797
f 3310/3310/2784 3309/3309/2783 3325/3325/2797 3326/3326/2798
f 3311/3311/2785 3310/3310/2784 3326/3326/2798 3327/3327/2799
f 3312/3312/2786 3311/3311/2785 3327/3327/2799 3328/3328/2800
f 3313/3313/2787 3312/3312/2786 3328/3328/2800 3329/3329/2801
f 3314/3314/2788 3313/3313/2787 3329/3329/2801 3330/3330/2802
f 3315/3315/2789 3314/3314/2788 3330/3330/2802 3331/3331/2803
f 3316/3316/2790 3315/3315/2789 3331/3331/2803 3332/3332/2804
f 3318/3318/2766 3317/3317/2791 3333/3333/2791 3334/3334/2766
f 3319/3319/2792 3318/3318/2766 3334/3334/2766 3335/3335/2792
f 3320/3320/2793 3319/3319/2792 3335/3335/2792 3336/3336/2793
f 3321/3321/2794 3320/3320/2793 3336/3336/2793 3337/3337/2805
f 3322/3322/2795 3321/3321/2794 3337/3337/2805 3338/3338/2795
f 3323/3323/2796 3322/3322/2795 3338/3338/2795 3339/3339/2806
f 3324/3324/2782 3323/3323/2796 3339/3339/2806 3340/3340/2807
f 3325/3325/2797 3324/3324/2782 3340/3340/2807 3341/3341/2808
f 3326/3326/2798 3325/3325/2797 3341/3341/2808 3342/3342/2809
f 3327/3327/2799 3326/3326/2798 3342/3342/2809 3343/3343/2810
f 3328/3328/2800 3327/3327/2799 3343/3343/2810 3344/3344/2811
f 3329/3329/2801 3328/3328/2800 3344/3344/2811 3345/3345/2812
f 3330/3330/2802 3329/3329/2801 3345/3345/2812 3346/3346/2813
f 3331/3331/2803 3330/3330/2802 3346/3346/2813 3347/3347/2814
f 3332/3332/2804 3331/3331/2803 3347/3347/2814 3348/3348/2815
f 3334/3334/2766 3333/3333/2791 3349/3349/2816 3350/3350/2817
f 3335/3335/2792 3334/3334/2766 3350/3350/2817 3351/3351/2792
f 3336/3336/2793 3335/3335/2792 3351/3351/2792 3352/3352/2818
f 3337/3337/2805 3336/3336/2793 3352/3352/2818 3353/3353/2819
f 3338/3338/2795 3337/3337/2805 3353/3353/2819 3354/3354/2820
f 3339/3339/2806 3338/3338/2795 3354/3354/2820 3355/3355/2821
f 3340/3340/2807 3339/3339/2806 3355/3355/2821 3356/3356/2822
f 3341/3341/2808 3340/3340/2807 3356/3356/2822 3357/3357/2823
f 3342/3342/2809 3341/3341/2808 3357/3357/2823 3358/3358/2824
f 3343/3343/2810 3342/3342/2809 3358/3358/2824 3359/3359/2825
f 3344/3344/2811 3343/3343/2810 3359/3359/2825 3360/3360/2826
f 3345/3345/2812 3344/3344/2811 3360/3360/2826 3361/3361/2827
f 3346/3346/2813 3345/3345/2812 3361/3361/2827 3362/3362/2828
f 3347/3347/2814 3346/3346/2813 3362/3362/2828 3363/3363/2829
f 3348/3348/2815 3347/3347/2814 3363/3363/2829 3364/3364/2830
f 3350/3350/2817 3349/3349/2816 3365/3365/2816 3366/3366/2831
f 3351/3351/2792 3350/3350/2817 3366/3366/2831 3367/3367/2832
f 3352/3352/2818 3351/3351/2792 3367/3367/2832 3368/3368/2818
f 3353/3353/2819 3352/3352/2818 3368/3368/2818 3369/3369/2819
f 3354/3354/2820 3353/3353/2819 3369/3369/2819 3370/3370/2833
f 3355/3355/2821 3354/3354/2820 3370/3370/2833 3371/3371/2834
f 3356/3356/2822 3355/3355/2821 3371/3371/2834 3372/3372/2835
f 3357/3357/2823 3356/3356/2822 3372/3372/2835 3373/3373/2836
f 3358/3358/2824 3357/3357/2823 3373/3373/2836 3374/3374/2837
f 3359/3359/2825 3358/3358/2824 3374/3374/2837 3375/3375/2838
f 3360/3360/2826 3359/3359/2825 3375/3375/2838 3376/3376/2839
f 3361/3361/2827 3360/3360/2826 3376/3376/2839 3377/3377/2840
f 3362/3362/2828 3361/3361/2827 3377/3377/2840 3378/3378/2841
f 3363/3363/2829 3362/3362/2828 3378/3378/2841 3379/3379/2842
f 3364/3364/2830 3363/3363/2829 3379/3379/2842 3380/3380/2843
f 3366/3366/2831 3365/3365/2816 3381/3381/2816 3382/3382/2831
f 3367/3367/2832 3366/3366/2831 3382/3382/2831 3383/3383/2832
f 3368/3368/2818 3367/3367/2832 3383/3383/2832 3384/3384/2844
f 3369/3369/2819 3368/3368/2818 3384/3384/2844 3385/3385/2845
f 3370/3370/2833 3369/3369/2819 3385/3385/2845 3386/3386/2846
f 3371/3371/2834 3370/3370/2833 3386/3386/2846 3387/3387/2847
f 3372/3372/2835 3371/3371/2834 3387/3387/2847 3388/3388/2848
f 3373/3373/2836 3372/3372/2835 3388/3388/2848 3389/3389/2849
f 3374/3374/2837 3373/3373/2836 3389/3389/2849 3390/3390/2850
f 3375/3375/2838 3374/3374/2837 3390/3390/2850 3391/3391/2851
f 3376/3376/2839 3375/3375/2838 3391/3391/2851 3392/3392/2852
f 3377/3377/2840 3376/3376/2839 3392/3392/2852 3393/3393/2853
f 3378/3378/2841 3377/3377/2840 3393/3393/2853 3394/3394/2854
f 3379/3379/2842 3378/3378/2841 3394/3394/2854 3395/3395/2855
f 3380/3380/2843 3379/3379/2842 3395/3395/2855 3396/3396/2856
f 3382/3382/2831 3381/3381/2816 3397/3397/2816 3398/3398/2831
f 3383/3383/2832 3382/3382/2831 3398/3398/2831 3399/3399/2857
f 3384/3384/2844 3383/3383/2832 3399/3399/2857 3400/3400/2858
f 3385/3385/2845 3384/3384/2844 3400/3400/2858 3401/3401/2859
f 3386/3386/2846 3385/3385/2845 3401/3401/2859 3402/3402/2860
f 3387/3387/2847 3386/3386/2846 3402/3402/2860 3403/3403/2861
f 3388/3388/2848 3387/3387/2847 3403/3403/2861 3404/3404/2862
f 3389/3389/2849 3388/3388/2848 3404/3404/2862 3405/3405/2863
f 3390/3390/2850 3389/3389/2849 3405/3405/2863 3406/3406/2864
f 3391/3391/2851 3390/3390/2850 3406/3406/2864 3407/3407/2865
f 3392/3392/2852 3391/3391/2851 3407/3407/2865 3408/3408/2866
f 3393/3393/2853 3392/3392/2852 3408/3408/2866 3409/3409/2867
f 3394/3394/2854 3393/3393/2853 3409/3409/2867 3410/3410/2868
f 3395/3395/2855 3394/3394/2854 3410/3410/2868 3411/3411/2869
f 3396/3396/2856 3395/3395/2855 3411/3411/2869 3412/3412/2870
f 3398/3398/2831 3397/3397/2816 3413/3413/2816 3414/3414/2831
f 3399/3399/2857 3398/3398/2831 3414/3414/2831 3415/3415/2857
f 3400/3400/2858 3399/3399/2857 3415/3415/2857 3416/3416/2871
f 3401/3401/2859 3400/3400/2858 3416/3416/2871 3417/3417/2872
f 3402/3402/2860 3401/3401/2859 3417/3417/2872 3418/3418/2873
f 3403/3403/2861 3402/3402/2860 3418/3418/2873 3419/3419/2874
f 3404/3404/2862 3403/3403/2861 3419/3419/2874 3420/3420/2875
f 3405/3405/2863 3404/3404/2862 3420/3420/2875 3421/3421/2876
f 3406/3406/2864 3405/3405/2863 3421/3421/2876 3422/3422/2877
f 3407/3407/2865 3406/3406/2864 3422/3422/2877 3423/3423/2878
f 3408/3408/2866 3407/3407/2865 3423/3423/2878 3424/3424/2879
f 3409/3409/2867 3408/3408/2866 3424/3424/2879 3425/3425/2880
f 3410/3410/2868 3409/3409/2867 3425/3425/2880 3426/3426/2881
f 3411/3411/2869 3410/3410/2868 3426/3426/2881 3427/3427/2882
f 3412/3412/2870 3411/3411/2869 3427/3427/2882 3428/3428/2883
f 3414/3414/2831 3413/3413/2816 3429/3429/2816 3430/3430/2831
f 3415/3415/2857 3414/3414/2831 3430/3430/2831 3431/3431/2884
f 3416/3416/2871 3415/3415/2857 3431/3431/2884 3432/3432/2885
f 3417/3417/2872 3416/3416/2871 3432/3432/2885 3433/3433/2886
f 3418/3418/2873 3417/3417/2872 3433/3433/2886 3434/3434/2887
f 3419/3419/2874 3418/3418/2873 3434/3434/2887 3435/3435/2888
f 3420/3420/2875 3419/3419/2874 3435/3435/2888 3436/3436/2875
f 3421/3421/2876 3420/3420/2875 3436/3436/2875 3437/3437/2889
f 3422/3422/2877 3421/3421/2876 3437/3437/2889 3438/3438/2890
f 3423/3423/2878 3422/3422/2877 3438/3438/2890 3439/3439/2891
f 3424/3424/2879 3423/3423/2878 3439/3439/2891 3440/3440/2892
f 3425/3425/2880 3424/3424/2879 3440/3440/2892 3441/3441/2893
f 3426/3426/2881 3425/3425/2880 3441/3441/2893 3442/3442/2894
f 3427/3427/2882 3426/3426/2881 3442/3442/2894 3443/3443/2895
f 3428/3428/2883 3427/3427/2882 3443/3443/2895 3444/3444/2896
f 3430/3430/2831 3429/3429/2816 3445/3445/2897 3446/3446/2831
f 3431/3431/2884 3430/3430/2831 3446/3446/2831 3447/3447/2898
f 3432/3432/2885 3431/3431/2884 3447/3447/2898 3448/3448/2885
f 3433/3433/2886 3432/3432/2885 3448/3448/2885 3449/3449/2886
f 3434/3434/2887 3433/3433/2886 3449/3449/2886 3450/3450/2899
f 3435/3435/2888 3434/3434/2887 3450/3450/2899 3451/3451/2900
f 3436/3436/2875 3435/3435/2888 3451/3451/2900 3452/3452/2901
f 3437/3437/2889 3436/3436/2875 3452/3452/2901 3453/3453/2902
f 3438/3438/2890 3437/3437/2889 3453/3453/2902 3454/3454/2903
f 3439/3439/2891 3438/3438/2890 3454/3454/2903 3455/3455/2904
f 3440/3440/2892 3439/3439/2891 3455/3455/2904 3456/3456/2905
f 3441/3441/2893 3440/3440/2892 3456/3456/2905 3457/3457/2906
f 3442/3442/2894 3441/3441/2893 3457/3457/2906 3458/3458/2907
f 3443/3443/2895 3442/3442/2894 3458/3458/2907 3459/3459/2908
f 3444/3444/2896 3443/3443/2895 3459/3459/2908 3460/3460/2909
f 3446/3446/2831 3445/3445/2897 3461/3461/2897 3462/3462/2910
f 3447/3447/2898 3446/3446/2831 3462/3462/2910 3463/3463/2898
f 3448/3448/2885 3447/3447/2898 3463/3463/2898 3464/3464/2911
f 3449/3449/2886 3448/3448/2885 3464/3464/2911 3465/3465/2912
f 3450/3450/2899 3449/3449/2886 3465/3465/2912 3466/3466/2913
f 3451/3451/2900 3450/3450/2899 3466/3466/2913 3467/3467/2914
f 3452/3452/2901 3451/3451/2900 3467/3467/2914 3468/3468/2915
f 3453/3453/2902 3452/3452/2901 3468/3468/2915 3469/3469/2916
f 3454/3454/2903 3453/3453/2902 3469/3469/2916 3470/3470/2917
f 3455/3455/2904 3454/3454/2903 3470/3470/2917 3471/3471/2918
f 3456/3456/2905 3455/3455/2904 3471/3471/2918 3472/3472/2919
f 3457/3457/2906 3456/3456/2905 3472/3472/2919 3473/3473/2920
f 3458/3458/2907 3457/3457/2906 3473/3473/2920 3474/3474/2921
f 3459/3459/2908 3458/3458/2907 3474/3474/2921 3475/3475/2922
f 3460/3460/2909 3459/3459/2908 3475/3475/2922 3476/3476/2923
f 3462/3462/2910 3461/3461/2897 3477/3477/2924 3478/3478/2910
f 3463/3463/2898 3462/3462/2910 3478/3478/2910 3479/3479/2925
f 3464/3464/2911 3463/3463/2898 3479/3479/2925 3480/3480/2911
f 3465/3465/2912 3464/3464/2911 3480/3480/2911 3481/3481/2912
f 3466/3466/2913 3465/3465/2912 3481/3481/2912 3482/3482/2926
f 3467/3467/2914 3466/3466/2913 3482/3482/2926 3483/3483/2927
f 3468/3468/2915 3467/3467/2914 3483/3483/2927 3484/3484/2928
f 3469/3469/2916 3468/3468/2915 3484/3484/2928 3485/3485/2929
f 3470/3470/2917 3469/3469/2916 3485/3485/2929 3486/3486/2930
f 3471/3471/2918 3470/3470/2917 3486/3486/2930 3487/3487/2931
f 3472/3472/2919 3471/3471/2918 3487/3487/2931 3488/3488/2932
f 3473/3473/2920 3472/3472/2919 3488/3488/2932 3489/3489/2933
f 3474/3474/2921 3473/3473/2920 3489/3489/2933 3490/3490/2934
f 3475/3475/2922 3474/3474/2921 3490/3490/2934 3491/3491/2935
f 3476/3476/2923 3475/3475/2922 3491/3491/2935 3492/3492/2936
f 3478/3478/2910 3477/3477/2924 3493/3493/2924 3494/3494/2910
f 3479/3479/2925 3478/3478/2910 3494/3494/2910 3495/3495/2937
f 3480/3480/2911 3479/3479/2925 3495/3495/2937 3496/3496/2938
f 3481/3481/2912 3480/3480/2911 3496/3496/2938 3497/3497/2939
f 3482/3482/2926 3481/3481/2912 3497/3497/2939 3498/3498/2940
f 3483/3483/2927 3482/3482/2926 3498/3498/2940 3499/3499/2941
f 3484/3484/2928 3483/3483/2927 3499/3499/2941 3500/3500/2928
f 3485/3485/2929 3484/3484/2928 3500/3500/2928 3501/3501/2942
f 3486/3486/2930 3485/3485/2929 3501/3501/2942 3502/3502/2943
f 3487/3487/2931 3486/3486/2930 3502/3502/2943 3503/3503/2944
f 3488/3488/2932 3487/3487/2931 3503/3503/2944 3504/3504/2945
f 3489/3489/2933 3488/3488/2932 3504/3504/2945 3505/3505/2946
f 3490/3490/2934 3489/3489/2933 3505/3505/2946 3506/3506/2947
f 3491/3491/2935 3490/3490/2934 3506/3506/2947 3507/3507/2948
f 3492/3492/2936 3491/3491/2935 3507/3507/2948 3508/3508/2949
f 3494/3494/2910 3493/3493/2924 3509/3509/2924 3510/3510/2910
f 3495/3495/2937 3494/3494/2910 3510/3510/2910 3511/3511/2937
f 3496/3496/2938 3495/3495/2937 3511/3511/2937 3512/3512/2950
f 3497/3497/2939 3496/3496/2938 3512/3512/2950 3513/3513/2951
f 3498/3498/2940 3497/3497/2939 3513/3513/2951 3514/3514/2952
f 3499/3499/2941 3498/3498/2940 3514/3514/2952 3515/3515/2953
f 3500/3500/2928 3499/3499/2941 3515/3515/2953 3516/3516/2954
f 3501/3501/2942 3500/3500/2928 3516/3516/2954 3517/3517/2955
f 3502/3502/2943 3501/3501/2942 3517/3517/2955 3518/3518/2956
f 3503/3503/2944 3502/3502/2943 3518/3518/2956 3519/3519/2957
f 3504/3504/2945 3503/3503/2944 3519/3519/2957 3520/3520/2958
f 3505/3505/2946 3504/3504/2945 3520/3520/2958 3521/3521/2959
f 3506/3506/2947 3505/3505/2946 3521/3521/2959 3522/3522/2960
f 3507/3507/2948 3506/3506/2947 3522/3522/2960 3523/3523/2961
f 3508/3508/2949 3507/3507/2948 3523/3523/2961 3524/3524/2962
f 3510/3510/2910 3509/3509/2924 3525/3525/2924 3526/3526/2910
f 3511/3511/2937 3510/3510/2910 3526/3526/2910 3527/3527/2963
f 3512/3512/2950 3511/3511/2937 3527/3527/2963 3528/3528/2964
f 3513/3513/2951 3512/3512/2950 3528/3528/2964 3529/3529/2965
f 3514/3514/2952 3513/3513/2951 3529/3529/2965 3530/3530/2966
f 3515/3515/2953 3514/3514/2952 3530/3530/2966 3531/3531/2967
f 3516/3516/2954 3515/3515/2953 3531/3531/2967 3532/3532/2968
f 3517/3517/2955 3516/3516/2954 3532/3532/2968 3533/3533/2969
f 3518/3518/2956 3517/3517/2955 3533/3533/2969 3534/3534/2970
f 3519/3519/2957 3518/3518/2956 3534/3534/2970 3535/3535/2971
f 3520/3520/2958 3519/3519/2957 3535/3535/2971 3536/3536/2972
f 3521/3521/2959 3520/3520/2958 3536/3536/2972 3537/3537/2973
f 3522/3522/2960 3521/3521/2959 3537/3537/2973 3538/3538/2974
f 3523/3523/2961 3522/3522/2960 3538/3538/2974 3539/3539/2975
f 3524/3524/2962 3523/3523/2961 3539/3539/2975 3540/3540/2976
f 3526/3526/2910 3525/3525/2924 3541/3541/2924 3542/3542/2910
f 3527/3527/2963 3526/3526/2910 3542/3542/2910 3543/3543/2963
f 3528/3528/2964 3527/3527/2963 3543/3543/2963 3544/3544/2977
f 3529/3529/2965 3528/3528/2964 3544/3544/2977 3545/3545/2978
f 3530/3530/2966 3529/3529/2965 3545/3545/2978 3546/3546/2979
f 3531/3531/2967 3530/3530/2966 3546/3546/2979 3547/3547/2980
f 3532/3532/2968 3531/3531/2967 3547/3547/2980 3548/3548/2981
f 3533/3533/2969 3532/3532/2968 3548/3548/2981 3549/3549/2982
f 3534/3534/2970 3533/3533/2969 3549/3549/2982 3550/3550/2983
f 3535/3535/2971 3534/3534/2970 3550/3550/2983 3551/3551/2984
f 3536/3536/2972 3535/3535/2971 3551/3551/2984 3552/3552/2985
f 3537/3537/2973 3536/3536/2972 3552/3552/2985 3553/3553/2986
f 3538/3538/2974 3537/3537/2973 3553/3553/2986 3554/3554/2987
f 3539/3539/2975 3538/3538/2974 3554/3554/2987 3555/3555/2988
f 3540/3540/2976 3539/3539/2975 3555/3555/2988 3556/3556/2989
f 3542/3542/2910 3541/3541/2924 3557/3557/2924 3558/3558/2990
f 3543/3543/2963 3542/3542/2910 3558/3558/2990 3559/3559/2991
f 3544/3544/2977 3543/3543/2963 3559/3559/2991 3560/3560/2977
f 3545/3545/2978 3544/3544/2977 3560/3560/2977 3561/3561/2978
f 3546/3546/2979 3545/3545/2978 3561/3561/2978 3562/3562/2992
f 3547/3547/2980 3546/3546/2979 3562/3562/2992 3563/3563/2993
f 3548/3548/2981 3547/3547/2980 3563/3563/2993 3564/3564/2994
f 3549/3549/2982 3548/3548/2981 3564/3564/2994 3565/3565/2995
f 3550/3550/2983 3549/3549/2982 3565/3565/2995 3566/3566/2996
f 3551/3551/2984 3550/3550/2983 3566/3566/2996 3567/3567/2997
f 3552/3552/2985 3551/3551/2984 3567/3567/2997 3568/3568/2998
f 3553/3553/2986 3552/3552/2985 3568/3568/2998 3569/3569/2999
f 3554/3554/2987 3553/3553/2986 3569/3569/2999 3570/3570/3000
f 3555/3555/2988 3554/3554/2987 3570/3570/3000 3571/3571/3001
f 3556/3556/2989 3555/3555/2988 3571/3571/3001 3572/3572/3002
f 3558/3558/2990 3557/3557/2924 3573/3573/3003 3574/3574/3004
f 3559/3559/2991 3558/3558/2990 3574/3574/3004 3575/3575/2991
f 3560/3560/2977 3559/3559/2991 3575/3575/2991 3576/3576/3005
f 3561/3561/2978 3560/3560/2977 3576/3576/3005 3577/3577/3006
f 3562/3562/2992 3561/3561/2978 3577/3577/3006 3578/3578/3007
f 3563/3563/2993 3562/3562/2992 3578/3578/3007 3579/3579/3008
f 3564/3564/2994 3563/3563/2993 3579/3579/3008 3580/3580/3009
f 3565/3565/2995 3564/3564/2994 3580/3580/3009 3581/3581/3010
f 3566/3566/2996 3565/3565/2995 3581/3581/3010 3582/3582/3011
f 3567/3567/2997 3566/3566/2996 3582/3582/3011 3583/3583/3012
f 3568/3568/2998 3567/3567/2997 3583/3583/3012 3584/3584/3013
f 3569/3569/2999 3568/3568/2998 3584/3584/3013 3585/3585/3014
f 3570/3570/3000 3569/3569/2999 3585/3585/3014 3586/3586/3015
f 3571/3571/3001 3570/3570/3000 3586/3586/3015 3587/3587/3016
f 3572/3572/3002 3571/3571/3001 3587/3587/3016 3588/3588/3017
f 3574/3574/3004 3573/3573/3003 3589/3589/3003 3590/3590/3004
f 3575/3575/2991 3574/3574/3004 3590/3590/3004 3591/3591/3018
f 3576/3576/3005 3575/3575/2991 3591/3591/3018 3592/3592/3005
f 3577/3577/3006 3576/3576/3005 3592/3592/3005 3593/3593/3019
f 3578/3578/3007 3577/3577/3006 3593/3593/3019 3594/3594/3007
f 3579/3579/3008 3578/3578/3007 3594/3594/3007 3595/3595/3020
f 3580/3580/3009 3579/3579/3008 3595/3595/3020 3596/3596/3021
f 3581/3581/3010 3580/3580/3009 3596/3596/3021 3597/3597/3022
f 3582/3582/3011 3581/3581/3010 3597/3597/3022 3598/3598/3023
f 3583/3583/3012 3582/3582/3011 3598/3598/3023 3599/3599/3024
f 3584/3584/3013 3583/3583/3012 3599/3599/3024 3600/3600/3025
f 3585/3585/3014 3584/3584/3013 3600/3600/3025 3601/3601/3026
f 3586/3586/3015 3585/3585/3014 3601/3601/3026 3602/3602/3027
f 3587/3587/3016 3586/3586/3015 3602/3602/3027 3603/3603/3028
f 3588/3588/3017 3587/3587/3016 3603/3603/3028 3604/3604/3029
f 3590/3590/3004 3589/3589/3003 3605/3605/3030 3606/3606/3004
f 3591/3591/3018 3590/3590/3004 3606/3606/3004 3607/3607/3031
f 3592/3592/3005 3591/3591/3018 3607/3607/3031 3608/3608/3032
f 3593/3593/3019 3592/3592/3005 3608/3608/3032 3609/3609/3033
f 3594/3594/3007 3593/3593/3019 3609/3609/3033 3610/3610/3034
f 3595/3595/3020 3594/3594/3007 3610/3610/3034 3611/3611/3035
f 3596/3596/3021 3595/3595/3020 3611/3611/3035 3612/3612/3021
f 3597/3597/3022 3596/3596/3021 3612/3612/3021 3613/3613/3036
f 3598/3598/3023 3597/3597/3022 3613/3613/3036 3614/3614/3037
f 3599/3599/3024 3598/3598/3023 3614/3614/3037 3615/3615/3038
f 3600/3600/3025 3599/3599/3024 3615/3615/3038 3616/3616/3039
f 3601/3601/3026 3600/3600/3025 3616/3616/3039 3617/3617/3040
f 3602/3602/3027 3601/3601/3026 3617/3617/3040 3618/3618/3041
f 3603/3603/3028 3602/3602/3027 3618/3618/3041 3619/3619/3042
f 3604/3604/3029 3603/3603/3028 3619/3619/3042 3620/3620/3043
f 3606/3606/3004 3605/3605/3030 3621/3621/3030 3622/3622/3004
f 3607/3607/3031 3606/3606/3004 3622/3622/3004 3623/3623/3031
f 3608/3608/3032 3607/3607/3031 3623/3623/3031 3624/3624/3032
f 3609/3609/3033 3608/3608/3032 3624/3624/3032 3625/3625/3044
f 3610/3610/3034 3609/3609/3033 3625/3625/3044 3626/3626/3045
f 3611/3611/3035 3610/3610/3034 3626/3626/3045 3627/3627/3046
f 3612/3612/3021 3611/3611/3035 3627/3627/3046 3628/3628/3047
f 3613/3613/3036 3612/3612/3021 3628/3628/3047 3629/3629/3048
f 3614/3614/3037 3613/3613/3036 3629/3629/3048 3630/3630/3049
f 3615/3615/3038 3614/3614/3037 3630/3630/3049 3631/3631/3050
f 3616/3616/3039 3615/3615/3038 3631/3631/3050 3632/3632/3051
f 3617/3617/3040 3616/3616/3039 3632/3632/3051 3633/3633/3052
f 3618/3618/3041 3617/3617/3040 3633/3633/3052 3634/3634/3053
f 3619/3619/3042 3618/3618/3041 3634/3634/3053 3635/3635/3054
f 3620/3620/3043 3619/3619/3042 3635/3635/3054 3636/3636/3055
f 3622/3622/3004 3621/3621/3030 3637/3637/3030 3638/3638/3056
f 3623/3623/3031 3622/3622/3004 3638/3638/3056 3639/3639/3031
f 3624/3624/3032 3623/3623/3031 3639/3639/3031 3640/3640/3057
f 3625/3625/3044 3624/3624/3032 3640/3640/3057 3641/3641/3044
f 3626/3626/3045 3625/3625/3044 3641/3641/3044 3642/3642/3058
f 3627/3627/3046 3626/3626/3045 3642/3642/3058 3643/3643/3059
f 3628/3628/3047 3627/3627/3046 3643/3643/3059 3644/3644/3060
f 3629/3629/3048 3628/3628/3047 3644/3644/3060 3645/3645/3061
f 3630/3630/3049 3629/3629/3048 3645/3645/3061 3646/3646/3062
f 3631/3631/3050 3630/3630/3049 3646/3646/3062 3647/3647/3063
f 3632/3632/3051 3631/3631/3050 3647/3647/3063 3648/3648/3064
f 3633/3633/3052 3632/3632/3051 3648/3648/3064 3649/3649/3065
f 3634/3634/3053 3633/3633/3052 3649/3649/3065 3650/3650/3066
f 3635/3635/3054 3634/3634/3053 3650/3650/3066 3651/3651/3067
f 3636/3636/3055 3635/3635/3054 3651/3651/3067 3652/3652/3068
f 3638/3638/3056 3637/3637/3030 3653/3653/3030 3654/3654/3069
f 3639/3639/3031 3638/3638/3056 3654/3654/3069 3655/3655/3070
f 3640/3640/3057 3639/3639/3031 3655/3655/3070 3656/3656/3071
f 3641/3641/3044 3640/3640/3057 3656/3656/3071 3657/3657/3072
f 3642/3642/3058 3641/3641/3044 3657/3657/3072 3658/3658/3073
f 3643/3643/3059 3642/3642/3058 3658/3658/3073 3659/3659/3074
f 3644/3644/3060 3643/3643/3059 3659/3659/3074 3660/3660/3075
f 3645/3645/3061 3644/3644/3060 3660/3660/3075 3661/3661/3076
f 3646/3646/3062 3645/3645/3061 3661/3661/3076 3662/3662/3077
f 3647/3647/3063 3646/3646/3062 3662/3662/3077 3663/3663/3078
f 3648/3648/3064 3647/3647/3063 3663/3663/3078 3664/3664/3079
f 3649/3649/3065 3648/3648/3064 3664/3664/3079 3665/3665/3080
f 3650/3650/3066 3649/3649/3065 3665/3665/3080 3666/3666/3081
f 3651/3651/3067 3650/3650/3066 3666/3666/3081 3667/3667/3082
f 3652/3652/3068 3651/3651/3067 3667/3667/3082 3668/3668/3083
f 3654/3654/3069 3653/3653/3030 3669/3669/3030 3670/3670/3069
f 3655/3655/3070 3654/3654/3069 3670/3670/3069 3671/3671/3070
f 3656/3656/3071 3655/3655/3070 3671/3671/3070 3672/3672/3084
f 3657/3657/3072 3656/3656/3071 3672/3672/3084 3673/3673/3072
f 3658/3658/3073 3657/3657/3072 3673/3673/3072 3674/3674/3085
f 3659/3659/3074 3658/3658/3073 3674/3674/3085 3675/3675/3086
f 3660/3660/3075 3659/3659/3074 3675/3675/3086 3676/3676/3087
f 3661/3661/3076 3660/3660/3075 3676/3676/3087 3677/3677/3088
f 3662/3662/3077 3661/3661/3076 3677/3677/3088 3678/3678/3089
f 3663/3663/3078 3662/3662/3077 3678/3678/3089 3679/3679/3090
f 3664/3664/3079 3663/3663/3078 3679/3679/3090 3680/3680/3091
f 3665/3665/3080 3664/3664/3079 3680/3680/3091 3681/3681/3092
f 3666/3666/3081 3665/3665/3080 3681/3681/3092 3682/3682/3093
f 3667/3667/3082 3666/3666/3081 3682/3682/3093 3683/3683/3094
f 3668/3668/3083 3667/3667/3082 3683/3683/3094 3684/3684/3095
f 3670/3670/3069 3669/3669/3030 3685/3685/3030 3686/3686/3096
f 3671/3671/3070 3670/3670/3069 3686/3686/3096 3687/3687/3070
f 3672/3672/3084 3671/3671/3070 3687/3687/3070 3688/3688/3097
f 3673/3673/3072 3672/3672/3084 3688/3688/3097 3689/3689/3098
f 3674/3674/3085 3673/3673/3072 3689/3689/3098 3690/3690/3099
f 3675/3675/3086 3674/3674/3085 3690/3690/3099 3691/3691/3100
f 3676/3676/3087 3675/3675/3086 3691/3691/3100 3692/3692/3101
f 3677/3677/3088 3676/3676/3087 3692/3692/3101 3693/3693/3102
f 3678/3678/3089 3677/3677/3088 3693/3693/3102 3694/3694/3103
f 3679/3679/3090 3678/3678/3089 3694/3694/3103 3695/3695/3104
f 3680/3680/3091 3679/3679/3090 3695/3695/3104 3696/3696/3105
f 3681/3681/3092 3680/3680/3091 3696/3696/3105 3697/3697/3106
f 3682/3682/3093 3681/3681/3092 3697/3697/3106 3698/3698/3107
f 3683/3683/3094 3682/3682/3093 3698/3698/3107 3699/3699/3108
f 3684/3684/3095 3683/3683/3094 3699/3699/3108 3700/3700/3109
f 3686/3686/3096 3685/3685/3030 3701/3701/3030 3702/3702/3096
f 3687/3687/3070 3686/3686/3096 3702/3702/3096 3703/3703/3110
f 3688/3688/3097 3687/3687/3070 3703/3703/3110 3704/3704/3097
f 3689/3689/3098 3688/3688/3097 3704/3704/3097 3705/3705/3111
f 3690/3690/3099 3689/3689/3098 3705/3705/3111 3706/3706/3112
f 3691/3691/3100 3690/3690/3099 3706/3706/3112 3707/3707/3113
f 3692/3692/3101 3691/3691/3100 3707/3707/3113 3708/3708/3114
f 3693/3693/3102 3692/3692/3101 3708/3708/3114 3709/3709/3115
f 3694/3694/3103 3693/3693/3102 3709/3709/3115 3710/3710/3116
f 3695/3695/3104 3694/3694/3103 3710/3710/3116 3711/3711/3117
f 3696/3696/3105 3695/3695/3104 3711/3711/3117 3712/3712/3118
f 3697/3697/3106 3696/3696/3105 3712/3712/3118 3713/3713/3119
f 3698/3698/3107 3697/3697/3106 3713/3713/3119 3714/3714/3120
f 3699/3699/3108 3698/3698/3107 3714/3714/3120 3715/3715/3121
f 3700/3700/3109 3699/3699/3108 3715/3715/3121 3716/3716/3122
f 3702/3702/3096 3701/3701/3030 3717/3717/3030 3718/3718/3123
f 3703/3703/3110 3702/3702/3096 3718/3718/3123 3719/3719/3110
f 3704/3704/3097 3703/3703/3110 3719/3719/3110 3720/3720/3124
f 3705/3705/3111 3704/3704/3097 3720/3720/3124 3721/3721/3111
f 3706/3706/3112 3705/3705/3111 3721/3721/3111 3722/3722/3125
f 3707/3707/3113 3706/3706/3112 3722/3722/3125 3723/3723/3126
f 3708/3708/3114 3707/3707/3113 3723/3723/3126 3724/3724/3127
f 3709/3709/3115 3708/3708/3114 3724/3724/3127 3725/3725/3128
f 3710/3710/3116 3709/3709/3115 3725/3725/3128 3726/3726/3129
f 3711/3711/3117 3710/3710/3116 3726/3726/3129 3727/3727/3130
f 3712/3712/3118 3711/3711/3117 3727/3727/3130 3728/3728/3131
f 3713/3713/3119 3712/3712/3118 3728/3728/3131 3729/3729/3132
f 3714/3714/3120 3713/3713/3119 3729/3729/3132 3730/3730/3133
f 3715/3715/3121 3714/3714/3120 3730/3730/3133 3731/3731/3134
f 3716/3716/3122 3715/3715/3121 3731/3731/3134 3732/3732/3135
f 3718/3718/3123 3717/3717/3030 3733/3733/3136 3734/3734/3123
f 3719/3719/3110 3718/3718/3123 3734/3734/3123 3735/3735/3110
f 3720/3720/3124 3719/3719/3110 3735/3735/3110 3736/3736/3137
f 3721/3721/3111 3720/3720/3124 3736/3736/3137 3737/3737/3138
f 3722/3722/3125 3721/3721/3111 3737/3737/3138 3738/3738/3139
f 3723/3723/3126 3722/3722/3125 3738/3738/3139 3739/3739/3140
f 3724/3724/3127 3723/3723/3126 3739/3739/3140 3740/3740/3141
f 3725/3725/3128 3724/3724/3127 3740/3740/3141 3741/3741/3142
f 3726/3726/3129 3725/3725/3128 3741/3741/3142 3742/3742/3143
f 3727/3727/3130 3726/3726/3129 3742/3742/3143 3743/3743/3144
f 3728/3728/3131 3727/3727/3130 3743/3743/3144 3744/3744/3145
f 3729/3729/3132 3728/3728/3131 3744/3744/3145 3745/3745/3146
f 3730/3730/3133 3729/3729/3132 3745/3745/3146 3746/3746/3147
f 3731/3731/3134 3730/3730/3133 3746/3746/3147 3747/3747/3148
f 3732/3732/3135 3731/3731/3134 3747/3747/3148 3748/3748/3149
f 3734/3734/3123 3733/3733/3136 3749/3749/3136 3750/3750/3150
f 3735/3735/3110 3734/3734/3123 3750/3750/3150 3751/3751/3151
f 3736/3736/3137 3735/3735/3110 3751/3751/3151 3752/3752/3152
f 3737/3737/3138 3736/3736/3137 3752/3752/3152 3753/3753/3153
f 3738/3738/3139 3737/3737/3138 3753/3753/3153 3754/3754/3139
f 3739/3739/3140 3738/3738/3139 3754/3754/3139 3755/3755/3154
f 3740/3740/3141 3739/3739/3140 3755/3755/3154 3756/3756/3155
f 3741/3741/3142 3740/3740/3141 3756/3756/3155 3757/3757/3156
f 3742/3742/3143 3741/3741/3142 3757/3757/3156 3758/3758/3157
f 3743/3743/3144 3742/3742/3143 3758/3758/3157 3759/3759/3158
f 3744/3744/3145 3743/3743/3144 3759/3759/3158 3760/3760/3159
f 3745/3745/3146 3744/3744/3145 3760/3760/3159 3761/3761/3160
f 3746/3746/3147 3745/3745/3146 3761/3761/3160 3762/3762/3161
f 3747/3747/3148 3746/3746/3147 3762/3762/3161 3763/3763/3162
f 3748/3748/3149 3747/3747/3148 3763/3763/3162 3764/3764/3163
f 3750/3750/3150 3749/3749/3136 3765/3765/3136 3766/3766/3150
f 3751/3751/3151 3750/3750/3150 3766/3766/3150 3767/3767/3164
f 3752/3752/3152 3751/3751/3151 3767/3767/3164 3768/3768/3165
f 3753/3753/3153 3752/3752/3152 3768/3768/3165 3769/3769/3166
f 3754/3754/3139 3753/3753/3153 3769/3769/3166 3770/3770/3167
f 3755/3755/3154 3754/3754/3139 3770/3770/3167 3771/3771/3168
f 3756/3756/3155 3755/3755/3154 3771/3771/3168 3772/3772/3169
f 3757/3757/3156 3756/3756/3155 3772/3772/3169 3773/3773/3170
f 3758/3758/3157 3757/3757/3156 3773/3773/3170 3774/3774/3171
f 3759/3759/3158 3758/3758/3157 3774/3774/3171 3775/3775/3172
f 3760/3760/3159 3759/3759/3158 3775/3775/3172 3776/3776/3173
f 3761/3761/3160 3760/3760/3159 3776/3776/3173 3777/3777/3174
f 3762/3762/3161 3761/3761/3160 3777/3777/3174 3778/3778/3175
f 3763/3763/3162 3762/3762/3161 3778/3778/3175 3779/3779/3176
f 3764/3764/3163 3763/3763/3162 3779/3779/3176 3780/3780/3177
f 3766/3766/3150 3765/3765/3136 3781/3781/3136 3782/3782/3150
f 3767/3767/3164 3766/3766/3150 3782/3782/3150 3783/3783/3178
f 3768/3768/3165 3767/3767/3164 3783/3783/3178 3784/3784/3179
f 3769/3769/3166 3768/3768/3165 3784/3784/3179 3785/3785/3180
f 3770/3770/3167 3769/3769/3166 3785/3785/3180 3786/3786/3181
f 3771/3771/3168 3770/3770/3167 3786/3786/3181 3787/3787/3182
f 3772/3772/3169 3771/3771/3168 3787/3787/3182 3788/3788/3183
f 3773/3773/3170 3772/3772/3169 3788/3788/3183 3789/3789/3184
f 3774/3774/3171 3773/3773/3170 3789/3789/3184 3790/3790/3185
f 3775/3775/3172 3774/3774/3171 3790/3790/3185 3791/3791/3186
f 3776/3776/3173 3775/3775/3172 3791/3791/3186 3792/3792/3187
f 3777/3777/3174 3776/3776/3173 3792/3792/3187 3793/3793/3188
f 3778/3778/3175 3777/3777/3174 3793/3793/3188 3794/3794/3189
f 3779/3779/3176 3778/3778/3175 3794/3794/3189 3795/3795/3190
f 3780/3780/3177 3779/3779/3176 3795/3795/3190 3796/3796/3191
f 3782/3782/3150 3781/3781/3136 3797/3797/3136 3798/3798/3150
f 3783/3783/3178 3782/3782/3150 3798/3798/3150 3799/3799/3178
f 3784/3784/3179 3783/3783/3178 3799/3799/3178 3800/3800/3179
f 3785/3785/3180 3784/3784/3179 3800/3800/3179 3801/3801/3192
f 3786/3786/3181 3785/3785/3180 3801/3801/3192 3802/3802/3193
f 3787/3787/3182 3786/3786/3181 3802/3802/3193 3803/3803/3194
f 3788/3788/3183 3787/3787/3182 3803/3803/3194 3804/3804/3195
f 3789/3789/3184 3788/3788/3183 3804/3804/3195 3805/3805/3196
f 3790/3790/3185 3789/3789/3184 3805/3805/3196 3806/3806/3197
f 3791/3791/3186 3790/3790/3185 3806/3806/3197 3807/3807/3198
f 3792/3792/3187 3791/3791/3186 3807/3807/3198 3808/3808/3199
f 3793/3793/3188 3792/3792/3187 3808/3808/3199 3809/3809/3200
f 3794/3794/3189 3793/3793/3188 3809/3809/3200 3810/3810/3201
f 3795/3795/3190 3794/3794/3189 3810/3810/3201 3811/3811/3202
f 3796/3796/3191 3795/3795/3190 3811/3811/3202 3812/3812/3203
f 3798/3798/3150 3797/3797/3136 3813/3813/3136 3814/3814/3150
f 3799/3799/3178 3798/3798/3150 3814/3814/3150 3815/3815/3204
f 3800/3800/3179 3799/3799/3178 3815/3815/3204 3816/3816/3205
f 3801/3801/3192 3800/3800/3179 3816/3816/3205 3817/3817/3192
f 3802/3802/3193 3801/3801/3192 3817/3817/3192 3818/3818/3206
f 3803/3803/3194 3802/3802/3193 3818/3818/3206 3819/3819/3207
f 3804/3804/3195 3803/3803/3194 3819/3819/3207 3820/3820/3208
f 3805/3805/3196 3804/3804/3195 3820/3820/3208 3821/3821/3209
f 3806/3806/3197 3805/3805/3196 3821/3821/3209 3822/3822/3210
f 3807/3807/3198 3806/3806/3197 3822/3822/3210 3823/3823/3211
f 3808/3808/3199 3807/3807/3198 3823/3823/3211 3824/3824/3212
f 3809/3809/3200 3808/3808/3199 3824/3824/3212 3825/3825/3213
f 3810/3810/3201 3809/3809/3200 3825/3825/3213 3826/3826/3214
f 3811/3811/3202 3810/3810/3201 3826/3826/3214 3827/3827/3215
f 3812/3812/3203 3811/3811/3202 3827/3827/3215 3828/3828/3216
f 3814/3814/3150 3813/3813/3136 3829/3829/3136 3830/3830/3217
f 3815/3815/3204 3814/3814/3150 3830/3830/3217 3831/3831/3218
f 3816/3816/3205 3815/3815/3204 3831/3831/3218 3832/3832/3219
f 3817/3817/3192 3816/3816/3205 3832/3832/3219 3833/3833/3220
f 3818/3818/3206 3817/3817/3192 3833/3833/3220 3834/3834/3221
f 3819/3819/3207 3818/3818/3206 3834/3834/3221 3835/3835/3222
f 3820/3820/3208 3819/3819/3207 3835/3835/3222 3836/3836/3223
f 3821/3821/3209 3820/3820/3208 3836/3836/3223 3837/3837/3224
f 3822/3822/3210 3821/3821/3209 3837/3837/3224 3838/3838/3225
f 3823/3823/3211 3822/3822/3210 3838/3838/3225 3839/3839/3226
f 3824/3824/3212 3823/3823/3211 3839/3839/3226 3840/3840/3227
f 3825/3825/3213 3824/3824/3212 3840/3840/3227 3841/3841/3228
f 3826/3826/3214 3825/3825/3213 3841/3841/3228 3842/3842/3229
f 3827/3827/3215 3826/3826/3214 3842/3842/3229 3843/3843/3230
f 3828/3828/3216 3827/3827/3215 3843/3843/3230 3844/3844/3231
o Plane.001_Plane.002
v -419.275818 122.073807 284.872437
v 100.690735 122.073807 284.872437
v -419.275818 122.073807 -284.872437
v 100.690735 122.073807 -284.872437
vt 0.000000 0.000000
vt 1.000000 0.000000
vt 1.000000 1.000000
vt 0.000000 1.000000
vn 0.0000 1.0000 0.0000
usemtl Material.001
s off
f 3845/3845/3232 3846/3846/3232 3848/3847/3232 3847/3848/3232
o Text
v 5.420254 0.392307 7.029922
v 5.420254 0.392307 7.343911
v 5.420254 0.444612 7.300480
v 5.420254 0.492949 7.261527
v 5.420254 0.537760 7.226917
v 5.420254 0.579489 7.196518
v 5.420254 0.618577 7.170197
v 5.420254 0.655469 7.147818
v 5.420254 0.690606 7.129249
v 5.420254 0.724431 7.114356
v 5.420254 0.757388 7.103005
v 5.420254 0.789918 7.095063
v 5.420254 0.822465 7.090396
v 5.420254 0.855472 7.088870
v 5.420254 0.892356 7.090968
v 5.420254 0.927085 7.097130
v 5.420254 0.959458 7.107160
v 5.420254 0.989275 7.120862
v 5.420254 1.016335 7.138040
v 5.420254 1.040437 7.158495
v 5.420254 1.061381 7.182034
v 5.420254 1.078967 7.208460
v 5.420254 1.092994 7.237576
v 5.420254 1.103262 7.269185
v 5.420254 1.109569 7.303092
v 5.420254 1.111716 7.339099
v 5.420254 1.111189 7.355546
v 5.420254 1.109600 7.371826
v 5.420254 1.106942 7.387972
v 5.420254 1.103206 7.404018
v 5.420254 1.098384 7.419997
v 5.420254 1.092468 7.435943
v 5.420254 1.085449 7.451889
v 5.420254 1.077319 7.467868
v 5.420254 1.068069 7.483913
v 5.420254 1.057692 7.500060
v 5.420254 1.046178 7.516339
v 5.420254 1.033520 7.532786
v 5.420254 0.885548 7.532786
v 5.420254 0.905415 7.516367
v 5.420254 0.922986 7.500182
v 5.420254 0.938368 7.484214
v 5.420254 0.951669 7.468446
v 5.420254 0.962999 7.452863
v 5.420254 0.972466 7.437446
v 5.420254 0.980179 7.422180
v 5.420254 0.986245 7.407048
v 5.420254 0.990775 7.392032
v 5.420254 0.993876 7.377117
v 5.420254 0.995656 7.362285
v 5.420254 0.996226 7.347520
v 5.420254 0.994919 7.327819
v 5.420254 0.991085 7.309107
v 5.420254 0.984853 7.291523
v 5.420254 0.976354 7.275205
v 5.420254 0.965715 7.260291
v 5.420254 0.953067 7.246917
v 5.420254 0.938540 7.235223
v 5.420254 0.922262 7.225346
v 5.420254 0.904364 7.217424
v 5.420254 0.884974 7.211595
v 5.420254 0.864222 7.207996
v 5.420254 0.842239 7.206766
v 5.420254 0.825641 7.207167
v 5.420254 0.810013 7.208370
v 5.420254 0.795170 7.210375
v 5.420254 0.780929 7.213182
v 5.420254 0.767105 7.216792
v 5.420254 0.753515 7.221203
v 5.420254 0.739976 7.226416
v 5.420254 0.726303 7.232431
v 5.420254 0.712312 7.239248
v 5.420254 0.697820 7.246868
v 5.420254 0.682643 7.255289
v 5.420254 0.666597 7.264512
v 5.420254 0.636236 7.283056
v 5.420254 0.604864 7.303594
v 5.420254 0.572723 7.325809
v 5.420254 0.540056 7.349392
v 5.420254 0.507105 7.374027
v 5.420254 0.474113 7.399401
v 5.420254 0.441321 7.425201
v 5.420254 0.408971 7.451115
v 5.420254 0.377307 7.476827
v 5.420254 0.346570 7.502026
v 5.420254 0.317002 7.526398
v 5.420254 0.288847 7.549629
v 5.420254 0.280426 7.549629
v 5.420254 0.280426 7.029922
v 5.420254 0.831411 8.057306
v 5.420254 0.830749 8.067066
v 5.420254 0.828821 8.076437
v 5.420254 0.825716 8.085333
v 5.420254 0.821520 8.093664
v 5.420254 0.816321 8.101343
v 5.420254 0.810208 8.108284
v 5.420254 0.803268 8.114397
v 5.420254 0.795588 8.119596
v 5.420254 0.787256 8.123792
v 5.420254 0.778361 8.126898
v 5.420254 0.768990 8.128825
v 5.420254 0.759230 8.129487
v 5.420254 0.749470 8.128825
v 5.420254 0.740098 8.126898
v 5.420254 0.731203 8.123792
v 5.420254 0.722872 8.119596
v 5.420254 0.715192 8.114397
v 5.420254 0.708252 8.108284
v 5.420254 0.702138 8.101344
v 5.420254 0.696940 8.093664
v 5.420254 0.692744 8.085333
v 5.420254 0.689638 8.076437
v 5.420254 0.687710 8.067066
v 5.420254 0.687048 8.057306
v 5.420254 0.687710 8.047545
v 5.420254 0.689638 8.038175
v 5.420254 0.692744 8.029280
v 5.420254 0.696940 8.020947
v 5.420254 0.702138 8.013268
v 5.420254 0.708252 8.006328
v 5.420254 0.715192 8.000215
v 5.420254 0.722872 7.995016
v 5.420254 0.731203 7.990820
v 5.420254 0.740098 7.987714
v 5.420254 0.749470 7.985786
v 5.420254 0.759230 7.985125
v 5.420254 0.768990 7.985786
v 5.420254 0.778361 7.987714
v 5.420254 0.787257 7.990820
v 5.420254 0.795588 7.995016
v 5.420254 0.803268 8.000214
v 5.420254 0.810208 8.006328
v 5.420254 0.816321 8.013268
v 5.420254 0.821520 8.020947
v 5.420254 0.825716 8.029279
v 5.420254 0.828822 8.038174
v 5.420254 0.830749 8.047545
v 5.420254 0.413961 8.057306
v 5.420254 0.413299 8.067066
v 5.420254 0.411372 8.076437
v 5.420254 0.408266 8.085333
v 5.420254 0.404070 8.093664
v 5.420254 0.398871 8.101343
v 5.420254 0.392758 8.108284
v 5.420254 0.385818 8.114397
v 5.420254 0.378138 8.119596
v 5.420254 0.369807 8.123792
v 5.420254 0.360911 8.126898
v 5.420254 0.351540 8.128825
v 5.420254 0.341780 8.129487
v 5.420254 0.332020 8.128825
v 5.420254 0.322648 8.126898
v 5.420254 0.313753 8.123792
v 5.420254 0.305422 8.119596
v 5.420254 0.297742 8.114397
v 5.420254 0.290802 8.108284
v 5.420254 0.284688 8.101344
v 5.420254 0.279490 8.093664
v 5.420254 0.275294 8.085333
v 5.420254 0.272188 8.076437
v 5.420254 0.270260 8.067066
v 5.420254 0.269598 8.057306
v 5.420254 0.270260 8.047545
v 5.420254 0.272188 8.038175
v 5.420254 0.275294 8.029280
v 5.420254 0.279490 8.020947
v 5.420254 0.284688 8.013268
v 5.420254 0.290802 8.006328
v 5.420254 0.297742 8.000215
v 5.420254 0.305422 7.995016
v 5.420254 0.313753 7.990820
v 5.420254 0.322648 7.987714
v 5.420254 0.332020 7.985786
v 5.420254 0.341780 7.985125
v 5.420254 0.351540 7.985786
v 5.420254 0.360911 7.987714
v 5.420254 0.369807 7.990820
v 5.420254 0.378138 7.995016
v 5.420254 0.385818 8.000214
v 5.420254 0.392758 8.006328
v 5.420254 0.398871 8.013268
v 5.420254 0.404070 8.020947
v 5.420254 0.408266 8.029279
v 5.420254 0.411372 8.038174
v 5.420254 0.413299 8.047545
v 5.420254 0.820584 8.188436
v 5.420254 0.820584 8.308738
v 5.420254 0.516219 8.448289
v 5.420254 0.820584 8.593855
v 5.420254 0.820584 8.715361
v 5.420254 0.395916 8.506035
v 5.420254 0.003730 8.690098
v 5.420254 0.003730 8.570997
v 5.420254 0.932465 8.915063
v 5.420254 0.736372 9.115969
v 5.420254 0.724342 9.115969
v 5.420254 0.724342 9.022132
v 5.420254 0.439225 9.022132
v 5.420254 0.415417 9.020905
v 5.420254 0.392825 9.017225
v 5.420254 0.371611 9.011099
v 5.420254 0.351939 9.002527
v 5.420254 0.333971 8.991517
v 5.420254 0.317870 8.978071
v 5.420254 0.303799 8.962194
v 5.420254 0.291921 8.943892
v 5.420254 0.282399 8.923164
v 5.420254 0.275396 8.900020
v 5.420254 0.271075 8.874460
v 5.420254 0.269598 8.846491
v 5.420254 0.269918 8.837317
v 5.420254 0.270851 8.827342
v 5.420254 0.272361 8.816715
v 5.420254 0.274410 8.805588
v 5.420254 0.276961 8.794108
v 5.420254 0.279974 8.782429
v 5.420254 0.283414 8.770700
v 5.420254 0.287243 8.759070
v 5.420254 0.291422 8.747692
v 5.420254 0.295914 8.736714
v 5.420254 0.300683 8.726288
v 5.420254 0.305689 8.716564
v 5.420254 0.405540 8.716564
v 5.420254 0.399199 8.727317
v 5.420254 0.393410 8.737928
v 5.420254 0.388171 8.748405
v 5.420254 0.383485 8.758759
v 5.420254 0.379349 8.768993
v 5.420254 0.375765 8.779121
v 5.420254 0.372733 8.789147
v 5.420254 0.370251 8.799082
v 5.420254 0.368322 8.808933
v 5.420254 0.366943 8.818709
v 5.420254 0.366116 8.828419
v 5.420254 0.365840 8.838070
v 5.420254 0.366232 8.846155
v 5.420254 0.367472 8.854633
v 5.420254 0.369656 8.863296
v 5.420254 0.372880 8.871932
v 5.420254 0.377241 8.880336
v 5.420254 0.382833 8.888296
v 5.420254 0.389754 8.895604
v 5.420254 0.398099 8.902052
v 5.420254 0.407965 8.907431
v 5.420254 0.419447 8.911531
v 5.420254 0.432642 8.914145
v 5.420254 0.447646 8.915063
v 5.420254 0.724342 8.915063
v 5.420254 0.724342 8.744233
v 5.420254 0.820584 8.744233
v 5.420254 0.820584 8.915063
v 5.420254 0.820584 9.194165
v 5.420254 0.820584 9.301234
v 5.420254 0.280425 9.301234
v 5.420254 0.280425 9.194165
v 5.420254 0.984196 9.183338
v 5.420254 0.992779 9.183926
v 5.420254 1.001032 9.185638
v 5.420254 1.008876 9.188395
v 5.420254 1.016232 9.192116
v 5.420254 1.023019 9.196722
v 5.420254 1.029159 9.202135
v 5.420254 1.034572 9.208275
v 5.420254 1.039178 9.215062
v 5.420254 1.042900 9.222418
v 5.420254 1.045656 9.230262
v 5.420254 1.047368 9.238515
v 5.420254 1.047956 9.247098
v 5.420254 1.047368 9.255682
v 5.420254 1.045656 9.263935
v 5.420254 1.042899 9.271779
v 5.420254 1.039178 9.279135
v 5.420254 1.034571 9.285921
v 5.420254 1.029159 9.292061
v 5.420254 1.023019 9.297474
v 5.420254 1.016232 9.302081
v 5.420254 1.008876 9.305802
v 5.420254 1.001032 9.308558
v 5.420254 0.992779 9.310270
v 5.420254 0.984196 9.310859
v 5.420254 0.975612 9.310270
v 5.420254 0.967359 9.308558
v 5.420254 0.959515 9.305801
v 5.420254 0.952159 9.302080
v 5.420254 0.945372 9.297474
v 5.420254 0.939232 9.292061
v 5.420254 0.933820 9.285921
v 5.420254 0.929213 9.279135
v 5.420254 0.925492 9.271779
v 5.420254 0.922735 9.263935
v 5.420254 0.921023 9.255682
v 5.420254 0.920435 9.247098
v 5.420254 0.921023 9.238515
v 5.420254 0.922735 9.230262
v 5.420254 0.925492 9.222418
v 5.420254 0.929213 9.215062
v 5.420254 0.933820 9.208275
v 5.420254 0.939233 9.202135
v 5.420254 0.945372 9.196722
v 5.420254 0.952159 9.192116
v 5.420254 0.959515 9.188395
v 5.420254 0.967359 9.185638
v 5.420254 0.975612 9.183926
v 5.420254 0.786899 9.452816
v 5.420254 0.794093 9.466853
v 5.420254 0.800639 9.480702
v 5.420254 0.806543 9.494376
v 5.420254 0.811806 9.507888
v 5.420254 0.816435 9.521248
v 5.420254 0.820434 9.534472
v 5.420254 0.823805 9.547568
v 5.420254 0.826555 9.560554
v 5.420254 0.828686 9.573438
v 5.420254 0.830203 9.586235
v 5.420254 0.831110 9.598956
v 5.420254 0.831411 9.611615
v 5.420254 0.830270 9.637863
v 5.420254 0.826889 9.662398
v 5.420254 0.821336 9.685112
v 5.420254 0.813678 9.705896
v 5.420254 0.803981 9.724642
v 5.420254 0.792313 9.741241
v 5.420254 0.778740 9.755584
v 5.420254 0.763329 9.767563
v 5.420254 0.746147 9.777069
v 5.420254 0.727260 9.783993
v 5.420254 0.706737 9.788227
v 5.420254 0.684642 9.789663
v 5.420254 0.650375 9.784692
v 5.420254 0.620030 9.770949
v 5.420254 0.593118 9.750189
v 5.420254 0.569152 9.724165
v 5.420254 0.547641 9.694632
v 5.420254 0.528098 9.663345
v 5.420254 0.510034 9.632058
v 5.420254 0.492960 9.602526
v 5.420254 0.476387 9.576502
v 5.420254 0.459827 9.555741
v 5.420254 0.442790 9.541998
v 5.420254 0.424789 9.537027
v 5.420254 0.415540 9.537763
v 5.420254 0.407044 9.539902
v 5.420254 0.399299 9.543344
v 5.420254 0.392307 9.547988
v 5.420254 0.386066 9.553736
v 5.420254 0.380577 9.560486
v 5.420254 0.375840 9.568139
v 5.420254 0.371855 9.576593
v 5.420254 0.368622 9.585750
v 5.420254 0.366141 9.595508
v 5.420254 0.364412 9.605766
v 5.420254 0.363434 9.616427
v 5.420254 0.363912 9.627672
v 5.420254 0.365350 9.639719
v 5.420254 0.367758 9.652517
v 5.420254 0.371143 9.666018
v 5.420254 0.375513 9.680171
v 5.420254 0.380878 9.694924
v 5.420254 0.387246 9.710230
v 5.420254 0.394624 9.726036
v 5.420254 0.403021 9.742294
v 5.420254 0.412446 9.758952
v 5.420254 0.422907 9.775962
v 5.420254 0.434413 9.793272
v 5.420254 0.318922 9.793272
v 5.420254 0.310370 9.776185
v 5.420254 0.302737 9.759737
v 5.420254 0.295990 9.743816
v 5.420254 0.290094 9.728309
v 5.420254 0.285018 9.713101
v 5.420254 0.280726 9.698082
v 5.420254 0.277187 9.683139
v 5.420254 0.274366 9.668158
v 5.420254 0.272230 9.653026
v 5.420254 0.270746 9.637630
v 5.420254 0.269880 9.621860
v 5.420254 0.269598 9.605600
v 5.420254 0.270908 9.580616
v 5.420254 0.274761 9.556906
v 5.420254 0.281046 9.534640
v 5.420254 0.289649 9.513992
v 5.420254 0.300457 9.495131
v 5.420254 0.313358 9.478230
v 5.420254 0.328240 9.463458
v 5.420254 0.344988 9.450989
v 5.420254 0.363491 9.440992
v 5.420254 0.383635 9.433640
v 5.420254 0.405308 9.429103
v 5.420254 0.428398 9.427552
v 5.420254 0.441879 9.428243
v 5.420254 0.454747 9.430370
v 5.420254 0.467139 9.434018
v 5.420254 0.479192 9.439270
v 5.420254 0.491045 9.446210
v 5.420254 0.502835 9.454921
v 5.420254 0.514700 9.465487
v 5.420254 0.526778 9.477990
v 5.420254 0.539208 9.492516
v 5.420254 0.552126 9.509146
v 5.420254 0.565670 9.527966
v 5.420254 0.579979 9.549058
v 5.420254 0.593275 9.571603
v 5.420254 0.605543 9.591770
v 5.420254 0.616859 9.609642
v 5.420254 0.627298 9.625294
v 5.420254 0.636935 9.638807
v 5.420254 0.645844 9.650263
v 5.420254 0.654103 9.659737
v 5.420254 0.661785 9.667311
v 5.420254 0.668965 9.673063
v 5.420254 0.675720 9.677074
v 5.420254 0.682123 9.679422
v 5.420254 0.688251 9.680187
v 5.420254 0.695287 9.679618
v 5.420254 0.701930 9.677938
v 5.420254 0.708139 9.675187
v 5.420254 0.713871 9.671410
v 5.420254 0.719086 9.666646
v 5.420254 0.723740 9.660939
v 5.420254 0.727794 9.654329
v 5.420254 0.731204 9.646859
v 5.420254 0.733929 9.638571
v 5.420254 0.735927 9.629504
v 5.420254 0.737156 9.619703
v 5.420254 0.737575 9.609209
v 5.420254 0.737221 9.598941
v 5.420254 0.736144 9.588017
v 5.420254 0.734323 9.576483
v 5.420254 0.731738 9.564385
v 5.420254 0.728368 9.551769
v 5.420254 0.724192 9.538681
v 5.420254 0.719188 9.525167
v 5.420254 0.713337 9.511274
v 5.420254 0.706616 9.497046
v 5.420254 0.699006 9.482529
v 5.420254 0.690485 9.467771
v 5.420254 0.681033 9.452816
v 5.420254 0.820584 10.263655
v 5.420254 0.820584 10.370724
v 5.420254 0.280425 10.370724
v 5.420254 0.280425 10.263655
v 5.420254 0.667800 10.263655
v 5.420254 0.681216 10.251286
v 5.420254 0.693225 10.239388
v 5.420254 0.703872 10.227883
v 5.420254 0.713203 10.216692
v 5.420254 0.721264 10.205735
v 5.420254 0.728101 10.194932
v 5.420254 0.733761 10.184204
v 5.420254 0.738288 10.173472
v 5.420254 0.741729 10.162657
v 5.420254 0.744131 10.151679
v 5.420254 0.745538 10.140458
v 5.420254 0.745996 10.128916
v 5.420254 0.744933 10.113186
v 5.420254 0.741797 10.098517
v 5.420254 0.736673 10.084968
v 5.420254 0.729644 10.072597
v 5.420254 0.720794 10.061461
v 5.420254 0.710206 10.051621
v 5.420254 0.697965 10.043135
v 5.420254 0.684152 10.036060
v 5.420254 0.668852 10.030456
v 5.420254 0.652149 10.026381
v 5.420254 0.634126 10.023891
v 5.420254 0.614867 10.023049
v 5.420254 0.280425 10.023049
v 5.420254 0.280425 9.915980
v 5.420254 0.613664 9.915980
v 5.420254 0.649032 9.917649
v 5.420254 0.681172 9.922514
v 5.420254 0.710112 9.930361
v 5.420254 0.735882 9.940977
v 5.420254 0.758510 9.954149
v 5.420254 0.778027 9.969666
v 5.420254 0.794461 9.987312
v 5.420254 0.807841 10.006876
v 5.420254 0.818197 10.028144
v 5.420254 0.825558 10.050903
v 5.420254 0.829953 10.074941
v 5.420254 0.831411 10.100043
v 5.420254 0.830790 10.115070
v 5.420254 0.828944 10.130030
v 5.420254 0.825904 10.144856
v 5.420254 0.821698 10.159482
v 5.420254 0.816356 10.173841
v 5.420254 0.809907 10.187864
v 5.420254 0.802381 10.201488
v 5.420254 0.793806 10.214643
v 5.420254 0.784211 10.227263
v 5.420254 0.773627 10.239283
v 5.420254 0.762082 10.250633
v 5.420254 0.749605 10.261249
v 5.420254 0.749605 10.263655
v 5.420254 0.436819 10.493433
v 5.420254 0.426948 10.509050
v 5.420254 0.417804 10.524633
v 5.420254 0.409412 10.540200
v 5.420254 0.401797 10.555767
v 5.420254 0.394984 10.571351
v 5.420254 0.388999 10.586968
v 5.420254 0.383865 10.602635
v 5.420254 0.379608 10.618369
v 5.420254 0.376254 10.634187
v 5.420254 0.373827 10.650105
v 5.420254 0.372352 10.666140
v 5.420254 0.371855 10.682308
v 5.420254 0.373006 10.707294
v 5.420254 0.376450 10.730518
v 5.420254 0.382175 10.751970
v 5.420254 0.390168 10.771644
v 5.420254 0.400417 10.789529
v 5.420254 0.412909 10.805618
v 5.420254 0.427631 10.819902
v 5.420254 0.444572 10.832375
v 5.420254 0.463718 10.843024
v 5.420254 0.485057 10.851846
v 5.420254 0.508576 10.858829
v 5.420254 0.534264 10.863965
v 5.420254 0.534264 10.483809
v 5.420254 0.582062 10.485690
v 5.420254 0.625616 10.491244
v 5.420254 0.664943 10.500332
v 5.420254 0.700059 10.512815
v 5.420254 0.730981 10.528557
v 5.420254 0.757726 10.547419
v 5.420254 0.780311 10.569263
v 5.420254 0.798751 10.593952
v 5.420254 0.813065 10.621348
v 5.420254 0.823269 10.651313
v 5.420254 0.829378 10.683709
v 5.420254 0.831411 10.718399
v 5.420254 0.829139 10.754706
v 5.420254 0.822455 10.788909
v 5.420254 0.811561 10.820807
v 5.420254 0.796657 10.850197
v 5.420254 0.777943 10.876881
v 5.420254 0.755621 10.900657
v 5.420254 0.729889 10.921326
v 5.420254 0.700950 10.938686
v 5.420254 0.669003 10.952538
v 5.420254 0.634249 10.962680
v 5.420254 0.596888 10.968912
v 5.420254 0.557121 10.971034
v 5.420254 0.520127 10.969090
v 5.420254 0.484026 10.963304
v 5.420254 0.449263 10.953740
v 5.420254 0.416278 10.940468
v 5.420254 0.385516 10.923553
v 5.420254 0.357419 10.903063
v 5.420254 0.332430 10.879064
v 5.420254 0.310991 10.851623
v 5.420254 0.293546 10.820807
v 5.420254 0.280537 10.786681
v 5.420254 0.272407 10.749315
v 5.420254 0.269598 10.708775
v 5.420254 0.270026 10.686571
v 5.420254 0.271314 10.665588
v 5.420254 0.273470 10.645691
v 5.420254 0.276504 10.626746
v 5.420254 0.280424 10.608620
v 5.420254 0.285238 10.591179
v 5.420254 0.290953 10.574289
v 5.420254 0.297580 10.557817
v 5.420254 0.305125 10.541629
v 5.420254 0.313598 10.525592
v 5.420254 0.323006 10.509571
v 5.420254 0.333359 10.493433
v 5.420254 0.605242 10.861559
v 5.420254 0.625813 10.857224
v 5.420254 0.644792 10.851444
v 5.420254 0.662142 10.844228
v 5.420254 0.677825 10.835583
v 5.420254 0.691804 10.825517
v 5.420254 0.704041 10.814039
v 5.420254 0.714498 10.801158
v 5.420254 0.723139 10.786882
v 5.420254 0.729925 10.771219
v 5.420254 0.734818 10.754177
v 5.420254 0.737782 10.735765
v 5.420254 0.738778 10.715993
v 5.420254 0.737713 10.697655
v 5.420254 0.734568 10.680571
v 5.420254 0.729417 10.664789
v 5.420254 0.722337 10.650361
v 5.420254 0.713402 10.637337
v 5.420254 0.702687 10.625766
v 5.420254 0.690269 10.615699
v 5.420254 0.676221 10.607185
v 5.420254 0.660619 10.600277
v 5.420254 0.643539 10.595022
v 5.420254 0.625055 10.591472
v 5.420254 0.605242 10.589675
v 5.420254 0.280425 11.831198
v 5.420254 0.280425 11.511192
v 5.420254 0.284477 11.445762
v 5.420254 0.296193 11.384948
v 5.420254 0.314918 11.328953
v 5.420254 0.339997 11.277984
v 5.420254 0.370774 11.232244
v 5.420254 0.406593 11.191939
v 5.420254 0.446797 11.157274
v 5.420254 0.490732 11.128452
v 5.420254 0.537741 11.105680
v 5.420254 0.587169 11.089159
v 5.420254 0.638360 11.079097
v 5.420254 0.690657 11.075697
v 5.420254 0.739417 11.078500
v 5.420254 0.788297 11.086992
v 5.420254 0.836468 11.101299
v 5.420254 0.883097 11.121546
v 5.420254 0.927353 11.147858
v 5.420254 0.968406 11.180361
v 5.420254 1.005423 11.219179
v 5.420254 1.037574 11.264439
v 5.420254 1.064027 11.316265
v 5.420254 1.083952 11.374783
v 5.420254 1.096516 11.440118
v 5.420254 1.100889 11.512396
v 5.420254 1.100889 11.831198
v 5.420254 0.995023 11.713301
v 5.420254 0.995023 11.531644
v 5.420254 0.992181 11.476794
v 5.420254 0.983923 11.427087
v 5.420254 0.970643 11.382450
v 5.420254 0.952739 11.342813
v 5.420254 0.930607 11.308106
v 5.420254 0.904645 11.278256
v 5.420254 0.875250 11.253195
v 5.420254 0.842818 11.232848
v 5.420254 0.807745 11.217147
v 5.420254 0.770430 11.206019
v 5.420254 0.731268 11.199395
v 5.420254 0.690657 11.197203
v 5.420254 0.663440 11.198565
v 5.420254 0.633023 11.202984
v 5.420254 0.600468 11.210962
v 5.420254 0.566835 11.223001
v 5.420254 0.533185 11.239601
v 5.420254 0.500579 11.261264
v 5.420254 0.470079 11.288491
v 5.420254 0.442745 11.321783
v 5.420254 0.419638 11.361642
v 5.420254 0.401820 11.408567
v 5.420254 0.390350 11.463063
v 5.420254 0.386292 11.525629
v 5.420254 0.386292 11.713301
vt 0.295455 0.000000
vt 0.272727 0.000000
vt 0.284091 0.000000
vt 0.306818 0.000000
vt 0.318182 0.000000
vt 0.261364 0.000000
vt 0.329545 0.000000
vt 0.250000 0.000000
vt 0.340909 0.000000
vt 0.352273 0.000000
vt 0.238636 0.000000
vt 0.363636 0.000000
vt 0.375000 0.000000
vt 0.227273 0.000000
vt 0.386364 0.000000
vt 0.397727 0.000000
vt 0.215909 0.000000
vt 0.409091 0.000000
vt 0.420455 0.000000
vt 0.204545 0.000000
vt 0.431818 0.000000
vt 0.443182 0.000000
vt 0.454545 0.000000
vt 0.465909 0.000000
vt 0.477273 0.000000
vt 0.488636 0.000000
vt 0.500000 0.000000
vt 0.511364 0.000000
vt 0.522727 0.000000
vt 0.534091 0.000000
vt 0.545455 0.000000
vt 0.556818 0.000000
vt 0.568182 0.000000
vt 0.193182 0.000000
vt 0.579545 0.000000
vt 0.590909 0.000000
vt 0.602273 0.000000
vt 0.181818 0.000000
vt 0.613636 0.000000
vt 0.625000 0.000000
vt 0.636364 0.000000
vt 0.170455 0.000000
vt 0.647727 0.000000
vt 0.659091 0.000000
vt 0.159091 0.000000
vt 0.670455 0.000000
vt 0.681818 0.000000
vt 0.147727 0.000000
vt 0.693182 0.000000
vt 0.704545 0.000000
vt 0.136364 0.000000
vt 0.715909 0.000000
vt 0.727273 0.000000
vt 0.125000 0.000000
vt 0.738636 0.000000
vt 0.750000 0.000000
vt 0.113636 0.000000
vt 0.761364 0.000000
vt 0.772727 0.000000
vt 0.102273 0.000000
vt 0.784091 0.000000
vt 0.795455 0.000000
vt 0.806818 0.000000
vt 0.090909 0.000000
vt 0.818182 0.000000
vt 0.829545 0.000000
vt 0.079545 0.000000
vt 0.840909 0.000000
vt 0.852273 0.000000
vt 0.068182 0.000000
vt 0.863636 0.000000
vt 0.056818 0.000000
vt 0.875000 0.000000
vt 0.045455 0.000000
vt 0.886364 0.000000
vt 0.897727 0.000000
vt 0.034091 0.000000
vt 0.909091 0.000000
vt 0.022727 0.000000
vt 0.920455 0.000000
vt 0.011364 0.000000
vt 0.931818 0.000000
vt 0.943182 0.000000
vt 0.000000 0.000000
vt 1.000000 0.000000
vt 0.954545 0.000000
vt 0.965909 0.000000
vt 0.977273 0.000000
vt 0.988636 0.000000
vt 0.515789 0.000000
vt 1.000000 0.000000
vt 0.505263 0.000000
vt 0.526316 0.000000
vt 0.989474 0.000000
vt 0.536842 0.000000
vt 0.978947 0.000000
vt 0.547368 0.000000
vt 0.968421 0.000000
vt 0.557895 0.000000
vt 0.957895 0.000000
vt 0.568421 0.000000
vt 0.947368 0.000000
vt 0.578947 0.000000
vt 0.936842 0.000000
vt 0.589474 0.000000
vt 0.926316 0.000000
vt 0.600000 0.000000
vt 0.915789 0.000000
vt 0.610526 0.000000
vt 0.905263 0.000000
vt 0.621053 0.000000
vt 0.894737 0.000000
vt 0.884211 0.000000
vt 0.631579 0.000000
vt 0.642105 0.000000
vt 0.873684 0.000000
vt 0.652632 0.000000
vt 0.863158 0.000000
vt 0.663158 0.000000
vt 0.852632 0.000000
vt 0.673684 0.000000
vt 0.842105 0.000000
vt 0.684211 0.000000
vt 0.831579 0.000000
vt 0.694737 0.000000
vt 0.821053 0.000000
vt 0.705263 0.000000
vt 0.810526 0.000000
vt 0.715789 0.000000
vt 0.800000 0.000000
vt 0.726316 0.000000
vt 0.789474 0.000000
vt 0.736842 0.000000
vt 0.778947 0.000000
vt 0.747368 0.000000
vt 0.768421 0.000000
vt 0.757895 0.000000
vt 0.010526 0.000000
vt 0.494737 0.000000
vt 0.000000 0.000000
vt 0.484211 0.000000
vt 0.021053 0.000000
vt 0.473684 0.000000
vt 0.031579 0.000000
vt 0.463158 0.000000
vt 0.042105 0.000000
vt 0.452632 0.000000
vt 0.052632 0.000000
vt 0.442105 0.000000
vt 0.063158 0.000000
vt 0.431579 0.000000
vt 0.073684 0.000000
vt 0.421053 0.000000
vt 0.084211 0.000000
vt 0.410526 0.000000
vt 0.094737 0.000000
vt 0.400000 0.000000
vt 0.105263 0.000000
vt 0.389474 0.000000
vt 0.115789 0.000000
vt 0.378947 0.000000
vt 0.126316 0.000000
vt 0.136842 0.000000
vt 0.368421 0.000000
vt 0.357895 0.000000
vt 0.147368 0.000000
vt 0.347368 0.000000
vt 0.157895 0.000000
vt 0.336842 0.000000
vt 0.168421 0.000000
vt 0.326316 0.000000
vt 0.178947 0.000000
vt 0.315789 0.000000
vt 0.189474 0.000000
vt 0.305263 0.000000
vt 0.200000 0.000000
vt 0.294737 0.000000
vt 0.210526 0.000000
vt 0.284211 0.000000
vt 0.221053 0.000000
vt 0.273684 0.000000
vt 0.231579 0.000000
vt 0.263158 0.000000
vt 0.242105 0.000000
vt 0.252632 0.000000
vt 0.714286 0.000000
vt 0.428571 0.000000
vt 0.571429 0.000000
vt 0.285714 0.000000
vt 0.000000 0.000000
vt 0.142857 0.000000
vt 1.000000 0.000000
vt 0.857143 0.000000
vt 0.017544 0.000000
vt 1.000000 0.000000
vt 0.000000 0.000000
vt 0.982456 0.000000
vt 0.964912 0.000000
vt 0.035088 0.000000
vt 0.052632 0.000000
vt 0.070175 0.000000
vt 0.947368 0.000000
vt 0.929825 0.000000
vt 0.912281 0.000000
vt 0.087719 0.000000
vt 0.894737 0.000000
vt 0.877193 0.000000
vt 0.105263 0.000000
vt 0.859649 0.000000
vt 0.526316 0.000000
vt 0.491228 0.000000
vt 0.508772 0.000000
vt 0.543860 0.000000
vt 0.842105 0.000000
vt 0.561404 0.000000
vt 0.122807 0.000000
vt 0.824561 0.000000
vt 0.578947 0.000000
vt 0.596491 0.000000
vt 0.807018 0.000000
vt 0.614035 0.000000
vt 0.789474 0.000000
vt 0.631579 0.000000
vt 0.771930 0.000000
vt 0.649123 0.000000
vt 0.140351 0.000000
vt 0.666667 0.000000
vt 0.754386 0.000000
vt 0.684211 0.000000
vt 0.736842 0.000000
vt 0.701754 0.000000
vt 0.719298 0.000000
vt 0.157895 0.000000
vt 0.175439 0.000000
vt 0.192982 0.000000
vt 0.473684 0.000000
vt 0.210526 0.000000
vt 0.456140 0.000000
vt 0.438596 0.000000
vt 0.228070 0.000000
vt 0.421053 0.000000
vt 0.403509 0.000000
vt 0.385965 0.000000
vt 0.245614 0.000000
vt 0.368421 0.000000
vt 0.350877 0.000000
vt 0.263158 0.000000
vt 0.333333 0.000000
vt 0.315789 0.000000
vt 0.280702 0.000000
vt 0.298246 0.000000
vt 0.333333 0.000000
vt 0.294118 0.000000
vt 0.313726 0.000000
vt 0.274510 0.000000
vt 0.352941 0.000000
vt 0.254902 0.000000
vt 0.372549 0.000000
vt 0.235294 0.000000
vt 0.392157 0.000000
vt 0.215686 0.000000
vt 0.411765 0.000000
vt 0.196078 0.000000
vt 0.431373 0.000000
vt 0.176471 0.000000
vt 0.450980 0.000000
vt 0.156863 0.000000
vt 0.470588 0.000000
vt 0.137255 0.000000
vt 0.490196 0.000000
vt 0.117647 0.000000
vt 0.509804 0.000000
vt 0.098039 0.000000
vt 0.529412 0.000000
vt 0.078431 0.000000
vt 0.549020 0.000000
vt 0.568627 0.000000
vt 1.000000 0.000000
vt 0.980392 0.000000
vt 0.588235 0.000000
vt 0.960784 0.000000
vt 0.607843 0.000000
vt 0.941176 0.000000
vt 0.627451 0.000000
vt 0.921569 0.000000
vt 0.647059 0.000000
vt 0.901961 0.000000
vt 0.666667 0.000000
vt 0.882353 0.000000
vt 0.686275 0.000000
vt 0.862745 0.000000
vt 0.705882 0.000000
vt 0.843137 0.000000
vt 0.725490 0.000000
vt 0.823529 0.000000
vt 0.745098 0.000000
vt 0.803922 0.000000
vt 0.764706 0.000000
vt 0.784314 0.000000
vt 0.039216 0.000000
vt 0.000000 0.000000
vt 0.019608 0.000000
vt 0.058824 0.000000
vt 0.097744 0.000000
vt 0.082707 0.000000
vt 0.090226 0.000000
vt 0.075188 0.000000
vt 0.105263 0.000000
vt 0.067669 0.000000
vt 0.060150 0.000000
vt 0.112782 0.000000
vt 0.052632 0.000000
vt 0.045113 0.000000
vt 0.120301 0.000000
vt 0.037594 0.000000
vt 0.030075 0.000000
vt 0.127820 0.000000
vt 0.022556 0.000000
vt 0.015038 0.000000
vt 0.135338 0.000000
vt 0.007519 0.000000
vt 0.000000 0.000000
vt 0.142857 0.000000
vt 0.939850 0.000000
vt 0.947368 0.000000
vt 0.954887 0.000000
vt 0.962406 0.000000
vt 0.969925 0.000000
vt 0.977444 0.000000
vt 0.984962 0.000000
vt 0.992481 0.000000
vt 1.000000 0.000000
vt 0.150376 0.000000
vt 0.924812 0.000000
vt 0.932331 0.000000
vt 0.157895 0.000000
vt 0.917293 0.000000
vt 0.165414 0.000000
vt 0.902256 0.000000
vt 0.909774 0.000000
vt 0.894737 0.000000
vt 0.887218 0.000000
vt 0.879699 0.000000
vt 0.872180 0.000000
vt 0.864662 0.000000
vt 0.172932 0.000000
vt 0.857143 0.000000
vt 0.849624 0.000000
vt 0.842105 0.000000
vt 0.834586 0.000000
vt 0.180451 0.000000
vt 0.827068 0.000000
vt 0.819549 0.000000
vt 0.812030 0.000000
vt 0.187970 0.000000
vt 0.804511 0.000000
vt 0.796992 0.000000
vt 0.789474 0.000000
vt 0.781955 0.000000
vt 0.774436 0.000000
vt 0.195489 0.000000
vt 0.766917 0.000000
vt 0.759399 0.000000
vt 0.751880 0.000000
vt 0.203008 0.000000
vt 0.744361 0.000000
vt 0.736842 0.000000
vt 0.729323 0.000000
vt 0.210526 0.000000
vt 0.721804 0.000000
vt 0.218045 0.000000
vt 0.714286 0.000000
vt 0.706767 0.000000
vt 0.225564 0.000000
vt 0.699248 0.000000
vt 0.233083 0.000000
vt 0.691729 0.000000
vt 0.684211 0.000000
vt 0.240602 0.000000
vt 0.676692 0.000000
vt 0.248120 0.000000
vt 0.669173 0.000000
vt 0.661654 0.000000
vt 0.255639 0.000000
vt 0.654135 0.000000
vt 0.263158 0.000000
vt 0.646617 0.000000
vt 0.270677 0.000000
vt 0.639098 0.000000
vt 0.458647 0.000000
vt 0.443609 0.000000
vt 0.451128 0.000000
vt 0.631579 0.000000
vt 0.278196 0.000000
vt 0.436090 0.000000
vt 0.285714 0.000000
vt 0.428571 0.000000
vt 0.293233 0.000000
vt 0.624060 0.000000
vt 0.421053 0.000000
vt 0.300752 0.000000
vt 0.413534 0.000000
vt 0.308271 0.000000
vt 0.406015 0.000000
vt 0.315789 0.000000
vt 0.616541 0.000000
vt 0.398496 0.000000
vt 0.323308 0.000000
vt 0.330827 0.000000
vt 0.390977 0.000000
vt 0.338346 0.000000
vt 0.383459 0.000000
vt 0.345865 0.000000
vt 0.375940 0.000000
vt 0.353383 0.000000
vt 0.368421 0.000000
vt 0.360902 0.000000
vt 0.609023 0.000000
vt 0.601504 0.000000
vt 0.593985 0.000000
vt 0.466165 0.000000
vt 0.586466 0.000000
vt 0.473684 0.000000
vt 0.481203 0.000000
vt 0.578947 0.000000
vt 0.488722 0.000000
vt 0.496241 0.000000
vt 0.571429 0.000000
vt 0.503759 0.000000
vt 0.563910 0.000000
vt 0.511278 0.000000
vt 0.518797 0.000000
vt 0.556391 0.000000
vt 0.526316 0.000000
vt 0.533835 0.000000
vt 0.548872 0.000000
vt 0.541353 0.000000
vt 0.785714 0.000000
vt 0.750000 0.000000
vt 0.767857 0.000000
vt 0.803571 0.000000
vt 0.732143 0.000000
vt 0.821429 0.000000
vt 0.839286 0.000000
vt 0.714286 0.000000
vt 0.857143 0.000000
vt 0.035714 0.000000
vt 0.000000 0.000000
vt 0.017857 0.000000
vt 1.000000 0.000000
vt 0.696429 0.000000
vt 0.875000 0.000000
vt 0.892857 0.000000
vt 0.678571 0.000000
vt 0.910714 0.000000
vt 0.660714 0.000000
vt 0.928571 0.000000
vt 0.946429 0.000000
vt 0.642857 0.000000
vt 0.964286 0.000000
vt 0.982143 0.000000
vt 0.285714 0.000000
vt 0.625000 0.000000
vt 0.071429 0.000000
vt 0.089286 0.000000
vt 0.107143 0.000000
vt 0.125000 0.000000
vt 0.142857 0.000000
vt 0.160714 0.000000
vt 0.178571 0.000000
vt 0.196429 0.000000
vt 0.214286 0.000000
vt 0.232143 0.000000
vt 0.250000 0.000000
vt 0.267857 0.000000
vt 0.303571 0.000000
vt 0.321429 0.000000
vt 0.339286 0.000000
vt 0.357143 0.000000
vt 0.607143 0.000000
vt 0.375000 0.000000
vt 0.392857 0.000000
vt 0.410714 0.000000
vt 0.589286 0.000000
vt 0.428571 0.000000
vt 0.446429 0.000000
vt 0.571429 0.000000
vt 0.464286 0.000000
vt 0.053571 0.000000
vt 0.482143 0.000000
vt 0.553571 0.000000
vt 0.500000 0.000000
vt 0.517857 0.000000
vt 0.535714 0.000000
vt 0.387755 0.000000
vt 0.367347 0.000000
vt 0.377551 0.000000
vt 0.357143 0.000000
vt 0.397959 0.000000
vt 0.346939 0.000000
vt 0.408163 0.000000
vt 0.336735 0.000000
vt 0.418367 0.000000
vt 0.326531 0.000000
vt 0.428571 0.000000
vt 0.316327 0.000000
vt 0.438776 0.000000
vt 0.306122 0.000000
vt 0.448980 0.000000
vt 0.877551 0.000000
vt 0.867347 0.000000
vt 0.887755 0.000000
vt 0.857143 0.000000
vt 0.897959 0.000000
vt 0.846939 0.000000
vt 0.908163 0.000000
vt 0.295918 0.000000
vt 0.836735 0.000000
vt 0.459184 0.000000
vt 0.918367 0.000000
vt 0.826531 0.000000
vt 0.928571 0.000000
vt 0.816327 0.000000
vt 0.938776 0.000000
vt 0.806122 0.000000
vt 0.948980 0.000000
vt 0.469388 0.000000
vt 0.285714 0.000000
vt 0.795918 0.000000
vt 0.959184 0.000000
vt 0.785714 0.000000
vt 0.969388 0.000000
vt 0.479592 0.000000
vt 0.275510 0.000000
vt 0.775510 0.000000
vt 0.979592 0.000000
vt 0.765306 0.000000
vt 0.989796 0.000000
vt 0.489796 0.000000
vt 0.755102 0.000000
vt 0.265306 0.000000
vt 1.000000 0.000000
vt 0.500000 0.000000
vt 0.255102 0.000000
vt 0.510204 0.000000
vt 0.244898 0.000000
vt 0.234694 0.000000
vt 0.520408 0.000000
vt 0.224490 0.000000
vt 0.214286 0.000000
vt 0.530612 0.000000
vt 0.204082 0.000000
vt 0.540816 0.000000
vt 0.193878 0.000000
vt 0.010204 0.000000
vt 0.744898 0.000000
vt 0.000000 0.000000
vt 0.183673 0.000000
vt 0.020408 0.000000
vt 0.030612 0.000000
vt 0.551020 0.000000
vt 0.173469 0.000000
vt 0.040816 0.000000
vt 0.051020 0.000000
vt 0.163265 0.000000
vt 0.061224 0.000000
vt 0.153061 0.000000
vt 0.071429 0.000000
vt 0.561224 0.000000
vt 0.081633 0.000000
vt 0.142857 0.000000
vt 0.091837 0.000000
vt 0.132653 0.000000
vt 0.102041 0.000000
vt 0.112245 0.000000
vt 0.122449 0.000000
vt 0.571429 0.000000
vt 0.734694 0.000000
vt 0.581633 0.000000
vt 0.724490 0.000000
vt 0.714286 0.000000
vt 0.591837 0.000000
vt 0.704082 0.000000
vt 0.693878 0.000000
vt 0.602041 0.000000
vt 0.683673 0.000000
vt 0.673469 0.000000
vt 0.612245 0.000000
vt 0.663265 0.000000
vt 0.653061 0.000000
vt 0.642857 0.000000
vt 0.622449 0.000000
vt 0.632653 0.000000
vt 0.000000 0.000000
vt 0.509434 0.000000
vt 0.490566 0.000000
vt 0.471698 0.000000
vt 0.452830 0.000000
vt 0.433962 0.000000
vt 0.415094 0.000000
vt 0.396226 0.000000
vt 0.377358 0.000000
vt 0.528302 0.000000
vt 0.547170 0.000000
vt 0.358491 0.000000
vt 1.000000 0.000000
vt 0.566038 0.000000
vt 0.584906 0.000000
vt 0.603774 0.000000
vt 0.339623 0.000000
vt 0.622642 0.000000
vt 0.641509 0.000000
vt 0.320755 0.000000
vt 0.660377 0.000000
vt 0.301887 0.000000
vt 0.679245 0.000000
vt 0.698113 0.000000
vt 0.283019 0.000000
vt 0.716981 0.000000
vt 0.264151 0.000000
vt 0.735849 0.000000
vt 0.245283 0.000000
vt 0.754717 0.000000
vt 0.773585 0.000000
vt 0.226415 0.000000
vt 0.792453 0.000000
vt 0.207547 0.000000
vt 0.811321 0.000000
vt 0.830189 0.000000
vt 0.188679 0.000000
vt 0.849057 0.000000
vt 0.169811 0.000000
vt 0.867925 0.000000
vt 0.886792 0.000000
vt 0.150943 0.000000
vt 0.905660 0.000000
vt 0.132075 0.000000
vt 0.924528 0.000000
vt 0.943396 0.000000
vt 0.113208 0.000000
vt 0.962264 0.000000
vt 0.981132 0.000000
vt 0.094340 0.000000
vt 0.075472 0.000000
vt 0.056604 0.000000
vt 0.037736 0.000000
vt 0.018868 0.000000
vn 1.0000 0.0000 0.0000
vn 1.0000 -0.0002 0.0000
vn 1.0000 -0.0001 0.0000
vn 1.0000 -0.0015 0.0000
vn 1.0000 0.0001 0.0000
vn 1.0000 0.0004 0.0000
vn 1.0000 0.0003 0.0000
vn 1.0000 -0.0004 0.0000
vn 1.0000 0.0002 0.0000
vn 0.0000 0.0000 1.0000
vn 0.0000 -1.0000 0.0000
vn 1.0000 -0.0005 0.0000
vn 1.0000 0.0014 0.0000
vn 1.0000 -0.0007 0.0000
vn 1.0000 -0.0003 0.0000
vn 1.0000 0.0007 0.0000
vn 1.0000 -0.0006 0.0000
vn 1.0000 -0.0058 0.0000
vn 1.0000 0.0008 0.0000
usemtl None
s off
f 3875/3849/3233 3873/3850/3233 3874/3851/3233
f 3876/3852/3233 3873/3850/3233 3875/3849/3233
f 3877/3853/3233 3873/3850/3233 3876/3852/3233
f 3877/3853/3233 3872/3854/3233 3873/3850/3233
f 3878/3855/3234 3872/3854/3234 3877/3853/3234
f 3878/3855/3233 3871/3856/3233 3872/3854/3233
f 3879/3857/3233 3871/3856/3233 3878/3855/3233
f 3880/3858/3233 3871/3856/3233 3879/3857/3233
f 3880/3858/3233 3870/3859/3233 3871/3856/3233
f 3881/3860/3233 3870/3859/3233 3880/3858/3233
f 3882/3861/3233 3870/3859/3233 3881/3860/3233
f 3882/3861/3233 3869/3862/3233 3870/3859/3233
f 3883/3863/3233 3869/3862/3233 3882/3861/3233
f 3884/3864/3233 3869/3862/3233 3883/3863/3233
f 3884/3864/3233 3868/3865/3233 3869/3862/3233
f 3885/3866/3233 3868/3865/3233 3884/3864/3233
f 3886/3867/3235 3868/3865/3235 3885/3866/3235
f 3886/3867/3233 3867/3868/3233 3868/3865/3233
f 3887/3869/3233 3888/3870/3233 3886/3867/3233
f 3888/3870/3233 3889/3871/3233 3886/3867/3233
f 3889/3871/3233 3890/3872/3233 3886/3867/3233
f 3890/3872/3233 3891/3873/3233 3886/3867/3233
f 3891/3873/3233 3892/3874/3233 3886/3867/3233
f 3892/3874/3233 3893/3875/3233 3886/3867/3233
f 3893/3875/3235 3894/3876/3235 3886/3867/3235
f 3894/3876/3233 3895/3877/3233 3886/3867/3233
f 3895/3877/3233 3896/3878/3233 3886/3867/3233
f 3896/3878/3233 3897/3879/3233 3886/3867/3233
f 3897/3879/3233 3898/3880/3233 3886/3867/3233
f 3898/3880/3233 3867/3868/3233 3886/3867/3233
f 3898/3880/3233 3899/3881/3233 3867/3868/3233
f 3899/3881/3233 3866/3882/3233 3867/3868/3233
f 3900/3883/3236 3866/3882/3236 3899/3881/3236
f 3901/3884/3233 3866/3882/3233 3900/3883/3233
f 3902/3885/3233 3866/3882/3233 3901/3884/3233
f 3902/3885/3233 3865/3886/3233 3866/3882/3233
f 3903/3887/3235 3865/3886/3235 3902/3885/3235
f 3904/3888/3237 3865/3886/3237 3903/3887/3237
f 3905/3889/3233 3865/3886/3233 3904/3888/3233
f 3905/3889/3233 3864/3890/3233 3865/3886/3233
f 3906/3891/3233 3864/3890/3233 3905/3889/3233
f 3907/3892/3233 3864/3890/3233 3906/3891/3233
f 3907/3892/3233 3863/3893/3233 3864/3890/3233
f 3908/3894/3237 3863/3893/3237 3907/3892/3237
f 3909/3895/3235 3863/3893/3235 3908/3894/3235
f 3909/3895/3233 3862/3896/3233 3863/3893/3233
f 3910/3897/3233 3862/3896/3233 3909/3895/3233
f 3911/3898/3233 3862/3896/3233 3910/3897/3233
f 3911/3898/3233 3861/3899/3233 3862/3896/3233
f 3912/3900/3233 3861/3899/3233 3911/3898/3233
f 3913/3901/3237 3861/3899/3237 3912/3900/3237
f 3913/3901/3233 3860/3902/3233 3861/3899/3233
f 3914/3903/3237 3860/3902/3237 3913/3901/3237
f 3915/3904/3233 3860/3902/3233 3914/3903/3233
f 3915/3904/3233 3859/3905/3233 3860/3902/3233
f 3916/3906/3233 3859/3905/3233 3915/3904/3233
f 3917/3907/3233 3859/3905/3233 3916/3906/3233
f 3917/3907/3233 3858/3908/3233 3859/3905/3233
f 3918/3909/3235 3858/3908/3235 3917/3907/3235
f 3919/3910/3233 3858/3908/3233 3918/3909/3233
f 3920/3911/3233 3858/3908/3233 3919/3910/3233
f 3920/3911/3233 3857/3912/3233 3858/3908/3233
f 3921/3913/3233 3857/3912/3233 3920/3911/3233
f 3922/3914/3233 3857/3912/3233 3921/3913/3233
f 3922/3914/3233 3856/3915/3233 3857/3912/3233
f 3923/3916/3233 3856/3915/3233 3922/3914/3233
f 3924/3917/3233 3856/3915/3233 3923/3916/3233
f 3924/3917/3233 3855/3918/3233 3856/3915/3233
f 3925/3919/3233 3855/3918/3233 3924/3917/3233
f 3925/3919/3233 3854/3920/3233 3855/3918/3233
f 3926/3921/3233 3854/3920/3233 3925/3919/3233
f 3926/3921/3233 3853/3922/3233 3854/3920/3233
f 3927/3923/3233 3853/3922/3233 3926/3921/3233
f 3928/3924/3233 3853/3922/3233 3927/3923/3233
f 3928/3924/3233 3852/3925/3233 3853/3922/3233
f 3929/3926/3233 3852/3925/3233 3928/3924/3233
f 3929/3926/3233 3851/3927/3233 3852/3925/3233
f 3930/3928/3233 3851/3927/3233 3929/3926/3233
f 3930/3928/3233 3850/3929/3233 3851/3927/3233
f 3931/3930/3233 3850/3929/3233 3930/3928/3233
f 3932/3931/3233 3850/3929/3233 3931/3930/3233
f 3932/3931/3237 3849/3932/3237 3850/3929/3237
f 3932/3931/3233 3937/3933/3233 3849/3932/3233
f 3933/3934/3233 3937/3933/3233 3932/3931/3233
f 3934/3935/3233 3937/3933/3233 3933/3934/3233
f 3935/3936/3233 3937/3933/3233 3934/3935/3233
f 3936/3937/3233 3937/3933/3233 3935/3936/3233
f 3987/3938/3233 4033/3939/3233 3986/3940/3233
f 3988/3941/3238 4033/3939/3238 3987/3938/3238
f 3988/3941/3235 4032/3942/3235 4033/3939/3235
f 3989/3943/3239 4032/3942/3239 3988/3941/3239
f 3989/3943/3234 4031/3944/3234 4032/3942/3234
f 3990/3945/3233 4031/3944/3233 3989/3943/3233
f 3990/3945/3233 4030/3946/3233 4031/3944/3233
f 3991/3947/3233 4030/3946/3233 3990/3945/3233
f 3991/3947/3233 4029/3948/3233 4030/3946/3233
f 3992/3949/3237 4029/3948/3237 3991/3947/3237
f 3992/3949/3233 4028/3950/3233 4029/3948/3233
f 3993/3951/3233 4028/3950/3233 3992/3949/3233
f 3993/3951/3233 4027/3952/3233 4028/3950/3233
f 3994/3953/3233 4027/3952/3233 3993/3951/3233
f 3994/3953/3235 4026/3954/3235 4027/3952/3235
f 3995/3955/3233 4026/3954/3233 3994/3953/3233
f 3995/3955/3235 4025/3956/3235 4026/3954/3235
f 3996/3957/3237 4025/3956/3237 3995/3955/3237
f 3996/3957/3233 4024/3958/3233 4025/3956/3233
f 3997/3959/3233 4024/3958/3233 3996/3957/3233
f 3997/3959/3237 4023/3960/3237 4024/3958/3237
f 3997/3959/3233 4022/3961/3233 4023/3960/3233
f 3998/3962/3237 4022/3961/3237 3997/3959/3237
f 3999/3963/3235 4022/3961/3235 3998/3962/3235
f 3999/3963/3233 4021/3964/3233 4022/3961/3233
f 4000/3965/3235 4021/3964/3235 3999/3963/3235
f 4000/3965/3237 4020/3966/3237 4021/3964/3237
f 4001/3967/3235 4020/3966/3235 4000/3965/3235
f 4001/3967/3233 4019/3968/3233 4020/3966/3233
f 4002/3969/3237 4019/3968/3237 4001/3967/3237
f 4002/3969/3233 4018/3970/3233 4019/3968/3233
f 4003/3971/3233 4018/3970/3233 4002/3969/3233
f 4003/3971/3233 4017/3972/3233 4018/3970/3233
f 4004/3973/3233 4017/3972/3233 4003/3971/3233
f 4004/3973/3233 4016/3974/3233 4017/3972/3233
f 4005/3975/3233 4016/3974/3233 4004/3973/3233
f 4005/3975/3235 4015/3976/3235 4016/3974/3235
f 4006/3977/3233 4015/3976/3233 4005/3975/3233
f 4006/3977/3237 4014/3978/3237 4015/3976/3237
f 4007/3979/3233 4014/3978/3233 4006/3977/3233
f 4007/3979/3237 4013/3980/3237 4014/3978/3237
f 4008/3981/3233 4013/3980/3233 4007/3979/3233
f 4008/3981/3234 4012/3982/3234 4013/3980/3234
f 4009/3983/3233 4012/3982/3233 4008/3981/3233
f 4009/3983/3240 4011/3984/3240 4012/3982/3240
f 4010/3985/3233 4011/3984/3233 4009/3983/3233
f 3939/3986/3233 3985/3987/3233 3938/3988/3233
f 3939/3986/3234 3984/3989/3234 3985/3987/3234
f 3940/3990/3233 3984/3989/3233 3939/3986/3233
f 3940/3990/3235 3983/3991/3235 3984/3989/3235
f 3941/3992/3233 3983/3991/3233 3940/3990/3233
f 3941/3992/3237 3982/3993/3237 3983/3991/3237
f 3942/3994/3233 3982/3993/3233 3941/3992/3233
f 3942/3994/3235 3981/3995/3235 3982/3993/3235
f 3943/3996/3237 3981/3995/3237 3942/3994/3237
f 3943/3996/3233 3980/3997/3233 3981/3995/3233
f 3944/3998/3233 3980/3997/3233 3943/3996/3233
f 3944/3998/3234 3979/3999/3234 3980/3997/3234
f 3945/4000/3241 3979/3999/3241 3944/3998/3241
f 3945/4000/3235 3978/4001/3235 3979/3999/3235
f 3946/4002/3233 3978/4001/3233 3945/4000/3233
f 3946/4002/3237 3977/4003/3237 3978/4001/3237
f 3947/4004/3235 3977/4003/3235 3946/4002/3235
f 3947/4004/3237 3976/4005/3237 3977/4003/3237
f 3948/4006/3233 3976/4005/3233 3947/4004/3233
f 3948/4006/3233 3975/4007/3233 3976/4005/3233
f 3949/4008/3237 3975/4007/3237 3948/4006/3237
f 3949/4008/3233 3974/4009/3233 3975/4007/3233
f 3950/4010/3237 3974/4009/3237 3949/4008/3237
f 3951/4011/3235 3974/4009/3235 3950/4010/3235
f 3951/4011/3233 3973/4012/3233 3974/4009/3233
f 3951/4011/3233 3972/4013/3233 3973/4012/3233
f 3952/4014/3233 3972/4013/3233 3951/4011/3233
f 3952/4014/3233 3971/4015/3233 3972/4013/3233
f 3953/4016/3235 3971/4015/3235 3952/4014/3235
f 3953/4016/3237 3970/4017/3237 3971/4015/3237
f 3954/4018/3233 3970/4017/3233 3953/4016/3233
f 3954/4018/3233 3969/4019/3233 3970/4017/3233
f 3955/4020/3233 3969/4019/3233 3954/4018/3233
f 3955/4020/3233 3968/4021/3233 3969/4019/3233
f 3956/4022/3233 3968/4021/3233 3955/4020/3233
f 3956/4022/3233 3967/4023/3233 3968/4021/3233
f 3957/4024/3233 3967/4023/3233 3956/4022/3233
f 3957/4024/3233 3966/4025/3233 3967/4023/3233
f 3958/4026/3241 3966/4025/3241 3957/4024/3241
f 3958/4026/3235 3965/4027/3235 3966/4025/3235
f 3959/4028/3239 3965/4027/3239 3958/4026/3239
f 3959/4028/3235 3964/4029/3235 3965/4027/3235
f 3960/4030/3233 3964/4029/3233 3959/4028/3233
f 3960/4030/3241 3963/4031/3241 3964/4029/3241
f 3961/4032/3233 3963/4031/3233 3960/4030/3233
f 3961/4032/3233 3962/4033/3233 3963/4031/3233
f 4039/4034/3233 4037/4035/3233 4038/4036/3233
f 4039/4034/3233 4036/4037/3233 4037/4035/3233
f 4036/4037/3233 4034/4038/3233 4035/4039/3233
f 4036/4037/3233 4041/4040/3233 4034/4038/3233
f 4039/4034/3233 4041/4040/3233 4036/4037/3233
f 4040/4041/3233 4041/4040/3233 4039/4034/3233
f 4043/4042/3233 4099/4043/3233 4042/4044/3233
f 4043/4042/3233 4098/4045/3233 4099/4043/3233
f 4043/4042/3233 4097/4046/3233 4098/4045/3233
f 4044/4047/3233 4097/4046/3233 4043/4042/3233
f 4045/4048/3242 4097/4046/3242 4044/4047/3242
f 4046/4049/3233 4096/4050/3233 4045/4048/3233
f 4096/4050/3243 4097/4046/3243 4045/4048/3243
f 4046/4049/3233 4095/4051/3233 4096/4050/3233
f 4046/4049/3233 4094/4052/3233 4095/4051/3233
f 4047/4053/3233 4094/4052/3233 4046/4049/3233
f 4047/4053/3233 4093/4054/3233 4094/4052/3233
f 4047/4053/3233 4092/4055/3233 4093/4054/3233
f 4048/4056/3233 4092/4055/3233 4047/4053/3233
f 4048/4056/3235 4091/4057/3235 4092/4055/3235
f 4072/4058/3233 4070/4059/3233 4071/4060/3233
f 4073/4061/3233 4070/4059/3233 4072/4058/3233
f 4048/4056/3237 4090/4062/3237 4091/4057/3237
f 4074/4063/3233 4070/4059/3233 4073/4061/3233
f 4049/4064/3233 4090/4062/3233 4048/4056/3233
f 4049/4064/3237 4089/4065/3237 4090/4062/3237
f 4075/4066/3233 4070/4059/3233 4074/4063/3233
f 4076/4067/3233 4070/4059/3233 4075/4066/3233
f 4049/4064/3235 4088/4068/3235 4089/4065/3235
f 4077/4069/3233 4070/4059/3233 4076/4067/3233
f 4049/4064/3237 4087/4070/3237 4088/4068/3237
f 4078/4071/3233 4070/4059/3233 4077/4069/3233
f 4049/4064/3233 4086/4072/3233 4087/4070/3233
f 4079/4073/3233 4070/4059/3233 4078/4071/3233
f 4050/4074/3233 4086/4072/3233 4049/4064/3233
f 4080/4075/3237 4070/4059/3237 4079/4073/3237
f 4050/4074/3237 4085/4076/3237 4086/4072/3237
f 4081/4077/3233 4070/4059/3233 4080/4075/3233
f 4050/4074/3233 4084/4078/3233 4085/4076/3233
f 4082/4079/3233 4070/4059/3233 4081/4077/3233
f 4050/4074/3240 4083/4080/3240 4084/4078/3240
f 4083/4080/3233 4070/4059/3233 4082/4079/3233
f 4050/4074/3233 4070/4059/3233 4083/4080/3233
f 4051/4081/3237 4070/4059/3237 4050/4074/3237
f 4052/4082/3235 4070/4059/3235 4051/4081/3235
f 4053/4083/3233 4070/4059/3233 4052/4082/3233
f 4053/4083/3233 4069/4084/3233 4070/4059/3233
f 4054/4085/3233 4069/4084/3233 4053/4083/3233
f 4054/4085/3233 4068/4086/3233 4069/4084/3233
f 4054/4085/3234 4067/4087/3234 4068/4086/3234
f 4055/4088/3233 4067/4087/3233 4054/4085/3233
f 4055/4088/3233 4066/4089/3233 4067/4087/3233
f 4055/4088/3237 4065/4090/3237 4066/4089/3237
f 4055/4088/3237 4064/4091/3237 4065/4090/3237
f 4056/4092/3233 4064/4091/3233 4055/4088/3233
f 4056/4092/3235 4063/4093/3235 4064/4091/3235
f 4056/4092/3241 4062/4094/3241 4063/4093/3241
f 4057/4095/3233 4062/4094/3233 4056/4092/3233
f 4057/4095/3238 4061/4096/3238 4062/4094/3238
f 4057/4095/3244 4060/4097/3244 4061/4096/3244
f 4058/4098/3233 4060/4097/3233 4057/4095/3233
f 4058/4098/3245 4059/4099/3245 4060/4097/3245
f 4117/4100/3246 4115/4101/3246 4116/4102/3246
f 4117/4100/3233 4114/4103/3233 4115/4101/3233
f 4118/4104/3233 4114/4103/3233 4117/4100/3233
f 4118/4104/3241 4113/4105/3241 4114/4103/3241
f 4119/4106/3234 4113/4105/3234 4118/4104/3234
f 4119/4106/3241 4112/4107/3241 4113/4105/3241
f 4120/4108/3233 4112/4107/3233 4119/4106/3233
f 4120/4108/3235 4111/4109/3235 4112/4107/3235
f 4121/4110/3233 4111/4109/3233 4120/4108/3233
f 4121/4110/3233 4110/4111/3233 4111/4109/3233
f 4122/4112/3233 4110/4111/3233 4121/4110/3233
f 4122/4112/3235 4109/4113/3235 4110/4111/3235
f 4123/4114/3233 4109/4113/3233 4122/4112/3233
f 4123/4114/3233 4108/4115/3233 4109/4113/3233
f 4124/4116/3233 4108/4115/3233 4123/4114/3233
f 4124/4116/3233 4107/4117/3233 4108/4115/3233
f 4125/4118/3237 4107/4117/3237 4124/4116/3237
f 4125/4118/3235 4106/4119/3235 4107/4117/3235
f 4126/4120/3233 4106/4119/3233 4125/4118/3233
f 4126/4120/3233 4105/4121/3233 4106/4119/3233
f 4127/4122/3233 4105/4121/3233 4126/4120/3233
f 4127/4122/3233 4104/4123/3233 4105/4121/3233
f 4128/4124/3233 4104/4123/3233 4127/4122/3233
f 4129/4125/3233 4104/4123/3233 4128/4124/3233
f 4129/4125/3233 4151/4126/3233 4104/4123/3233
f 4129/4125/3233 4150/4127/3233 4151/4126/3233
f 4130/4128/3233 4150/4127/3233 4129/4125/3233
f 4130/4128/3235 4149/4129/3235 4150/4127/3235
f 4131/4130/3233 4149/4129/3233 4130/4128/3233
f 4131/4130/3233 4148/4131/3233 4149/4129/3233
f 4132/4132/3235 4148/4131/3235 4131/4130/3235
f 4132/4132/3233 4147/4133/3233 4148/4131/3233
f 4133/4134/3233 4147/4133/3233 4132/4132/3233
f 4133/4134/3233 4146/4135/3233 4147/4133/3233
f 4134/4136/3233 4146/4135/3233 4133/4134/3233
f 4134/4136/3233 4145/4137/3233 4146/4135/3233
f 4135/4138/3233 4145/4137/3233 4134/4136/3233
f 4135/4138/3233 4144/4139/3233 4145/4137/3233
f 4136/4140/3233 4144/4139/3233 4135/4138/3233
f 4136/4140/3237 4143/4141/3237 4144/4139/3237
f 4137/4142/3247 4143/4141/3247 4136/4140/3247
f 4137/4142/3237 4142/4143/3237 4143/4141/3237
f 4138/4144/3247 4142/4143/3247 4137/4142/3247
f 4138/4144/3233 4141/4145/3233 4142/4143/3233
f 4139/4146/3233 4141/4145/3233 4138/4144/3233
f 4139/4146/3248 4140/4147/3248 4141/4145/3248
f 4102/4148/3233 4100/4149/3233 4101/4150/3233
f 4102/4148/3233 4103/4151/3233 4100/4149/3233
f 4165/4152/3248 4163/4153/3248 4164/4154/3248
f 4165/4152/3249 4162/4155/3249 4163/4153/3249
f 4166/4156/3233 4162/4155/3233 4165/4152/3233
f 4166/4156/3239 4161/4157/3239 4162/4155/3239
f 4166/4156/3233 4160/4158/3233 4161/4157/3233
f 4167/4159/3233 4160/4158/3233 4166/4156/3233
f 4167/4159/3237 4159/4160/3237 4160/4158/3237
f 4167/4159/3235 4158/4161/3235 4159/4160/3235
f 4168/4162/3233 4158/4161/3233 4167/4159/3233
f 4168/4162/3241 4157/4163/3241 4158/4161/3241
f 4168/4162/3234 4156/4164/3234 4157/4163/3234
f 4169/4165/3233 4156/4164/3233 4168/4162/3233
f 4169/4165/3237 4155/4166/3237 4156/4164/3237
f 4169/4165/3235 4154/4167/3235 4155/4166/3235
f 4170/4168/3233 4154/4167/3233 4169/4165/3233
f 4170/4168/3233 4153/4169/3233 4154/4167/3233
f 4170/4168/3233 4152/4170/3233 4153/4169/3233
f 4171/4171/3235 4152/4170/3235 4170/4168/3235
f 4171/4171/3233 4277/4172/3233 4152/4170/3233
f 4277/4172/3233 4278/4173/3233 4152/4170/3233
f 4278/4173/3237 4279/4174/3237 4152/4170/3237
f 4279/4174/3233 4280/4175/3233 4152/4170/3233
f 4280/4175/3233 4281/4176/3233 4152/4170/3233
f 4281/4176/3233 4282/4177/3233 4152/4170/3233
f 4282/4177/3233 4283/4178/3233 4152/4170/3233
f 4283/4178/3233 4284/4179/3233 4152/4170/3233
f 4284/4179/3233 4285/4180/3233 4152/4170/3233
f 4172/4181/3233 4275/4182/3233 4171/4171/3233
f 4275/4182/3233 4276/4183/3233 4171/4171/3233
f 4276/4183/3233 4277/4172/3233 4171/4171/3233
f 4173/4184/3233 4274/4185/3233 4172/4181/3233
f 4274/4185/3233 4275/4182/3233 4172/4181/3233
f 4174/4186/3233 4272/4187/3233 4173/4184/3233
f 4272/4187/3233 4273/4188/3233 4173/4184/3233
f 4273/4188/3233 4274/4185/3233 4173/4184/3233
f 4174/4186/3241 4271/4189/3241 4272/4187/3241
f 4174/4186/3234 4270/4190/3234 4271/4189/3234
f 4174/4186/3235 4269/4191/3235 4270/4190/3235
f 4174/4186/3241 4268/4192/3241 4269/4191/3241
f 4174/4186/3235 4267/4193/3235 4268/4192/3235
f 4175/4194/3233 4267/4193/3233 4174/4186/3233
f 4175/4194/3235 4266/4195/3235 4267/4193/3235
f 4175/4194/3237 4265/4196/3237 4266/4195/3237
f 4175/4194/3233 4264/4197/3233 4265/4196/3233
f 4175/4194/3235 4263/4198/3235 4264/4197/3235
f 4176/4199/3233 4263/4198/3233 4175/4194/3233
f 4176/4199/3233 4262/4200/3233 4263/4198/3233
f 4176/4199/3233 4261/4201/3233 4262/4200/3233
f 4176/4199/3235 4260/4202/3235 4261/4201/3235
f 4177/4203/3233 4260/4202/3233 4176/4199/3233
f 4177/4203/3237 4259/4204/3237 4260/4202/3237
f 4177/4203/3235 4258/4205/3235 4259/4204/3235
f 4177/4203/3235 4257/4206/3235 4258/4205/3235
f 4177/4203/3237 4256/4207/3237 4257/4206/3237
f 4177/4203/3233 4255/4208/3233 4256/4207/3233
f 4178/4209/3233 4255/4208/3233 4177/4203/3233
f 4178/4209/3233 4254/4210/3233 4255/4208/3233
f 4178/4209/3233 4253/4211/3233 4254/4210/3233
f 4178/4209/3237 4252/4212/3237 4253/4211/3237
f 4179/4213/3233 4252/4212/3233 4178/4209/3233
f 4179/4213/3233 4251/4214/3233 4252/4212/3233
f 4179/4213/3233 4250/4215/3233 4251/4214/3233
f 4179/4213/3233 4249/4216/3233 4250/4215/3233
f 4180/4217/3237 4249/4216/3237 4179/4213/3237
f 4180/4217/3233 4248/4218/3233 4249/4216/3233
f 4181/4219/3233 4248/4218/3233 4180/4217/3233
f 4181/4219/3233 4247/4220/3233 4248/4218/3233
f 4181/4219/3233 4246/4221/3233 4247/4220/3233
f 4182/4222/3233 4246/4221/3233 4181/4219/3233
f 4182/4222/3233 4245/4223/3233 4246/4221/3233
f 4183/4224/3233 4245/4223/3233 4182/4222/3233
f 4183/4224/3237 4244/4225/3237 4245/4223/3237
f 4183/4224/3235 4243/4226/3235 4244/4225/3235
f 4184/4227/3233 4243/4226/3233 4183/4224/3233
f 4184/4227/3233 4242/4228/3233 4243/4226/3233
f 4185/4229/3233 4242/4228/3233 4184/4227/3233
f 4185/4229/3233 4241/4230/3233 4242/4228/3233
f 4185/4229/3233 4240/4231/3233 4241/4230/3233
f 4186/4232/3233 4240/4231/3233 4185/4229/3233
f 4186/4232/3233 4239/4233/3233 4240/4231/3233
f 4187/4234/3235 4239/4233/3235 4186/4232/3235
f 4187/4234/3237 4238/4235/3237 4239/4233/3237
f 4188/4236/3233 4238/4235/3233 4187/4234/3233
f 4188/4236/3233 4237/4237/3233 4238/4235/3233
f 4213/4238/3233 4211/4239/3233 4212/4240/3233
f 4188/4236/3233 4236/4241/3233 4237/4237/3233
f 4189/4242/3233 4236/4241/3233 4188/4236/3233
f 4213/4238/3233 4210/4243/3233 4211/4239/3233
f 4190/4244/3233 4236/4241/3233 4189/4242/3233
f 4213/4238/3233 4209/4245/3233 4210/4243/3233
f 4191/4246/3233 4236/4241/3233 4190/4244/3233
f 4191/4246/3233 4235/4247/3233 4236/4241/3233
f 4213/4238/3233 4208/4248/3233 4209/4245/3233
f 4192/4249/3233 4235/4247/3233 4191/4246/3233
f 4213/4238/3233 4207/4250/3233 4208/4248/3233
f 4193/4251/3233 4235/4247/3233 4192/4249/3233
f 4213/4238/3233 4206/4252/3233 4207/4250/3233
f 4194/4253/3233 4235/4247/3233 4193/4251/3233
f 4194/4253/3233 4234/4254/3233 4235/4247/3233
f 4213/4238/3233 4205/4255/3233 4206/4252/3233
f 4195/4256/3233 4234/4254/3233 4194/4253/3233
f 4196/4257/3233 4234/4254/3233 4195/4256/3233
f 4213/4238/3233 4204/4258/3233 4205/4255/3233
f 4197/4259/3234 4234/4254/3234 4196/4257/3234
f 4213/4238/3235 4203/4260/3235 4204/4258/3235
f 4198/4261/3233 4234/4254/3233 4197/4259/3233
f 4213/4238/3233 4202/4262/3233 4203/4260/3233
f 4199/4263/3233 4234/4254/3233 4198/4261/3233
f 4213/4238/3237 4201/4264/3237 4202/4262/3237
f 4200/4265/3233 4234/4254/3233 4199/4263/3233
f 4213/4238/3235 4200/4265/3235 4201/4264/3235
f 4200/4265/3233 4233/4266/3233 4234/4254/3233
f 4213/4238/3233 4233/4266/3233 4200/4265/3233
f 4213/4238/3233 4232/4267/3233 4233/4266/3233
f 4213/4238/3233 4231/4268/3233 4232/4267/3233
f 4214/4269/3237 4231/4268/3237 4213/4238/3237
f 4214/4269/3233 4230/4270/3233 4231/4268/3233
f 4215/4271/3233 4230/4270/3233 4214/4269/3233
f 4216/4272/3233 4230/4270/3233 4215/4271/3233
f 4216/4272/3233 4229/4273/3233 4230/4270/3233
f 4217/4274/3233 4229/4273/3233 4216/4272/3233
f 4218/4275/3233 4229/4273/3233 4217/4274/3233
f 4218/4275/3233 4228/4276/3233 4229/4273/3233
f 4219/4277/3233 4228/4276/3233 4218/4275/3233
f 4219/4277/3237 4227/4278/3237 4228/4276/3237
f 4220/4279/3247 4227/4278/3247 4219/4277/3247
f 4221/4280/3233 4227/4278/3233 4220/4279/3233
f 4221/4280/3233 4226/4281/3233 4227/4278/3233
f 4222/4282/3240 4226/4281/3240 4221/4280/3240
f 4223/4283/3233 4226/4281/3233 4222/4282/3233
f 4223/4283/3238 4225/4284/3238 4226/4281/3238
f 4224/4285/3233 4225/4284/3233 4223/4283/3233
f 4330/4286/3233 4328/4287/3233 4329/4288/3233
f 4331/4289/3239 4328/4287/3239 4330/4286/3239
f 4331/4289/3233 4327/4290/3233 4328/4287/3233
f 4332/4291/3234 4327/4290/3234 4331/4289/3234
f 4333/4292/3233 4327/4290/3233 4332/4291/3233
f 4333/4292/3233 4326/4293/3233 4327/4290/3233
f 4334/4294/3233 4326/4293/3233 4333/4292/3233
f 4288/4295/3233 4286/4296/3233 4287/4297/3233
f 4288/4295/3233 4342/4298/3233 4286/4296/3233
f 4334/4294/3233 4325/4299/3233 4326/4293/3233
f 4335/4300/3233 4325/4299/3233 4334/4294/3233
f 4336/4301/3237 4325/4299/3237 4335/4300/3237
f 4336/4301/3235 4324/4302/3235 4325/4299/3235
f 4337/4303/3233 4324/4302/3233 4336/4301/3233
f 4337/4303/3233 4323/4304/3233 4324/4302/3233
f 4338/4305/3233 4323/4304/3233 4337/4303/3233
f 4339/4306/3233 4323/4304/3233 4338/4305/3233
f 4339/4306/3233 4322/4307/3233 4323/4304/3233
f 4340/4308/3233 4322/4307/3233 4339/4306/3233
f 4341/4309/3233 4322/4307/3233 4340/4308/3233
f 4341/4309/3235 4302/4310/3235 4322/4307/3235
f 4302/4310/3233 4321/4311/3233 4322/4307/3233
f 4288/4295/3233 4341/4309/3233 4342/4298/3233
f 4288/4295/3233 4290/4312/3233 4341/4309/3233
f 4290/4312/3233 4291/4313/3233 4341/4309/3233
f 4291/4313/3233 4292/4314/3233 4341/4309/3233
f 4292/4314/3233 4293/4315/3233 4341/4309/3233
f 4293/4315/3233 4294/4316/3233 4341/4309/3233
f 4294/4316/3233 4295/4317/3233 4341/4309/3233
f 4295/4317/3233 4296/4318/3233 4341/4309/3233
f 4296/4318/3233 4297/4319/3233 4341/4309/3233
f 4297/4319/3233 4298/4320/3233 4341/4309/3233
f 4298/4320/3233 4299/4321/3233 4341/4309/3233
f 4299/4321/3233 4300/4322/3233 4341/4309/3233
f 4300/4322/3233 4301/4323/3233 4341/4309/3233
f 4301/4323/3233 4302/4310/3233 4341/4309/3233
f 4303/4324/3250 4321/4311/3250 4302/4310/3250
f 4304/4325/3239 4321/4311/3239 4303/4324/3239
f 4305/4326/3233 4321/4311/3233 4304/4325/3233
f 4306/4327/3233 4321/4311/3233 4305/4326/3233
f 4306/4327/3233 4320/4328/3233 4321/4311/3233
f 4307/4329/3233 4320/4328/3233 4306/4327/3233
f 4308/4330/3233 4320/4328/3233 4307/4329/3233
f 4309/4331/3233 4320/4328/3233 4308/4330/3233
f 4309/4331/3233 4319/4332/3233 4320/4328/3233
f 4310/4333/3233 4319/4332/3233 4309/4331/3233
f 4311/4334/3233 4319/4332/3233 4310/4333/3233
f 4311/4334/3233 4318/4335/3233 4319/4332/3233
f 4312/4336/3233 4318/4335/3233 4311/4334/3233
f 4288/4295/3233 4289/4337/3233 4290/4312/3233
f 4313/4338/3233 4318/4335/3233 4312/4336/3233
f 4313/4338/3233 4317/4339/3233 4318/4335/3233
f 4314/4340/3235 4317/4339/3235 4313/4338/3235
f 4315/4341/3233 4317/4339/3233 4314/4340/3233
f 4315/4341/3233 4316/4342/3233 4317/4339/3233
f 4381/4343/3233 4379/4344/3233 4380/4345/3233
f 4381/4343/3237 4378/4346/3237 4379/4344/3237
f 4382/4347/3235 4378/4346/3235 4381/4343/3235
f 4382/4347/3233 4377/4348/3233 4378/4346/3233
f 4383/4349/3235 4377/4348/3235 4382/4347/3235
f 4383/4349/3237 4376/4350/3237 4377/4348/3237
f 4384/4351/3233 4376/4350/3233 4383/4349/3233
f 4384/4351/3233 4375/4352/3233 4376/4350/3233
f 4385/4353/3233 4375/4352/3233 4384/4351/3233
f 4385/4353/3233 4374/4354/3233 4375/4352/3233
f 4386/4355/3233 4374/4354/3233 4385/4353/3233
f 4386/4355/3233 4373/4356/3233 4374/4354/3233
f 4387/4357/3233 4429/4358/3233 4386/4355/3233
f 4429/4358/3233 4373/4356/3233 4386/4355/3233
f 4387/4357/3244 4428/4359/3244 4429/4358/3244
f 4430/4360/3233 4373/4356/3233 4429/4358/3233
f 4387/4357/3235 4427/4361/3235 4428/4359/3235
f 4431/4362/3233 4373/4356/3233 4430/4360/3233
f 4387/4357/3233 4426/4363/3233 4427/4361/3233
f 4432/4364/3233 4373/4356/3233 4431/4362/3233
f 4432/4364/3233 4372/4365/3233 4373/4356/3233
f 4387/4357/3233 4425/4366/3233 4426/4363/3233
f 4388/4367/3233 4425/4366/3233 4387/4357/3233
f 4433/4368/3233 4372/4365/3233 4432/4364/3233
f 4388/4367/3237 4424/4369/3237 4425/4366/3237
f 4434/4370/3233 4372/4365/3233 4433/4368/3233
f 4388/4367/3233 4423/4371/3233 4424/4369/3233
f 4435/4372/3233 4372/4365/3233 4434/4370/3233
f 4388/4367/3233 4422/4373/3233 4423/4371/3233
f 4436/4374/3233 4372/4365/3233 4435/4372/3233
f 4389/4375/3233 4422/4373/3233 4388/4367/3233
f 4436/4374/3233 4371/4376/3233 4372/4365/3233
f 4389/4375/3233 4421/4377/3233 4422/4373/3233
f 4437/4378/3237 4371/4376/3237 4436/4374/3237
f 4389/4375/3233 4420/4379/3233 4421/4377/3233
f 4438/4380/3235 4371/4376/3235 4437/4378/3235
f 4390/4381/3233 4420/4379/3233 4389/4375/3233
f 4438/4380/3233 4370/4382/3233 4371/4376/3233
f 4390/4381/3233 4419/4383/3233 4420/4379/3233
f 4439/4384/3233 4370/4382/3233 4438/4380/3233
f 4390/4381/3233 4418/4385/3233 4419/4383/3233
f 4440/4386/3237 4370/4382/3237 4439/4384/3237
f 4391/4387/3233 4418/4385/3233 4390/4381/3233
f 4391/4387/3233 4417/4388/3233 4418/4385/3233
f 4440/4386/3233 4369/4389/3233 4370/4382/3233
f 4441/4390/3233 4369/4389/3233 4440/4386/3233
f 4391/4387/3233 4441/4390/3233 4417/4388/3233
f 4391/4387/3233 4369/4389/3233 4441/4390/3233
f 4392/4391/3233 4369/4389/3233 4391/4387/3233
f 4392/4391/3233 4368/4392/3233 4369/4389/3233
f 4393/4393/3233 4367/4394/3233 4392/4391/3233
f 4367/4394/3235 4368/4392/3235 4392/4391/3235
f 4393/4393/3233 4366/4395/3233 4367/4394/3233
f 4394/4396/3233 4366/4395/3233 4393/4393/3233
f 4394/4396/3233 4365/4397/3233 4366/4395/3233
f 4394/4396/3233 4364/4398/3233 4365/4397/3233
f 4395/4399/3233 4364/4398/3233 4394/4396/3233
f 4395/4399/3233 4363/4400/3233 4364/4398/3233
f 4396/4401/3233 4363/4400/3233 4395/4399/3233
f 4396/4401/3233 4362/4402/3233 4363/4400/3233
f 4344/4403/3233 4416/4404/3233 4343/4405/3233
f 4396/4401/3233 4361/4406/3233 4362/4402/3233
f 4345/4407/3233 4416/4404/3233 4344/4403/3233
f 4346/4408/3233 4416/4404/3233 4345/4407/3233
f 4397/4409/3233 4361/4406/3233 4396/4401/3233
f 4397/4409/3233 4360/4410/3233 4361/4406/3233
f 4347/4411/3233 4416/4404/3233 4346/4408/3233
f 4348/4412/3233 4416/4404/3233 4347/4411/3233
f 4397/4409/3233 4359/4413/3233 4360/4410/3233
f 4349/4414/3233 4416/4404/3233 4348/4412/3233
f 4397/4409/3235 4358/4415/3235 4359/4413/3235
f 4350/4416/3233 4416/4404/3233 4349/4414/3233
f 4398/4417/3233 4358/4415/3233 4397/4409/3233
f 4351/4418/3233 4416/4404/3233 4350/4416/3233
f 4398/4417/3233 4357/4419/3233 4358/4415/3233
f 4352/4420/3237 4416/4404/3237 4351/4418/3237
f 4398/4417/3237 4356/4421/3237 4357/4419/3237
f 4353/4422/3233 4416/4404/3233 4352/4420/3233
f 4354/4423/3233 4416/4404/3233 4353/4422/3233
f 4398/4417/3233 4355/4424/3233 4356/4421/3233
f 4355/4424/3233 4416/4404/3233 4354/4423/3233
f 4398/4417/3233 4416/4404/3233 4355/4424/3233
f 4399/4425/3233 4416/4404/3233 4398/4417/3233
f 4399/4425/3233 4415/4426/3233 4416/4404/3233
f 4400/4427/3233 4415/4426/3233 4399/4425/3233
f 4400/4427/3233 4414/4428/3233 4415/4426/3233
f 4400/4427/3237 4413/4429/3237 4414/4428/3237
f 4401/4430/3233 4413/4429/3233 4400/4427/3233
f 4401/4430/3237 4412/4431/3237 4413/4429/3237
f 4401/4430/3233 4411/4432/3233 4412/4431/3233
f 4402/4433/3233 4411/4432/3233 4401/4430/3233
f 4402/4433/3237 4410/4434/3237 4411/4432/3237
f 4402/4433/3235 4409/4435/3235 4410/4434/3235
f 4403/4436/3233 4409/4435/3233 4402/4433/3233
f 4403/4436/3234 4408/4437/3234 4409/4435/3234
f 4403/4436/3241 4407/4438/3241 4408/4437/3241
f 4403/4436/3235 4406/4439/3235 4407/4438/3235
f 4404/4440/3233 4406/4439/3233 4403/4436/3233
f 4404/4440/3251 4405/4441/3251 4406/4439/3251
f 4442/4442/3233 4469/4443/3233 4468/4444/3233
f 4469/4443/3233 4467/4445/3233 4468/4444/3233
f 4469/4443/3233 4466/4446/3233 4467/4445/3233
f 4469/4443/3233 4465/4447/3233 4466/4446/3233
f 4469/4443/3233 4464/4448/3233 4465/4447/3233
f 4469/4443/3233 4463/4449/3233 4464/4448/3233
f 4469/4443/3233 4462/4450/3233 4463/4449/3233
f 4469/4443/3237 4470/4451/3237 4462/4450/3237
f 4470/4451/3233 4471/4452/3233 4462/4450/3233
f 4471/4452/3233 4461/4453/3233 4462/4450/3233
f 4442/4442/3233 4495/4454/3233 4469/4443/3233
f 4472/4455/3233 4461/4453/3233 4471/4452/3233
f 4473/4456/3233 4461/4453/3233 4472/4455/3233
f 4474/4457/3233 4461/4453/3233 4473/4456/3233
f 4474/4457/3233 4460/4458/3233 4461/4453/3233
f 4475/4459/3233 4460/4458/3233 4474/4457/3233
f 4476/4460/3233 4460/4458/3233 4475/4459/3233
f 4476/4460/3233 4459/4461/3233 4460/4458/3233
f 4477/4462/3233 4459/4461/3233 4476/4460/3233
f 4477/4462/3233 4458/4463/3233 4459/4461/3233
f 4478/4464/3233 4458/4463/3233 4477/4462/3233
f 4479/4465/3233 4458/4463/3233 4478/4464/3233
f 4479/4465/3233 4457/4466/3233 4458/4463/3233
f 4480/4467/3233 4457/4466/3233 4479/4465/3233
f 4480/4467/3233 4456/4468/3233 4457/4466/3233
f 4481/4469/3233 4456/4468/3233 4480/4467/3233
f 4481/4469/3233 4455/4470/3233 4456/4468/3233
f 4482/4471/3233 4455/4470/3233 4481/4469/3233
f 4483/4472/3233 4455/4470/3233 4482/4471/3233
f 4483/4472/3233 4454/4473/3233 4455/4470/3233
f 4484/4474/3233 4454/4473/3233 4483/4472/3233
f 4484/4474/3233 4453/4475/3233 4454/4473/3233
f 4485/4476/3233 4453/4475/3233 4484/4474/3233
f 4486/4477/3233 4453/4475/3233 4485/4476/3233
f 4486/4477/3233 4452/4478/3233 4453/4475/3233
f 4487/4479/3233 4452/4478/3233 4486/4477/3233
f 4487/4479/3233 4451/4480/3233 4452/4478/3233
f 4488/4481/3233 4451/4480/3233 4487/4479/3233
f 4489/4482/3233 4451/4480/3233 4488/4481/3233
f 4489/4482/3233 4450/4483/3233 4451/4480/3233
f 4490/4484/3233 4450/4483/3233 4489/4482/3233
f 4490/4484/3233 4449/4485/3233 4450/4483/3233
f 4491/4486/3233 4449/4485/3233 4490/4484/3233
f 4492/4487/3235 4449/4485/3235 4491/4486/3235
f 4492/4487/3233 4448/4488/3233 4449/4485/3233
f 4493/4489/3233 4448/4488/3233 4492/4487/3233
f 4494/4490/3233 4448/4488/3233 4493/4489/3233
f 4442/4442/3233 4494/4490/3233 4495/4454/3233
f 4442/4442/3233 4448/4488/3233 4494/4490/3233
f 4442/4442/3233 4447/4491/3233 4448/4488/3233
f 4442/4442/3233 4446/4492/3233 4447/4491/3233
f 4442/4442/3233 4445/4493/3233 4446/4492/3233
f 4442/4442/3233 4444/4494/3233 4445/4493/3233
f 4442/4442/3237 4443/4495/3237 4444/4494/3237
